"../../../Engine/Plugins/2D/Paper2D/Content/PlaceholderTextures/DummySpriteTexture.ubulk" 0
"../../../Engine/Plugins/2D/Paper2D/Content/PlaceholderTextures/DummySpriteTexture.uasset" 1
"../../../Engine/Plugins/2D/Paper2D/Content/PlaceholderTextures/DummySpriteTexture.uexp" 2
"../../../Engine/Plugins/2D/Paper2D/Content/DummySprite.uasset" 3
"../../../Engine/Plugins/2D/Paper2D/Content/DummySprite.uexp" 4
"../../../Engine/Plugins/2D/Paper2D/Content/DefaultPaperTerrainMaterial.uasset" 5
"../../../Engine/Plugins/2D/Paper2D/Content/DefaultPaperTerrainMaterial.uexp" 6
"D:/UEProjects/MO57/Plugins/MOFramework/Content/MOBS/BT_Predator.uasset" 7
"D:/UEProjects/MO57/Plugins/MOFramework/Content/MOBS/BT_Predator.uexp" 8
"D:/UEProjects/MO57/Plugins/MOFramework/Content/MOBS/BB_Creature.uasset" 9
"D:/UEProjects/MO57/Plugins/MOFramework/Content/MOBS/BB_Creature.uexp" 10
"D:/UEProjects/MO57/Plugins/MOFramework/Content/MOBS/BT_Prey.uasset" 11
"D:/UEProjects/MO57/Plugins/MOFramework/Content/MOBS/BT_Prey.uexp" 12
"D:/UEProjects/MO57/Plugins/Voxel/Content/Default/DefaultStack.uasset" 13
"D:/UEProjects/MO57/Plugins/Voxel/Content/Default/DefaultStack.uexp" 14
"../../../Engine/Content/EngineMaterials/DefaultDestructiblePhysicalMaterial.uasset" 15
"../../../Engine/Content/EngineMaterials/DefaultDestructiblePhysicalMaterial.uexp" 16
"../../../Engine/Content/EngineMaterials/DefaultPhysicalMaterial.uasset" 17
"../../../Engine/Content/EngineMaterials/DefaultPhysicalMaterial.uexp" 18
"../../../Engine/Plugins/Experimental/Water/Content/Waves/GerstnerWaves_Lake.uasset" 19
"../../../Engine/Plugins/Experimental/Water/Content/Waves/GerstnerWaves_Lake.uexp" 20
"../../../Engine/Plugins/Experimental/Water/Content/Waves/GerstnerWaves_Ocean.uasset" 21
"../../../Engine/Plugins/Experimental/Water/Content/Waves/GerstnerWaves_Ocean.uexp" 22
"../../../Engine/Plugins/Interchange/Runtime/Content/Pipelines/DefaultGLTFSceneAssetsPipeline.uasset" 23
"../../../Engine/Plugins/Interchange/Runtime/Content/Pipelines/DefaultGLTFSceneAssetsPipeline.uexp" 24
"../../../Engine/Plugins/Interchange/Runtime/Content/Pipelines/DefaultMaterialPipeline.uasset" 25
"../../../Engine/Plugins/Interchange/Runtime/Content/Pipelines/DefaultMaterialPipeline.uexp" 26
"../../../Engine/Plugins/Interchange/Runtime/Content/Pipelines/DefaultAssetsPipeline.uasset" 27
"../../../Engine/Plugins/Interchange/Runtime/Content/Pipelines/DefaultAssetsPipeline.uexp" 28
"../../../Engine/Plugins/Interchange/Runtime/Content/Pipelines/DefaultAudioPipeline.uasset" 29
"../../../Engine/Plugins/Interchange/Runtime/Content/Pipelines/DefaultAudioPipeline.uexp" 30
"../../../Engine/Plugins/Interchange/Runtime/Content/Pipelines/DefaultGLTFAssetsPipeline.uasset" 31
"../../../Engine/Plugins/Interchange/Runtime/Content/Pipelines/DefaultGLTFAssetsPipeline.uexp" 32
"../../../Engine/Plugins/Interchange/Runtime/Content/Pipelines/DefaultGLTFPipeline.uasset" 33
"../../../Engine/Plugins/Interchange/Runtime/Content/Pipelines/DefaultGLTFPipeline.uexp" 34
"../../../Engine/Plugins/MetaHuman/MetaHumanCharacter/Content/Animation/Retargeting/IK_MH_IKRig.uasset" 35
"../../../Engine/Plugins/MetaHuman/MetaHumanCharacter/Content/Animation/Retargeting/IK_MH_IKRig.uexp" 36
"../../../Engine/Plugins/MetaHuman/MetaHumanCharacter/Content/Animation/Retargeting/RTG_MH_IKRig.uasset" 37
"../../../Engine/Plugins/MetaHuman/MetaHumanCharacter/Content/Animation/Retargeting/RTG_MH_IKRig.uexp" 38
"D:/UEProjects/MO57/Plugins/MOFramework/Content/Characters/MetaHumans/Animations/IK_AutoGeneratedSource.uasset" 39
"D:/UEProjects/MO57/Plugins/MOFramework/Content/Characters/MetaHumans/Animations/IK_AutoGeneratedSource.uexp" 40
"D:/UEProjects/MO57/Plugins/MOFramework/Content/Characters/MetaHumans/Animations/IK_AutoGeneratedTarget.uasset" 41
"D:/UEProjects/MO57/Plugins/MOFramework/Content/Characters/MetaHumans/Animations/IK_AutoGeneratedTarget.uexp" 42
"D:/UEProjects/MO57/Plugins/MOFramework/Content/Characters/MetaHumans/Animations/RTG_AutoGenerated.uasset" 43
"D:/UEProjects/MO57/Plugins/MOFramework/Content/Characters/MetaHumans/Animations/RTG_AutoGenerated.uexp" 44
"../../../Engine/Content/EngineMaterials/BlendFunc_DefBase.uasset" 45
"../../../Engine/Content/EngineMaterials/BlendFunc_DefBase.uexp" 46
"../../../Engine/Content/EngineMaterials/BlendFunc_DefBlend.uasset" 47
"../../../Engine/Content/EngineMaterials/BlendFunc_DefBlend.uexp" 48
"../../../Engine/Content/Functions/Engine_MaterialFunctions02/Texturing/CustomRotator.uasset" 49
"../../../Engine/Content/Functions/Engine_MaterialFunctions02/Texturing/CustomRotator.uexp" 50
"../../../Engine/Content/Functions/Engine_MaterialFunctions01/Texturing/FlattenNormal.uasset" 51
"../../../Engine/Content/Functions/Engine_MaterialFunctions01/Texturing/FlattenNormal.uexp" 52
"../../../Engine/Plugins/Fab/Content/MaterialFunctions/QMF_GenerateBranchMask_Plants.uasset" 53
"../../../Engine/Plugins/Fab/Content/MaterialFunctions/QMF_GenerateBranchMask_Plants.uexp" 54
"../../../Engine/Content/Functions/Engine_MaterialFunctions03/Blends/Blend_Overlay.uasset" 55
"../../../Engine/Content/Functions/Engine_MaterialFunctions03/Blends/Blend_Overlay.uexp" 56
"../../../Engine/Plugins/Fab/Content/MaterialFunctions/QMF_AdjustTwoSidedBaseColor.uasset" 57
"../../../Engine/Plugins/Fab/Content/MaterialFunctions/QMF_AdjustTwoSidedBaseColor.uexp" 58
"../../../Engine/Plugins/Fab/Content/MaterialFunctions/QMF_AdjustTwoSidedNormal.uasset" 59
"../../../Engine/Plugins/Fab/Content/MaterialFunctions/QMF_AdjustTwoSidedNormal.uexp" 60
"../../../Engine/Plugins/Fab/Content/MaterialFunctions/QMF_DistanceBasedGradient.uasset" 61
"../../../Engine/Plugins/Fab/Content/MaterialFunctions/QMF_DistanceBasedGradient.uexp" 62
"../../../Engine/Plugins/Fab/Content/MaterialFunctions/QMF_DistanceBasedOpacity.uasset" 63
"../../../Engine/Plugins/Fab/Content/MaterialFunctions/QMF_DistanceBasedOpacity.uexp" 64
"../../../Engine/Plugins/Fab/Content/MaterialFunctions/QMF_GenerateTranslucency.uasset" 65
"../../../Engine/Plugins/Fab/Content/MaterialFunctions/QMF_GenerateTranslucency.uexp" 66
"../../../Engine/Plugins/Fab/Content/MaterialFunctions/QMF_GenerateTwoSidedSpecular.uasset" 67
"../../../Engine/Plugins/Fab/Content/MaterialFunctions/QMF_GenerateTwoSidedSpecular.uexp" 68
"../../../Engine/Plugins/Fab/Content/MaterialFunctions/QMF_PerInstanceActorRandom.uasset" 69
"../../../Engine/Plugins/Fab/Content/MaterialFunctions/QMF_PerInstanceActorRandom.uexp" 70
"../../../Engine/Plugins/Fab/Content/MaterialFunctions/QMF_GrowthEffect.uasset" 71
"../../../Engine/Plugins/Fab/Content/MaterialFunctions/QMF_GrowthEffect.uexp" 72
"../../../Engine/Plugins/Fab/Content/MaterialParameterCollection/QMPC_GlobalFoliageActor.uasset" 73
"../../../Engine/Plugins/Fab/Content/MaterialParameterCollection/QMPC_GlobalFoliageActor.uexp" 74
"../../../Engine/Content/Functions/Engine_MaterialFunctions01/Gradient/LinearGradient.uasset" 75
"../../../Engine/Content/Functions/Engine_MaterialFunctions01/Gradient/LinearGradient.uexp" 76
"../../../Engine/Content/Functions/Engine_MaterialFunctions01/ImageAdjustment/3ColorBlend.uasset" 77
"../../../Engine/Content/Functions/Engine_MaterialFunctions01/ImageAdjustment/3ColorBlend.uexp" 78
"../../../Engine/Content/Functions/Engine_MaterialFunctions03/Blends/Blend_ColorBurn.uasset" 79
"../../../Engine/Content/Functions/Engine_MaterialFunctions03/Blends/Blend_ColorBurn.uexp" 80
"../../../Engine/Content/Functions/Engine_MaterialFunctions03/Blends/Blend_LinearDodge.uasset" 81
"../../../Engine/Content/Functions/Engine_MaterialFunctions03/Blends/Blend_LinearDodge.uexp" 82
"../../../Engine/Plugins/Fab/Content/MaterialFunctions/QMF_HealthSeason.uasset" 83
"../../../Engine/Plugins/Fab/Content/MaterialFunctions/QMF_HealthSeason.uexp" 84
"../../../Engine/Plugins/Fab/Content/MaterialFunctions/QMF_TwoSidedRoughness.uasset" 85
"../../../Engine/Plugins/Fab/Content/MaterialFunctions/QMF_TwoSidedRoughness.uexp" 86
"../../../Engine/Plugins/Fab/Content/Textures/Standard/T_Default_WindNoise.uasset" 87
"../../../Engine/Plugins/Fab/Content/Textures/Standard/T_Default_WindNoise.uexp" 88
"../../../Engine/Plugins/Fab/Content/MaterialFunctions/QMF_WindGust.uasset" 89
"../../../Engine/Plugins/Fab/Content/MaterialFunctions/QMF_WindGust.uexp" 90
"../../../Engine/Content/Functions/Engine_MaterialFunctions01/WorldPositionOffset/SimpleGrassWind.uasset" 91
"../../../Engine/Content/Functions/Engine_MaterialFunctions01/WorldPositionOffset/SimpleGrassWind.uexp" 92
"../../../Engine/Content/Functions/Engine_MaterialFunctions02/WorldPositionOffset/ObjectPivotPoint.uasset" 93
"../../../Engine/Content/Functions/Engine_MaterialFunctions02/WorldPositionOffset/ObjectPivotPoint.uexp" 94
"../../../Engine/Plugins/Fab/Content/MaterialFunctions/QMF_WindAnimation.uasset" 95
"../../../Engine/Plugins/Fab/Content/MaterialFunctions/QMF_WindAnimation.uexp" 96
"../../../Engine/Content/Functions/Engine_MaterialFunctions02/Lerp_3Color.uasset" 97
"../../../Engine/Content/Functions/Engine_MaterialFunctions02/Lerp_3Color.uexp" 98
"../../../Engine/Plugins/Fab/Content/MaterialFunctions/QMF_WorldspaceColorVariation.uasset" 99
"../../../Engine/Plugins/Fab/Content/MaterialFunctions/QMF_WorldspaceColorVariation.uexp" 100
"../../../Engine/Plugins/Fab/Content/Textures/Standard/T_DefaultColor.uasset" 101
"../../../Engine/Plugins/Fab/Content/Textures/Standard/T_DefaultColor.uexp" 102
"../../../Engine/Plugins/Fab/Content/Textures/Standard/T_DefaultMasks.uasset" 103
"../../../Engine/Plugins/Fab/Content/Textures/Standard/T_DefaultMasks.uexp" 104
"../../../Engine/Plugins/Fab/Content/Textures/Standard/T_DefaultNormal.uasset" 105
"../../../Engine/Plugins/Fab/Content/Textures/Standard/T_DefaultNormal.uexp" 106
"../../../Engine/Plugins/Fab/Content/Materials/Standard/M_MS_Foliage.uasset" 107
"../../../Engine/Plugins/Fab/Content/Materials/Standard/M_MS_Foliage.uexp" 108
"D:/UEProjects/MO57/Plugins/MOFramework/Content/Items/PlantFiber01/Medium/vdknafgha_tier_2/Textures/T_vdknafgha_2K_B.ubulk" 109
"D:/UEProjects/MO57/Plugins/MOFramework/Content/Items/PlantFiber01/Medium/vdknafgha_tier_2/Textures/T_vdknafgha_2K_B.uasset" 110
"D:/UEProjects/MO57/Plugins/MOFramework/Content/Items/PlantFiber01/Medium/vdknafgha_tier_2/Textures/T_vdknafgha_2K_B.uexp" 111
"D:/UEProjects/MO57/Plugins/MOFramework/Content/Items/PlantFiber01/Medium/vdknafgha_tier_2/Textures/T_vdknafgha_2K_N.ubulk" 112
"D:/UEProjects/MO57/Plugins/MOFramework/Content/Items/PlantFiber01/Medium/vdknafgha_tier_2/Textures/T_vdknafgha_2K_N.uasset" 113
"D:/UEProjects/MO57/Plugins/MOFramework/Content/Items/PlantFiber01/Medium/vdknafgha_tier_2/Textures/T_vdknafgha_2K_N.uexp" 114
"D:/UEProjects/MO57/Plugins/MOFramework/Content/Items/PlantFiber01/Medium/vdknafgha_tier_2/Textures/T_vdknafgha_2K_ORT.ubulk" 115
"D:/UEProjects/MO57/Plugins/MOFramework/Content/Items/PlantFiber01/Medium/vdknafgha_tier_2/Textures/T_vdknafgha_2K_ORT.uasset" 116
"D:/UEProjects/MO57/Plugins/MOFramework/Content/Items/PlantFiber01/Medium/vdknafgha_tier_2/Textures/T_vdknafgha_2K_ORT.uexp" 117
"D:/UEProjects/MO57/Plugins/MOFramework/Content/Items/PlantFiber01/Medium/vdknafgha_tier_2/Materials/MI_vdknafgha.uasset" 118
"D:/UEProjects/MO57/Plugins/MOFramework/Content/Items/PlantFiber01/Medium/vdknafgha_tier_2/Materials/MI_vdknafgha.uexp" 119
"../../../Engine/Content/Functions/Engine_MaterialFunctions02/Utility/BreakOutFloat3Components.uasset" 120
"../../../Engine/Content/Functions/Engine_MaterialFunctions02/Utility/BreakOutFloat3Components.uexp" 121
"../../../Engine/Content/Functions/Engine_MaterialFunctions02/Math/Transform3x3Matrix.uasset" 122
"../../../Engine/Content/Functions/Engine_MaterialFunctions02/Math/Transform3x3Matrix.uexp" 123
"../../../Engine/Content/Functions/Engine_MaterialFunctions02/Utility/VectorToRadialValue.uasset" 124
"../../../Engine/Content/Functions/Engine_MaterialFunctions02/Utility/VectorToRadialValue.uexp" 125
"../../../Engine/Content/ArtTools/RenderToTexture/MaterialFunctions/FoliageZRotation.uasset" 126
"../../../Engine/Content/ArtTools/RenderToTexture/MaterialFunctions/FoliageZRotation.uexp" 127
"../../../Engine/Plugins/Fab/Content/Materials/Standard/M_MS_Billboard.uasset" 128
"../../../Engine/Plugins/Fab/Content/Materials/Standard/M_MS_Billboard.uexp" 129
"D:/UEProjects/MO57/Plugins/MOFramework/Content/Items/PlantFiber01/Medium/vdknafgha_tier_2/Textures/T_vdknafgha_2K_Billboard_B-O.ubulk" 130
"D:/UEProjects/MO57/Plugins/MOFramework/Content/Items/PlantFiber01/Medium/vdknafgha_tier_2/Textures/T_vdknafgha_2K_Billboard_B-O.uasset" 131
"D:/UEProjects/MO57/Plugins/MOFramework/Content/Items/PlantFiber01/Medium/vdknafgha_tier_2/Textures/T_vdknafgha_2K_Billboard_B-O.uexp" 132
"D:/UEProjects/MO57/Plugins/MOFramework/Content/Items/PlantFiber01/Medium/vdknafgha_tier_2/Textures/T_vdknafgha_2K_Billboard_N-T.ubulk" 133
"D:/UEProjects/MO57/Plugins/MOFramework/Content/Items/PlantFiber01/Medium/vdknafgha_tier_2/Textures/T_vdknafgha_2K_Billboard_N-T.uasset" 134
"D:/UEProjects/MO57/Plugins/MOFramework/Content/Items/PlantFiber01/Medium/vdknafgha_tier_2/Textures/T_vdknafgha_2K_Billboard_N-T.uexp" 135
"D:/UEProjects/MO57/Plugins/MOFramework/Content/Items/PlantFiber01/Medium/vdknafgha_tier_2/Materials/MI_vdknafgha_Billboard.uasset" 136
"D:/UEProjects/MO57/Plugins/MOFramework/Content/Items/PlantFiber01/Medium/vdknafgha_tier_2/Materials/MI_vdknafgha_Billboard.uexp" 137
"D:/UEProjects/MO57/Plugins/MOFramework/Content/Items/PlantFiber01/Medium/vdknafgha_tier_2/StaticMeshes/SM_vdknafgha_VarA.ubulk" 138
"D:/UEProjects/MO57/Plugins/MOFramework/Content/Items/PlantFiber01/Medium/vdknafgha_tier_2/StaticMeshes/SM_vdknafgha_VarA.uasset" 139
"D:/UEProjects/MO57/Plugins/MOFramework/Content/Items/PlantFiber01/Medium/vdknafgha_tier_2/StaticMeshes/SM_vdknafgha_VarA.uexp" 140
"D:/UEProjects/MO57/Plugins/MOFramework/Content/Items/PlantFiber01/Medium/FoliageTypes/FT_vdknafgha_VarA.uasset" 141
"D:/UEProjects/MO57/Plugins/MOFramework/Content/Items/PlantFiber01/Medium/FoliageTypes/FT_vdknafgha_VarA.uexp" 142
"D:/UEProjects/MO57/Plugins/MOFramework/Content/Items/PlantFiber01/Medium/vdknafgha_tier_2/StaticMeshes/SM_vdknafgha_VarB.ubulk" 143
"D:/UEProjects/MO57/Plugins/MOFramework/Content/Items/PlantFiber01/Medium/vdknafgha_tier_2/StaticMeshes/SM_vdknafgha_VarB.uasset" 144
"D:/UEProjects/MO57/Plugins/MOFramework/Content/Items/PlantFiber01/Medium/vdknafgha_tier_2/StaticMeshes/SM_vdknafgha_VarB.uexp" 145
"D:/UEProjects/MO57/Plugins/MOFramework/Content/Items/PlantFiber01/Medium/FoliageTypes/FT_vdknafgha_VarB.uasset" 146
"D:/UEProjects/MO57/Plugins/MOFramework/Content/Items/PlantFiber01/Medium/FoliageTypes/FT_vdknafgha_VarB.uexp" 147
"D:/UEProjects/MO57/Plugins/MOFramework/Content/Items/PlantFiber01/Medium/vdknafgha_tier_2/StaticMeshes/SM_vdknafgha_VarC.ubulk" 148
"D:/UEProjects/MO57/Plugins/MOFramework/Content/Items/PlantFiber01/Medium/vdknafgha_tier_2/StaticMeshes/SM_vdknafgha_VarC.uasset" 149
"D:/UEProjects/MO57/Plugins/MOFramework/Content/Items/PlantFiber01/Medium/vdknafgha_tier_2/StaticMeshes/SM_vdknafgha_VarC.uexp" 150
"D:/UEProjects/MO57/Plugins/MOFramework/Content/Items/PlantFiber01/Medium/FoliageTypes/FT_vdknafgha_VarC.uasset" 151
"D:/UEProjects/MO57/Plugins/MOFramework/Content/Items/PlantFiber01/Medium/FoliageTypes/FT_vdknafgha_VarC.uexp" 152
"D:/UEProjects/MO57/Plugins/MOFramework/Content/Items/PlantFiber01/Medium/vdknafgha_tier_2/StaticMeshes/SM_vdknafgha_VarD.ubulk" 153
"D:/UEProjects/MO57/Plugins/MOFramework/Content/Items/PlantFiber01/Medium/vdknafgha_tier_2/StaticMeshes/SM_vdknafgha_VarD.uasset" 154
"D:/UEProjects/MO57/Plugins/MOFramework/Content/Items/PlantFiber01/Medium/vdknafgha_tier_2/StaticMeshes/SM_vdknafgha_VarD.uexp" 155
"D:/UEProjects/MO57/Plugins/MOFramework/Content/Items/PlantFiber01/Medium/FoliageTypes/FT_vdknafgha_VarD.uasset" 156
"D:/UEProjects/MO57/Plugins/MOFramework/Content/Items/PlantFiber01/Medium/FoliageTypes/FT_vdknafgha_VarD.uexp" 157
"D:/UEProjects/MO57/Plugins/MOFramework/Content/Items/PlantFiber01/Medium/vdknafgha_tier_2/StaticMeshes/SM_vdknafgha_VarE.ubulk" 158
"D:/UEProjects/MO57/Plugins/MOFramework/Content/Items/PlantFiber01/Medium/vdknafgha_tier_2/StaticMeshes/SM_vdknafgha_VarE.uasset" 159
"D:/UEProjects/MO57/Plugins/MOFramework/Content/Items/PlantFiber01/Medium/vdknafgha_tier_2/StaticMeshes/SM_vdknafgha_VarE.uexp" 160
"D:/UEProjects/MO57/Plugins/MOFramework/Content/Items/PlantFiber01/Medium/FoliageTypes/FT_vdknafgha_VarE.uasset" 161
"D:/UEProjects/MO57/Plugins/MOFramework/Content/Items/PlantFiber01/Medium/FoliageTypes/FT_vdknafgha_VarE.uexp" 162
"D:/UEProjects/MO57/Plugins/MOFramework/Content/Items/PlantFiber01/Medium/vdknafgha_tier_2/StaticMeshes/SM_vdknafgha_VarF.ubulk" 163
"D:/UEProjects/MO57/Plugins/MOFramework/Content/Items/PlantFiber01/Medium/vdknafgha_tier_2/StaticMeshes/SM_vdknafgha_VarF.uasset" 164
"D:/UEProjects/MO57/Plugins/MOFramework/Content/Items/PlantFiber01/Medium/vdknafgha_tier_2/StaticMeshes/SM_vdknafgha_VarF.uexp" 165
"D:/UEProjects/MO57/Plugins/MOFramework/Content/Items/PlantFiber01/Medium/FoliageTypes/FT_vdknafgha_VarF.uasset" 166
"D:/UEProjects/MO57/Plugins/MOFramework/Content/Items/PlantFiber01/Medium/FoliageTypes/FT_vdknafgha_VarF.uexp" 167
"D:/UEProjects/MO57/Plugins/MOFramework/Content/Items/PlantFiber01/Medium/vdknafgha_tier_2/StaticMeshes/SM_vdknafgha_VarG.ubulk" 168
"D:/UEProjects/MO57/Plugins/MOFramework/Content/Items/PlantFiber01/Medium/vdknafgha_tier_2/StaticMeshes/SM_vdknafgha_VarG.uasset" 169
"D:/UEProjects/MO57/Plugins/MOFramework/Content/Items/PlantFiber01/Medium/vdknafgha_tier_2/StaticMeshes/SM_vdknafgha_VarG.uexp" 170
"D:/UEProjects/MO57/Plugins/MOFramework/Content/Items/PlantFiber01/Medium/FoliageTypes/FT_vdknafgha_VarG.uasset" 171
"D:/UEProjects/MO57/Plugins/MOFramework/Content/Items/PlantFiber01/Medium/FoliageTypes/FT_vdknafgha_VarG.uexp" 172
"D:/UEProjects/MO57/Plugins/MOFramework/Content/Items/PlantFiber01/Medium/vdknafgha_tier_2/StaticMeshes/SM_vdknafgha_VarH.ubulk" 173
"D:/UEProjects/MO57/Plugins/MOFramework/Content/Items/PlantFiber01/Medium/vdknafgha_tier_2/StaticMeshes/SM_vdknafgha_VarH.uasset" 174
"D:/UEProjects/MO57/Plugins/MOFramework/Content/Items/PlantFiber01/Medium/vdknafgha_tier_2/StaticMeshes/SM_vdknafgha_VarH.uexp" 175
"D:/UEProjects/MO57/Plugins/MOFramework/Content/Items/PlantFiber01/Medium/FoliageTypes/FT_vdknafgha_VarH.uasset" 176
"D:/UEProjects/MO57/Plugins/MOFramework/Content/Items/PlantFiber01/Medium/FoliageTypes/FT_vdknafgha_VarH.uexp" 177
"D:/UEProjects/MO57/Plugins/MOFramework/Content/BP_BuildableBase.uasset" 178
"D:/UEProjects/MO57/Plugins/MOFramework/Content/BP_BuildableBase.uexp" 179
"../../../Engine/Content/VREditor/Sounds/UI/Click_on_Button.ubulk" 180
"../../../Engine/Content/VREditor/Sounds/UI/Click_on_Button.uasset" 181
"../../../Engine/Content/VREditor/Sounds/UI/Click_on_Button.uexp" 182
"../../../Engine/Content/EngineFonts/Faces/DroidSansFallback.uexp" 183
"../../../Engine/Content/EngineFonts/Faces/DroidSansFallback.uasset" 184
"../../../Engine/Content/EngineFonts/Faces/DroidSansFallback.ufont" 185
"../../../Engine/Content/EngineFonts/Faces/RobotoBold.uexp" 186
"../../../Engine/Content/EngineFonts/Faces/RobotoBold.uasset" 187
"../../../Engine/Content/EngineFonts/Faces/RobotoBold.ufont" 188
"../../../Engine/Content/EngineFonts/Faces/RobotoBoldItalic.uexp" 189
"../../../Engine/Content/EngineFonts/Faces/RobotoBoldItalic.uasset" 190
"../../../Engine/Content/EngineFonts/Faces/RobotoBoldItalic.ufont" 191
"../../../Engine/Content/EngineFonts/Faces/RobotoItalic.uexp" 192
"../../../Engine/Content/EngineFonts/Faces/RobotoItalic.uasset" 193
"../../../Engine/Content/EngineFonts/Faces/RobotoItalic.ufont" 194
"../../../Engine/Content/EngineFonts/Faces/RobotoLight.uexp" 195
"../../../Engine/Content/EngineFonts/Faces/RobotoLight.uasset" 196
"../../../Engine/Content/EngineFonts/Faces/RobotoLight.ufont" 197
"../../../Engine/Content/EngineFonts/Faces/RobotoRegular.uexp" 198
"../../../Engine/Content/EngineFonts/Faces/RobotoRegular.uasset" 199
"../../../Engine/Content/EngineFonts/Faces/RobotoRegular.ufont" 200
"../../../Engine/Content/EngineFonts/Roboto.uasset" 201
"../../../Engine/Content/EngineFonts/Roboto.uexp" 202
"D:/UEProjects/MO57/Plugins/MOFramework/Content/UI/MOCommonButtonTextStyle.uasset" 203
"D:/UEProjects/MO57/Plugins/MOFramework/Content/UI/MOCommonButtonTextStyle.uexp" 204
"D:/UEProjects/MO57/Plugins/MOFramework/Content/UI/MOCommonButtonStyle.uasset" 205
"D:/UEProjects/MO57/Plugins/MOFramework/Content/UI/MOCommonButtonStyle.uexp" 206
"D:/UEProjects/MO57/Plugins/MOFramework/Content/UI/WBP_MOCommonButton.uasset" 207
"D:/UEProjects/MO57/Plugins/MOFramework/Content/UI/WBP_MOCommonButton.uexp" 208
"D:/UEProjects/MO57/Plugins/MOFramework/Content/UI/CraftingSystem/WBP_CraftQueueEntry.uasset" 209
"D:/UEProjects/MO57/Plugins/MOFramework/Content/UI/CraftingSystem/WBP_CraftQueueEntry.uexp" 210
"D:/UEProjects/MO57/Plugins/MOFramework/Content/BP_PCGWorldActor.uasset" 211
"D:/UEProjects/MO57/Plugins/MOFramework/Content/BP_PCGWorldActor.uexp" 212
"../../../Engine/Content/ArtTools/RenderToTexture/Textures/127grey.uasset" 213
"../../../Engine/Content/ArtTools/RenderToTexture/Textures/127grey.uexp" 214
"D:/UEProjects/MO57/Plugins/MOFramework/Content/UI/WBP_DragVisual.uasset" 215
"D:/UEProjects/MO57/Plugins/MOFramework/Content/UI/WBP_DragVisual.uexp" 216
"../../../Engine/Plugins/2D/Paper2D/Content/DefaultSpriteMaterial.uasset" 217
"../../../Engine/Plugins/2D/Paper2D/Content/DefaultSpriteMaterial.uexp" 218
"../../../Engine/Plugins/2D/Paper2D/Content/MaskedUnlitSpriteMaterial.uasset" 219
"../../../Engine/Plugins/2D/Paper2D/Content/MaskedUnlitSpriteMaterial.uexp" 220
"D:/UEProjects/MO57/Plugins/MOFramework/Content/ComponentBPs/BP_ItemInteractableComponent.uasset" 221
"D:/UEProjects/MO57/Plugins/MOFramework/Content/ComponentBPs/BP_ItemInteractableComponent.uexp" 222
"../../../Engine/Plugins/2D/Paper2D/Content/OpaqueUnlitSpriteMaterial.uasset" 223
"../../../Engine/Plugins/2D/Paper2D/Content/OpaqueUnlitSpriteMaterial.uexp" 224
"D:/UEProjects/MO57/Plugins/MOFramework/Content/BP_CraftingStationBase.uasset" 225
"D:/UEProjects/MO57/Plugins/MOFramework/Content/BP_CraftingStationBase.uexp" 226
"../../../Engine/Plugins/Fab/Content/MaterialFunctions/QMF_AOAdjustments.uasset" 227
"../../../Engine/Plugins/Fab/Content/MaterialFunctions/QMF_AOAdjustments.uexp" 228
"../../../Engine/Plugins/Fab/Content/MaterialFunctions/QMF_BaseColorAdjustments.uasset" 229
"../../../Engine/Plugins/Fab/Content/MaterialFunctions/QMF_BaseColorAdjustments.uexp" 230
"../../../Engine/Plugins/Fab/Content/MaterialFunctions/QMF_NormalAdjustments.uasset" 231
"../../../Engine/Plugins/Fab/Content/MaterialFunctions/QMF_NormalAdjustments.uexp" 232
"../../../Engine/Plugins/Fab/Content/MaterialFunctions/QMF_RoughnessAdjustments.uasset" 233
"../../../Engine/Plugins/Fab/Content/MaterialFunctions/QMF_RoughnessAdjustments.uexp" 234
"../../../Engine/Plugins/Fab/Content/Textures/Standard/T_DefaultDisplacement.uasset" 235
"../../../Engine/Plugins/Fab/Content/Textures/Standard/T_DefaultDisplacement.uexp" 236
"../../../Engine/Plugins/Fab/Content/Materials/Standard/M_MS_Base.uasset" 237
"../../../Engine/Plugins/Fab/Content/Materials/Standard/M_MS_Base.uexp" 238
"D:/UEProjects/MO57/Content/Fab/Megascans/3D/Canyon_Sandstone_Campfire_ulqteek/Medium/ulqteek_tier_2/Textures/T_ulqteek_2K_B.ubulk" 239
"D:/UEProjects/MO57/Content/Fab/Megascans/3D/Canyon_Sandstone_Campfire_ulqteek/Medium/ulqteek_tier_2/Textures/T_ulqteek_2K_B.uasset" 240
"D:/UEProjects/MO57/Content/Fab/Megascans/3D/Canyon_Sandstone_Campfire_ulqteek/Medium/ulqteek_tier_2/Textures/T_ulqteek_2K_B.uexp" 241
"D:/UEProjects/MO57/Content/Fab/Megascans/3D/Canyon_Sandstone_Campfire_ulqteek/Medium/ulqteek_tier_2/Textures/T_ulqteek_2K_N.ubulk" 242
"D:/UEProjects/MO57/Content/Fab/Megascans/3D/Canyon_Sandstone_Campfire_ulqteek/Medium/ulqteek_tier_2/Textures/T_ulqteek_2K_N.uasset" 243
"D:/UEProjects/MO57/Content/Fab/Megascans/3D/Canyon_Sandstone_Campfire_ulqteek/Medium/ulqteek_tier_2/Textures/T_ulqteek_2K_N.uexp" 244
"D:/UEProjects/MO57/Content/Fab/Megascans/3D/Canyon_Sandstone_Campfire_ulqteek/Medium/ulqteek_tier_2/Textures/T_ulqteek_2K_ORM.ubulk" 245
"D:/UEProjects/MO57/Content/Fab/Megascans/3D/Canyon_Sandstone_Campfire_ulqteek/Medium/ulqteek_tier_2/Textures/T_ulqteek_2K_ORM.uasset" 246
"D:/UEProjects/MO57/Content/Fab/Megascans/3D/Canyon_Sandstone_Campfire_ulqteek/Medium/ulqteek_tier_2/Textures/T_ulqteek_2K_ORM.uexp" 247
"D:/UEProjects/MO57/Content/Fab/Megascans/3D/Canyon_Sandstone_Campfire_ulqteek/Medium/ulqteek_tier_2/Materials/MI_ulqteek.uasset" 248
"D:/UEProjects/MO57/Content/Fab/Megascans/3D/Canyon_Sandstone_Campfire_ulqteek/Medium/ulqteek_tier_2/Materials/MI_ulqteek.uexp" 249
"D:/UEProjects/MO57/Content/Fab/Megascans/3D/Canyon_Sandstone_Campfire_ulqteek/Medium/ulqteek_tier_2/StaticMeshes/ulqteek_tier_2.ubulk" 250
"D:/UEProjects/MO57/Content/Fab/Megascans/3D/Canyon_Sandstone_Campfire_ulqteek/Medium/ulqteek_tier_2/StaticMeshes/ulqteek_tier_2.uasset" 251
"D:/UEProjects/MO57/Content/Fab/Megascans/3D/Canyon_Sandstone_Campfire_ulqteek/Medium/ulqteek_tier_2/StaticMeshes/ulqteek_tier_2.uexp" 252
"../../../Engine/Plugins/FX/Niagara/Content/Enums/ENiagaraChannelCorrelation.uasset" 253
"../../../Engine/Plugins/FX/Niagara/Content/Enums/ENiagaraChannelCorrelation.uexp" 254
"../../../Engine/Plugins/FX/Niagara/Content/Enums/ENiagaraEmitterLifeCycleMode.uasset" 255
"../../../Engine/Plugins/FX/Niagara/Content/Enums/ENiagaraEmitterLifeCycleMode.uexp" 256
"../../../Engine/Plugins/FX/Niagara/Content/Enums/ENiagaraEmitterScalabilityMode_Limited.uasset" 257
"../../../Engine/Plugins/FX/Niagara/Content/Enums/ENiagaraEmitterScalabilityMode_Limited.uexp" 258
"../../../Engine/Plugins/FX/Niagara/Content/Enums/ENiagaraInactiveMode.uasset" 259
"../../../Engine/Plugins/FX/Niagara/Content/Enums/ENiagaraInactiveMode.uexp" 260
"../../../Engine/Plugins/FX/Niagara/Content/Enums/ENiagaraRandomnessEvaluation.uasset" 261
"../../../Engine/Plugins/FX/Niagara/Content/Enums/ENiagaraRandomnessEvaluation.uexp" 262
"../../../Engine/Plugins/FX/Niagara/Content/Enums/ENiagaraRandomnessMode.uasset" 263
"../../../Engine/Plugins/FX/Niagara/Content/Enums/ENiagaraRandomnessMode.uexp" 264
"../../../Engine/Plugins/FX/Niagara/Content/Enums/ENiagaraShapeTorusMode.uasset" 265
"../../../Engine/Plugins/FX/Niagara/Content/Enums/ENiagaraShapeTorusMode.uexp" 266
"../../../Engine/Plugins/FX/Niagara/Content/Enums/ENiagaraSphereDistributionMode.uasset" 267
"../../../Engine/Plugins/FX/Niagara/Content/Enums/ENiagaraSphereDistributionMode.uexp" 268
"../../../Engine/Plugins/FX/Niagara/Content/Enums/ENiagaraSystemInactiveMode.uasset" 269
"../../../Engine/Plugins/FX/Niagara/Content/Enums/ENiagaraSystemInactiveMode.uexp" 270
"../../../Engine/Plugins/FX/Niagara/Content/Enums/ENiagaraTorusDistributionMode.uasset" 271
"../../../Engine/Plugins/FX/Niagara/Content/Enums/ENiagaraTorusDistributionMode.uexp" 272
"../../../Engine/Plugins/FX/Niagara/Content/Enums/ENiagara_AttributeSamplingApplyOutput.uasset" 273
"../../../Engine/Plugins/FX/Niagara/Content/Enums/ENiagara_AttributeSamplingApplyOutput.uexp" 274
"../../../Engine/Plugins/FX/Niagara/Content/Enums/ENiagara_ColorInitializationMode.uasset" 275
"../../../Engine/Plugins/FX/Niagara/Content/Enums/ENiagara_ColorInitializationMode.uexp" 276
"../../../Engine/Plugins/FX/Niagara/Content/Enums/ENiagara_EmitterStateOptions.uasset" 277
"../../../Engine/Plugins/FX/Niagara/Content/Enums/ENiagara_EmitterStateOptions.uexp" 278
"../../../Engine/Plugins/FX/Niagara/Content/Enums/ENiagara_InfiniteLoopDuration.uasset" 279
"../../../Engine/Plugins/FX/Niagara/Content/Enums/ENiagara_InfiniteLoopDuration.uexp" 280
"../../../Engine/Plugins/FX/Niagara/Content/Enums/ENiagara_LifetimeMode.uasset" 281
"../../../Engine/Plugins/FX/Niagara/Content/Enums/ENiagara_LifetimeMode.uexp" 282
"../../../Engine/Plugins/FX/Niagara/Content/Enums/ENiagara_MassInitializationMode.uasset" 283
"../../../Engine/Plugins/FX/Niagara/Content/Enums/ENiagara_MassInitializationMode.uexp" 284
"../../../Engine/Plugins/FX/Niagara/Content/Enums/ENiagara_PositionInitializationMode.uasset" 285
"../../../Engine/Plugins/FX/Niagara/Content/Enums/ENiagara_PositionInitializationMode.uexp" 286
"../../../Engine/Plugins/FX/Niagara/Content/Enums/ENiagara_SizeScaleMode.uasset" 287
"../../../Engine/Plugins/FX/Niagara/Content/Enums/ENiagara_SizeScaleMode.uexp" 288
"../../../Engine/Plugins/FX/Niagara/Content/Enums/ENiagara_SpriteRotationMode.uasset" 289
"../../../Engine/Plugins/FX/Niagara/Content/Enums/ENiagara_SpriteRotationMode.uexp" 290
"../../../Engine/Plugins/FX/Niagara/Content/Enums/ENiagara_UVFlippingMode.uasset" 291
"../../../Engine/Plugins/FX/Niagara/Content/Enums/ENiagara_UVFlippingMode.uexp" 292
"../../../Engine/Plugins/FX/Niagara/Content/Enums/Angles/ENiagara_AngleInput.uasset" 293
"../../../Engine/Plugins/FX/Niagara/Content/Enums/Angles/ENiagara_AngleInput.uexp" 294
"../../../Engine/Plugins/FX/Niagara/Content/Enums/Location/ENiagaraRingDiscMode.uasset" 295
"../../../Engine/Plugins/FX/Niagara/Content/Enums/Location/ENiagaraRingDiscMode.uexp" 296
"../../../Engine/Plugins/FX/Niagara/Content/Enums/Location/ENiagara_BoxPlaneMode.uasset" 297
"../../../Engine/Plugins/FX/Niagara/Content/Enums/Location/ENiagara_BoxPlaneMode.uexp" 298
"../../../Engine/Plugins/FX/Niagara/Content/Enums/Location/ENiagara_ConeMode.uasset" 299
"../../../Engine/Plugins/FX/Niagara/Content/Enums/Location/ENiagara_ConeMode.uexp" 300
"../../../Engine/Plugins/FX/Niagara/Content/Enums/Location/ENiagara_CylinderMode.uasset" 301
"../../../Engine/Plugins/FX/Niagara/Content/Enums/Location/ENiagara_CylinderMode.uexp" 302
"../../../Engine/Plugins/FX/Niagara/Content/Enums/Location/ENiagara_LocationShapes.uasset" 303
"../../../Engine/Plugins/FX/Niagara/Content/Enums/Location/ENiagara_LocationShapes.uexp" 304
"../../../Engine/Plugins/FX/Niagara/Content/Enums/Ribbons/ENiagara_UnsetDirectSet.uasset" 305
"../../../Engine/Plugins/FX/Niagara/Content/Enums/Ribbons/ENiagara_UnsetDirectSet.uexp" 306
"../../../Engine/Plugins/FX/Niagara/Content/Enums/Ribbons/ENiagara_UnsetDirectSetRandom.uasset" 307
"../../../Engine/Plugins/FX/Niagara/Content/Enums/Ribbons/ENiagara_UnsetDirectSetRandom.uexp" 308
"../../../Engine/Plugins/FX/Niagara/Content/Enums/Transforms/ENiagara_OffsetMode.uasset" 309
"../../../Engine/Plugins/FX/Niagara/Content/Enums/Transforms/ENiagara_OffsetMode.uexp" 310
"../../../Engine/Plugins/FX/Niagara/Content/Enums/Transforms/ENiagara_RotationMode.uasset" 311
"../../../Engine/Plugins/FX/Niagara/Content/Enums/Transforms/ENiagara_RotationMode.uexp" 312
"../../../Engine/Plugins/FX/Niagara/Content/Enums/Transforms/ENiagara_ScaleMode.uasset" 313
"../../../Engine/Plugins/FX/Niagara/Content/Enums/Transforms/ENiagara_ScaleMode.uexp" 314
"../../../Engine/Plugins/FX/Niagara/Content/Enums/Transforms/ENiagara_TransformOrder.uasset" 315
"../../../Engine/Plugins/FX/Niagara/Content/Enums/Transforms/ENiagara_TransformOrder.uexp" 316
"../../../Engine/Plugins/FX/Niagara/Content/Enums/Transforms/ENiagara_TransformType.uasset" 317
"../../../Engine/Plugins/FX/Niagara/Content/Enums/Transforms/ENiagara_TransformType.uexp" 318
"../../../Engine/Plugins/FX/Niagara/Content/Enums/Utility/ENiagara_VelocityMode.uasset" 319
"../../../Engine/Plugins/FX/Niagara/Content/Enums/Utility/ENiagara_VelocityMode.uexp" 320
"../../../Engine/Plugins/FX/Niagara/Content/Icons/Modules/T_Icon_Scalability_Emitter.uasset" 321
"../../../Engine/Plugins/FX/Niagara/Content/Icons/Modules/T_Icon_Scalability_Emitter.uexp" 322
"../../../Engine/Plugins/FX/Niagara/Content/Icons/Modules/T_Icon_Scalability_System.uasset" 323
"../../../Engine/Plugins/FX/Niagara/Content/Icons/Modules/T_Icon_Scalability_System.uexp" 324
"../../../Engine/Plugins/FX/Niagara/Content/Icons/Modules/T_Icon_Solver_LimitAccel.uasset" 325
"../../../Engine/Plugins/FX/Niagara/Content/Icons/Modules/T_Icon_Solver_LimitAccel.uexp" 326
"../../../Engine/Plugins/FX/Niagara/Content/Icons/Modules/T_Icon_Solver_LimitSpeed.uasset" 327
"../../../Engine/Plugins/FX/Niagara/Content/Icons/Modules/T_Icon_Solver_LimitSpeed.uexp" 328
"../../../Engine/Plugins/FX/Niagara/Content/Icons/Modules/T_Icon_Solver_RotationalSolve.uasset" 329
"../../../Engine/Plugins/FX/Niagara/Content/Icons/Modules/T_Icon_Solver_RotationalSolve.uexp" 330
"../../../Engine/Plugins/FX/Niagara/Content/Icons/Modules/T_Icon_Particle_InfiniteLife.uasset" 331
"../../../Engine/Plugins/FX/Niagara/Content/Icons/Modules/T_Icon_Particle_InfiniteLife.uexp" 332
"../../../Engine/Plugins/FX/Niagara/Content/Enums/ENiagaraExpansionMode.uasset" 333
"../../../Engine/Plugins/FX/Niagara/Content/Enums/ENiagaraExpansionMode.uexp" 334
"../../../Engine/Plugins/FX/Niagara/Content/Enums/ENiagaraVector3_Channels.uasset" 335
"../../../Engine/Plugins/FX/Niagara/Content/Enums/ENiagaraVector3_Channels.uexp" 336
"../../../Engine/Plugins/FX/Niagara/Content/Enums/ENiagara_SubUVLookupMode.uasset" 337
"../../../Engine/Plugins/FX/Niagara/Content/Enums/ENiagara_SubUVLookupMode.uexp" 338
"../../../Engine/Plugins/FX/Niagara/Content/Enums/SpriteRenderer/ENiagara_ScaleSpriteSize.uasset" 339
"../../../Engine/Plugins/FX/Niagara/Content/Enums/SpriteRenderer/ENiagara_ScaleSpriteSize.uexp" 340
"../../../Engine/Plugins/FX/Niagara/Content/Enums/ENiagaraMeshOrSprite.uasset" 341
"../../../Engine/Plugins/FX/Niagara/Content/Enums/ENiagaraMeshOrSprite.uexp" 342
"../../../Engine/Plugins/FX/Niagara/Content/Enums/ENiagara_SubUVLookupModeV2.uasset" 343
"../../../Engine/Plugins/FX/Niagara/Content/Enums/ENiagara_SubUVLookupModeV2.uexp" 344
"../../../Engine/Plugins/FX/Niagara/Content/Enums/ENiagara_WrapClamp.uasset" 345
"../../../Engine/Plugins/FX/Niagara/Content/Enums/ENiagara_WrapClamp.uexp" 346
"../../../Engine/Plugins/FX/Niagara/Content/Enums/SpriteRenderer/ENiagara_AutomaticManual.uasset" 347
"../../../Engine/Plugins/FX/Niagara/Content/Enums/SpriteRenderer/ENiagara_AutomaticManual.uexp" 348
"../../../Engine/Plugins/FX/Niagara/Content/Enums/SpriteRenderer/ENiagara_FPSPlayrate.uasset" 349
"../../../Engine/Plugins/FX/Niagara/Content/Enums/SpriteRenderer/ENiagara_FPSPlayrate.uexp" 350
"../../../Engine/Plugins/FX/Niagara/Content/Enums/Utility/ENiagara_DynamicMaterialParametersInputMode.uasset" 351
"../../../Engine/Plugins/FX/Niagara/Content/Enums/Utility/ENiagara_DynamicMaterialParametersInputMode.uexp" 352
"../../../Engine/Plugins/FX/Niagara/Content/Enums/ENiagaraVector4_Channels.uasset" 353
"../../../Engine/Plugins/FX/Niagara/Content/Enums/ENiagaraVector4_Channels.uexp" 354
"../../../Engine/Plugins/FX/Niagara/Content/Enums/Transforms/ENiagara_LWCConvertVecToPos.uasset" 355
"../../../Engine/Plugins/FX/Niagara/Content/Enums/Transforms/ENiagara_LWCConvertVecToPos.uexp" 356
"../../../Engine/Plugins/FX/Niagara/Content/Enums/CascadeConversion/ECascadeNiagaraOrbitChainMode.uasset" 357
"../../../Engine/Plugins/FX/Niagara/Content/Enums/CascadeConversion/ECascadeNiagaraOrbitChainMode.uexp" 358
"D:/UEProjects/MO57/Content/M5VFXVOL2/Textures/Flow/disort_test2.ubulk" 359
"D:/UEProjects/MO57/Content/M5VFXVOL2/Textures/Flow/disort_test2.uasset" 360
"D:/UEProjects/MO57/Content/M5VFXVOL2/Textures/Flow/disort_test2.uexp" 361
"D:/UEProjects/MO57/Content/M5VFXVOL2/Textures/firesingle/bigfire_single.ubulk" 362
"D:/UEProjects/MO57/Content/M5VFXVOL2/Textures/firesingle/bigfire_single.uasset" 363
"D:/UEProjects/MO57/Content/M5VFXVOL2/Textures/firesingle/bigfire_single.uexp" 364
"D:/UEProjects/MO57/Content/M5VFXVOL2/Textures/Flow/EmberNoise3.uasset" 365
"D:/UEProjects/MO57/Content/M5VFXVOL2/Textures/Flow/EmberNoise3.uexp" 366
"D:/UEProjects/MO57/Content/M5VFXVOL2/Materials/Master/Distortion_Mat.uasset" 367
"D:/UEProjects/MO57/Content/M5VFXVOL2/Materials/Master/Distortion_Mat.uexp" 368
"D:/UEProjects/MO57/Content/M5VFXVOL2/Materials/Distortion/Distortion_Mat_Inst2.uasset" 369
"D:/UEProjects/MO57/Content/M5VFXVOL2/Materials/Distortion/Distortion_Mat_Inst2.uexp" 370
"D:/UEProjects/MO57/Content/M5VFXVOL2/Textures/Flow/Flame.ubulk" 371
"D:/UEProjects/MO57/Content/M5VFXVOL2/Textures/Flow/Flame.uasset" 372
"D:/UEProjects/MO57/Content/M5VFXVOL2/Textures/Flow/Flame.uexp" 373
"D:/UEProjects/MO57/Content/M5VFXVOL2/Materials/Master/Basic_Emi_Mat.uasset" 374
"D:/UEProjects/MO57/Content/M5VFXVOL2/Materials/Master/Basic_Emi_Mat.uexp" 375
"D:/UEProjects/MO57/Content/M5VFXVOL2/Materials/Etc/Flame_Inst.uasset" 376
"D:/UEProjects/MO57/Content/M5VFXVOL2/Materials/Etc/Flame_Inst.uexp" 377
"D:/UEProjects/MO57/Content/M5VFXVOL2/Textures/CandleFire/CandleFire_D.ubulk" 378
"D:/UEProjects/MO57/Content/M5VFXVOL2/Textures/CandleFire/CandleFire_D.uasset" 379
"D:/UEProjects/MO57/Content/M5VFXVOL2/Textures/CandleFire/CandleFire_D.uexp" 380
"D:/UEProjects/MO57/Content/M5VFXVOL2/Materials/Master/Sequence_Mat.uasset" 381
"D:/UEProjects/MO57/Content/M5VFXVOL2/Materials/Master/Sequence_Mat.uexp" 382
"D:/UEProjects/MO57/Content/M5VFXVOL2/Textures/Fireloop/bonefire.ubulk" 383
"D:/UEProjects/MO57/Content/M5VFXVOL2/Textures/Fireloop/bonefire.uasset" 384
"D:/UEProjects/MO57/Content/M5VFXVOL2/Textures/Fireloop/bonefire.uexp" 385
"D:/UEProjects/MO57/Content/M5VFXVOL2/Materials/Fireloop_Inst/BoneFire_Inst.uasset" 386
"D:/UEProjects/MO57/Content/M5VFXVOL2/Materials/Fireloop_Inst/BoneFire_Inst.uexp" 387
"D:/UEProjects/MO57/Content/M5VFXVOL2/Textures/Fire/bonefire_fwd2.ubulk" 388
"D:/UEProjects/MO57/Content/M5VFXVOL2/Textures/Fire/bonefire_fwd2.uasset" 389
"D:/UEProjects/MO57/Content/M5VFXVOL2/Textures/Fire/bonefire_fwd2.uexp" 390
"D:/UEProjects/MO57/Content/M5VFXVOL2/Materials/Fire_Inst/BoneFire_fwd2_Inst.uasset" 391
"D:/UEProjects/MO57/Content/M5VFXVOL2/Materials/Fire_Inst/BoneFire_fwd2_Inst.uexp" 392
"D:/UEProjects/MO57/Content/M5VFXVOL2/Textures/Flow/Circle_normal.ubulk" 393
"D:/UEProjects/MO57/Content/M5VFXVOL2/Textures/Flow/Circle_normal.uasset" 394
"D:/UEProjects/MO57/Content/M5VFXVOL2/Textures/Flow/Circle_normal.uexp" 395
"D:/UEProjects/MO57/Content/M5VFXVOL2/Textures/smoke/0_6_smoke.ubulk" 396
"D:/UEProjects/MO57/Content/M5VFXVOL2/Textures/smoke/0_6_smoke.uasset" 397
"D:/UEProjects/MO57/Content/M5VFXVOL2/Textures/smoke/0_6_smoke.uexp" 398
"D:/UEProjects/MO57/Content/M5VFXVOL2/Materials/Master/Smoke1_Mat.uasset" 399
"D:/UEProjects/MO57/Content/M5VFXVOL2/Materials/Master/Smoke1_Mat.uexp" 400
"D:/UEProjects/MO57/Content/M5VFXVOL2/Textures/smoke/1_6_smoke2_vg2.ubulk" 401
"D:/UEProjects/MO57/Content/M5VFXVOL2/Textures/smoke/1_6_smoke2_vg2.uasset" 402
"D:/UEProjects/MO57/Content/M5VFXVOL2/Textures/smoke/1_6_smoke2_vg2.uexp" 403
"D:/UEProjects/MO57/Content/M5VFXVOL2/Materials/Smoke_Inst/1_6_smoke2_vg2_Inst.uasset" 404
"D:/UEProjects/MO57/Content/M5VFXVOL2/Materials/Smoke_Inst/1_6_smoke2_vg2_Inst.uexp" 405
"D:/UEProjects/MO57/Content/M5VFXVOL2/Niagara/Fire/NFire_03.uasset" 406
"D:/UEProjects/MO57/Content/M5VFXVOL2/Niagara/Fire/NFire_03.uexp" 407
"D:/UEProjects/MO57/Plugins/MOFramework/Content/BP_Campfire.uasset" 408
"D:/UEProjects/MO57/Plugins/MOFramework/Content/BP_Campfire.uexp" 409
"D:/UEProjects/MO57/Plugins/MOFramework/Content/BP_ContainerActorBase.uasset" 410
"D:/UEProjects/MO57/Plugins/MOFramework/Content/BP_ContainerActorBase.uexp" 411
"D:/UEProjects/MO57/Content/Fab/Megascans/3D/Old_Wicker_Basket_ukqpfhsaw/Medium/ukqpfhsaw_tier_2/Textures/T_ukqpfhsaw_2K_B.ubulk" 412
"D:/UEProjects/MO57/Content/Fab/Megascans/3D/Old_Wicker_Basket_ukqpfhsaw/Medium/ukqpfhsaw_tier_2/Textures/T_ukqpfhsaw_2K_B.uasset" 413
"D:/UEProjects/MO57/Content/Fab/Megascans/3D/Old_Wicker_Basket_ukqpfhsaw/Medium/ukqpfhsaw_tier_2/Textures/T_ukqpfhsaw_2K_B.uexp" 414
"D:/UEProjects/MO57/Content/Fab/Megascans/3D/Old_Wicker_Basket_ukqpfhsaw/Medium/ukqpfhsaw_tier_2/Textures/T_ukqpfhsaw_2K_N.ubulk" 415
"D:/UEProjects/MO57/Content/Fab/Megascans/3D/Old_Wicker_Basket_ukqpfhsaw/Medium/ukqpfhsaw_tier_2/Textures/T_ukqpfhsaw_2K_N.uasset" 416
"D:/UEProjects/MO57/Content/Fab/Megascans/3D/Old_Wicker_Basket_ukqpfhsaw/Medium/ukqpfhsaw_tier_2/Textures/T_ukqpfhsaw_2K_N.uexp" 417
"D:/UEProjects/MO57/Content/Fab/Megascans/3D/Old_Wicker_Basket_ukqpfhsaw/Medium/ukqpfhsaw_tier_2/Textures/T_ukqpfhsaw_2K_ORM.ubulk" 418
"D:/UEProjects/MO57/Content/Fab/Megascans/3D/Old_Wicker_Basket_ukqpfhsaw/Medium/ukqpfhsaw_tier_2/Textures/T_ukqpfhsaw_2K_ORM.uasset" 419
"D:/UEProjects/MO57/Content/Fab/Megascans/3D/Old_Wicker_Basket_ukqpfhsaw/Medium/ukqpfhsaw_tier_2/Textures/T_ukqpfhsaw_2K_ORM.uexp" 420
"D:/UEProjects/MO57/Plugins/MOFramework/Content/Items/WovenBasket01/Medium/ukqpfhsaw_tier_2/Materials/MI_ukqpfhsaw.uasset" 421
"D:/UEProjects/MO57/Plugins/MOFramework/Content/Items/WovenBasket01/Medium/ukqpfhsaw_tier_2/Materials/MI_ukqpfhsaw.uexp" 422
"D:/UEProjects/MO57/Plugins/MOFramework/Content/Items/WovenBasket01/Medium/ukqpfhsaw_tier_2/StaticMeshes/ukqpfhsaw_tier_2.ubulk" 423
"D:/UEProjects/MO57/Plugins/MOFramework/Content/Items/WovenBasket01/Medium/ukqpfhsaw_tier_2/StaticMeshes/ukqpfhsaw_tier_2.uasset" 424
"D:/UEProjects/MO57/Plugins/MOFramework/Content/Items/WovenBasket01/Medium/ukqpfhsaw_tier_2/StaticMeshes/ukqpfhsaw_tier_2.uexp" 425
"D:/UEProjects/MO57/Plugins/MOFramework/Content/BP_WovenBasket.uasset" 426
"D:/UEProjects/MO57/Plugins/MOFramework/Content/BP_WovenBasket.uexp" 427
"D:/UEProjects/MO57/Plugins/MOFramework/Content/Data/Recipes.uasset" 428
"D:/UEProjects/MO57/Plugins/MOFramework/Content/Data/Recipes.uexp" 429
"../../../Engine/Content/Functions/Engine_MaterialFunctions02/WorldPositionOffset/CameraOffset.uasset" 430
"../../../Engine/Content/Functions/Engine_MaterialFunctions02/WorldPositionOffset/CameraOffset.uexp" 431
"../../../Engine/Plugins/Animation/ControlRig/Content/M_Manip.uasset" 432
"../../../Engine/Plugins/Animation/ControlRig/Content/M_Manip.uexp" 433
"../../../Engine/Content/EditorLandscapeResources/WhiteSquareTexture.uasset" 434
"../../../Engine/Content/EditorLandscapeResources/WhiteSquareTexture.uexp" 435
"../../../Engine/Content/EditorLandscapeResources/LayerVisMaterial.uasset" 436
"../../../Engine/Content/EditorLandscapeResources/LayerVisMaterial.uexp" 437
"../../../Engine/Content/Functions/Engine_MaterialFunctions01/Opacity/CameraDepthFade.uasset" 438
"../../../Engine/Content/Functions/Engine_MaterialFunctions01/Opacity/CameraDepthFade.uexp" 439
"../../../Engine/Content/EngineMaterials/T_Default_Material_Grid_M.ubulk" 440
"../../../Engine/Content/EngineMaterials/T_Default_Material_Grid_M.uasset" 441
"../../../Engine/Content/EngineMaterials/T_Default_Material_Grid_M.uexp" 442
"../../../Engine/Content/EngineMaterials/T_Default_Material_Grid_N.ubulk" 443
"../../../Engine/Content/EngineMaterials/T_Default_Material_Grid_N.uasset" 444
"../../../Engine/Content/EngineMaterials/T_Default_Material_Grid_N.uexp" 445
"../../../Engine/Content/EngineMaterials/WorldGridMaterial.uasset" 446
"../../../Engine/Content/EngineMaterials/WorldGridMaterial.uexp" 447
"../../../Engine/Content/BasicShapes/Cube.ubulk" 448
"../../../Engine/Content/BasicShapes/Cube.uasset" 449
"../../../Engine/Content/BasicShapes/Cube.uexp" 450
"D:/UEProjects/MO57/Plugins/MOFramework/Content/Items/BaseInteractable.uasset" 451
"D:/UEProjects/MO57/Plugins/MOFramework/Content/Items/BaseInteractable.uexp" 452
"D:/UEProjects/MO57/Plugins/MOFramework/Content/MOBS/BP_Prey.uasset" 453
"D:/UEProjects/MO57/Plugins/MOFramework/Content/MOBS/BP_Prey.uexp" 454
"D:/UEProjects/MO57/Plugins/MOFramework/Content/MOBS/DT_Creatures.uasset" 455
"D:/UEProjects/MO57/Plugins/MOFramework/Content/MOBS/DT_Creatures.uexp" 456
"../../../Engine/Plugins/Animation/ACLPlugin/Content/ACLAnimBoneCompressionSettings.uasset" 457
"../../../Engine/Plugins/Animation/ACLPlugin/Content/ACLAnimBoneCompressionSettings.uexp" 458
"../../../Engine/Plugins/Animation/ACLPlugin/Content/ACLAnimCurveCompressionSettings.uasset" 459
"../../../Engine/Plugins/Animation/ACLPlugin/Content/ACLAnimCurveCompressionSettings.uexp" 460
"../../../Engine/Content/Animation/DefaultVariableFrameStrippingSettings.uasset" 461
"../../../Engine/Content/Animation/DefaultVariableFrameStrippingSettings.uexp" 462
"D:/UEProjects/MO57/Plugins/MOFramework/Content/MOBS/Deer/DeerStagAndDoe/Meshes/SK_DeerDoe_Skeleton.uasset" 463
"D:/UEProjects/MO57/Plugins/MOFramework/Content/MOBS/Deer/DeerStagAndDoe/Meshes/SK_DeerDoe_Skeleton.uexp" 464
"D:/UEProjects/MO57/Plugins/MOFramework/Content/MOBS/Deer/DeerStagAndDoe/Animations/ANIM_DeerDoe_IdleBreathe.uasset" 465
"D:/UEProjects/MO57/Plugins/MOFramework/Content/MOBS/Deer/DeerStagAndDoe/Animations/ANIM_DeerDoe_IdleBreathe.uexp" 466
"D:/UEProjects/MO57/Plugins/MOFramework/Content/MOBS/Deer/DeerStagAndDoe/Animations/ANIM_DeerDoe_IdleChew.uasset" 467
"D:/UEProjects/MO57/Plugins/MOFramework/Content/MOBS/Deer/DeerStagAndDoe/Animations/ANIM_DeerDoe_IdleChew.uexp" 468
"D:/UEProjects/MO57/Plugins/MOFramework/Content/MOBS/Deer/DeerStagAndDoe/Animations/ANIM_DeerDoe_IdleGraze.uasset" 469
"D:/UEProjects/MO57/Plugins/MOFramework/Content/MOBS/Deer/DeerStagAndDoe/Animations/ANIM_DeerDoe_IdleGraze.uexp" 470
"D:/UEProjects/MO57/Plugins/MOFramework/Content/MOBS/Deer/DeerStagAndDoe/Animations/ANIM_DeerDoe_IdleLookAround.uasset" 471
"D:/UEProjects/MO57/Plugins/MOFramework/Content/MOBS/Deer/DeerStagAndDoe/Animations/ANIM_DeerDoe_IdleLookAround.uexp" 472
"D:/UEProjects/MO57/Plugins/MOFramework/Content/MOBS/Deer/DeerStagAndDoe/Animations/ANIM_DeerDoe_IdleRest.uasset" 473
"D:/UEProjects/MO57/Plugins/MOFramework/Content/MOBS/Deer/DeerStagAndDoe/Animations/ANIM_DeerDoe_IdleRest.uexp" 474
"D:/UEProjects/MO57/Plugins/MOFramework/Content/MOBS/Deer/DeerStagAndDoe/Animations/ANIM_DeerDoe_Run.uasset" 475
"D:/UEProjects/MO57/Plugins/MOFramework/Content/MOBS/Deer/DeerStagAndDoe/Animations/ANIM_DeerDoe_Run.uexp" 476
"D:/UEProjects/MO57/Plugins/MOFramework/Content/MOBS/Deer/DeerStagAndDoe/Animations/ANIM_DeerDoe_Walk.uasset" 477
"D:/UEProjects/MO57/Plugins/MOFramework/Content/MOBS/Deer/DeerStagAndDoe/Animations/ANIM_DeerDoe_Walk.uexp" 478
"D:/UEProjects/MO57/Plugins/MOFramework/Content/MOBS/Deer/DeerStagAndDoe/Animations/ANIM_DeerDoe_WalkTurnL.uasset" 479
"D:/UEProjects/MO57/Plugins/MOFramework/Content/MOBS/Deer/DeerStagAndDoe/Animations/ANIM_DeerDoe_WalkTurnL.uexp" 480
"D:/UEProjects/MO57/Plugins/MOFramework/Content/MOBS/Deer/DeerStagAndDoe/Animations/ANIM_DeerDoe_WalkTurnR.uasset" 481
"D:/UEProjects/MO57/Plugins/MOFramework/Content/MOBS/Deer/DeerStagAndDoe/Animations/ANIM_DeerDoe_WalkTurnR.uexp" 482
"D:/UEProjects/MO57/Plugins/MOFramework/Content/MOBS/Deer/DeerStagAndDoe/Animations/ABP_DeerDoe.uasset" 483
"D:/UEProjects/MO57/Plugins/MOFramework/Content/MOBS/Deer/DeerStagAndDoe/Animations/ABP_DeerDoe.uexp" 484
"D:/UEProjects/MO57/Plugins/MOFramework/Content/MOBS/Deer/DeerStagAndDoe/Animations/BS_DeerDoe.uasset" 485
"D:/UEProjects/MO57/Plugins/MOFramework/Content/MOBS/Deer/DeerStagAndDoe/Animations/BS_DeerDoe.uexp" 486
"D:/UEProjects/MO57/Plugins/MOFramework/Content/MOBS/Deer/DeerStagAndDoe/Textures/T_DeeDoe_BaseColor.ubulk" 487
"D:/UEProjects/MO57/Plugins/MOFramework/Content/MOBS/Deer/DeerStagAndDoe/Textures/T_DeeDoe_BaseColor.uasset" 488
"D:/UEProjects/MO57/Plugins/MOFramework/Content/MOBS/Deer/DeerStagAndDoe/Textures/T_DeeDoe_BaseColor.uexp" 489
"D:/UEProjects/MO57/Plugins/MOFramework/Content/MOBS/Deer/DeerStagAndDoe/Textures/T_DeeDoe_Nml.ubulk" 490
"D:/UEProjects/MO57/Plugins/MOFramework/Content/MOBS/Deer/DeerStagAndDoe/Textures/T_DeeDoe_Nml.uasset" 491
"D:/UEProjects/MO57/Plugins/MOFramework/Content/MOBS/Deer/DeerStagAndDoe/Textures/T_DeeDoe_Nml.uexp" 492
"D:/UEProjects/MO57/Plugins/MOFramework/Content/MOBS/Deer/DeerStagAndDoe/Textures/T_DeerDoe_OcclusionRoughnessMetallic.ubulk" 493
"D:/UEProjects/MO57/Plugins/MOFramework/Content/MOBS/Deer/DeerStagAndDoe/Textures/T_DeerDoe_OcclusionRoughnessMetallic.uasset" 494
"D:/UEProjects/MO57/Plugins/MOFramework/Content/MOBS/Deer/DeerStagAndDoe/Textures/T_DeerDoe_OcclusionRoughnessMetallic.uexp" 495
"D:/UEProjects/MO57/Plugins/MOFramework/Content/MOBS/Deer/DeerStagAndDoe/Textures/T_Stag_Specular.uasset" 496
"D:/UEProjects/MO57/Plugins/MOFramework/Content/MOBS/Deer/DeerStagAndDoe/Textures/T_Stag_Specular.uexp" 497
"D:/UEProjects/MO57/Plugins/MOFramework/Content/MOBS/Deer/DeerStagAndDoe/Materials/M_DeerDoe.uasset" 498
"D:/UEProjects/MO57/Plugins/MOFramework/Content/MOBS/Deer/DeerStagAndDoe/Materials/M_DeerDoe.uexp" 499
"D:/UEProjects/MO57/Plugins/MOFramework/Content/MOBS/Deer/DeerStagAndDoe/Materials/M_DeerDoeFur.uasset" 500
"D:/UEProjects/MO57/Plugins/MOFramework/Content/MOBS/Deer/DeerStagAndDoe/Materials/M_DeerDoeFur.uexp" 501
"D:/UEProjects/MO57/Plugins/MOFramework/Content/MOBS/Deer/DeerStagAndDoe/Meshes/SK_DeerDoe_PhysicsAsset.uasset" 502
"D:/UEProjects/MO57/Plugins/MOFramework/Content/MOBS/Deer/DeerStagAndDoe/Meshes/SK_DeerDoe_PhysicsAsset.uexp" 503
"D:/UEProjects/MO57/Plugins/MOFramework/Content/MOBS/Deer/DeerStagAndDoe/Meshes/SK_DeerDoe.uasset" 504
"D:/UEProjects/MO57/Plugins/MOFramework/Content/MOBS/Deer/DeerStagAndDoe/Meshes/SK_DeerDoe.uexp" 505
"D:/UEProjects/MO57/Plugins/MOFramework/Content/MOBS/Deer/BP_Deer.uasset" 506
"D:/UEProjects/MO57/Plugins/MOFramework/Content/MOBS/Deer/BP_Deer.uexp" 507
"D:/UEProjects/MO57/Plugins/MOFramework/Content/MOBS/BP_Predator.uasset" 508
"D:/UEProjects/MO57/Plugins/MOFramework/Content/MOBS/BP_Predator.uexp" 509
"../../../Engine/Content/Functions/Engine_MaterialFunctions02/Utility/MakeFloat3.uasset" 510
"../../../Engine/Content/Functions/Engine_MaterialFunctions02/Utility/MakeFloat3.uexp" 511
"../../../Engine/Content/EditorLandscapeResources/DefaultAlphaTexture.uasset" 512
"../../../Engine/Content/EditorLandscapeResources/DefaultAlphaTexture.uexp" 513
"../../../Engine/Content/Functions/Engine_MaterialFunctions03/Math/WithinRangeFloat2.uasset" 514
"../../../Engine/Content/Functions/Engine_MaterialFunctions03/Math/WithinRangeFloat2.uexp" 515
"../../../Engine/Content/EditorLandscapeResources/MaskBrushMaterial.uasset" 516
"../../../Engine/Content/EditorLandscapeResources/MaskBrushMaterial.uexp" 517
"../../../Engine/Content/EditorLandscapeResources/MaskBrushMaterial_MaskedRegion.uasset" 518
"../../../Engine/Content/EditorLandscapeResources/MaskBrushMaterial_MaskedRegion.uexp" 519
"../../../Engine/Content/EngineResources/AICON-Red.uasset" 520
"../../../Engine/Content/EngineResources/AICON-Red.uexp" 521
"D:/UEProjects/MO57/Plugins/MOFramework/Content/UI/UI_Icons/EmptySlot.uasset" 522
"D:/UEProjects/MO57/Plugins/MOFramework/Content/UI/UI_Icons/EmptySlot.uexp" 523
"D:/UEProjects/MO57/Plugins/MOFramework/Content/UI/InventorySystem/WBP_InventorySlot.uasset" 524
"D:/UEProjects/MO57/Plugins/MOFramework/Content/UI/InventorySystem/WBP_InventorySlot.uexp" 525
"D:/UEProjects/MO57/Plugins/MOFramework/Content/UI/InventorySystem/WBP_InventoryGrid.uasset" 526
"D:/UEProjects/MO57/Plugins/MOFramework/Content/UI/InventorySystem/WBP_InventoryGrid.uexp" 527
"D:/UEProjects/MO57/Plugins/MOFramework/Content/UI/WBP_ItemInfoPanel.uasset" 528
"D:/UEProjects/MO57/Plugins/MOFramework/Content/UI/WBP_ItemInfoPanel.uexp" 529
"D:/UEProjects/MO57/Plugins/MOFramework/Content/UI/InventorySystem/WBP_InventoryMenu.uasset" 530
"D:/UEProjects/MO57/Plugins/MOFramework/Content/UI/InventorySystem/WBP_InventoryMenu.uexp" 531
"D:/UEProjects/MO57/Plugins/MOFramework/Content/UI/InventorySystem/WBP_ItemContextMenu.uasset" 532
"D:/UEProjects/MO57/Plugins/MOFramework/Content/UI/InventorySystem/WBP_ItemContextMenu.uexp" 533
"D:/UEProjects/MO57/Content/UltraDynamicSky/Blueprints/Enum/UDS_ComparisonType.uasset" 534
"D:/UEProjects/MO57/Content/UltraDynamicSky/Blueprints/Enum/UDS_ComparisonType.uexp" 535
"D:/UEProjects/MO57/Content/UltraDynamicSky/Blueprints/Enum/UDS_RenderingFeatureLevel.uasset" 536
"D:/UEProjects/MO57/Content/UltraDynamicSky/Blueprints/Enum/UDS_RenderingFeatureLevel.uexp" 537
"D:/UEProjects/MO57/Content/UltraDynamicSky/Blueprints/Enum/UDS_SkyMode.uasset" 538
"D:/UEProjects/MO57/Content/UltraDynamicSky/Blueprints/Enum/UDS_SkyMode.uexp" 539
"D:/UEProjects/MO57/Content/UltraDynamicSky/Blueprints/Enum/UDS_VolRT_Mode.uasset" 540
"D:/UEProjects/MO57/Content/UltraDynamicSky/Blueprints/Enum/UDS_VolRT_Mode.uexp" 541
"D:/UEProjects/MO57/Content/UltraDynamicSky/Blueprints/Enum/UDS_Modifier_Color_Property.uasset" 542
"D:/UEProjects/MO57/Content/UltraDynamicSky/Blueprints/Enum/UDS_Modifier_Color_Property.uexp" 543
"D:/UEProjects/MO57/Content/UltraDynamicSky/Blueprints/Enum/UDS_Modifier_Float_Property.uasset" 544
"D:/UEProjects/MO57/Content/UltraDynamicSky/Blueprints/Enum/UDS_Modifier_Float_Property.uexp" 545
"D:/UEProjects/MO57/Content/UltraDynamicSky/Blueprints/System/UDS_Modifier.uasset" 546
"D:/UEProjects/MO57/Content/UltraDynamicSky/Blueprints/System/UDS_Modifier.uexp" 547
"D:/UEProjects/MO57/Content/UltraDynamicSky/Blueprints/System/UDS_Post_Process_Stage.uasset" 548
"D:/UEProjects/MO57/Content/UltraDynamicSky/Blueprints/System/UDS_Post_Process_Stage.uexp" 549
"D:/UEProjects/MO57/Content/UltraDynamicSky/Blueprints/System/UDS_SharedConfig.uasset" 550
"D:/UEProjects/MO57/Content/UltraDynamicSky/Blueprints/System/UDS_SharedConfig.uexp" 551
"D:/UEProjects/MO57/Content/UltraDynamicSky/Blueprints/Enum/UDS_Planet_Lightsource.uasset" 552
"D:/UEProjects/MO57/Content/UltraDynamicSky/Blueprints/Enum/UDS_Planet_Lightsource.uexp" 553
"D:/UEProjects/MO57/Content/UltraDynamicSky/Blueprints/Enum/UDS_Space_Parent.uasset" 554
"D:/UEProjects/MO57/Content/UltraDynamicSky/Blueprints/Enum/UDS_Space_Parent.uexp" 555
"D:/UEProjects/MO57/Content/UltraDynamicSky/Blueprints/System/UDS_Space_Planet.uasset" 556
"D:/UEProjects/MO57/Content/UltraDynamicSky/Blueprints/System/UDS_Space_Planet.uexp" 557
"D:/UEProjects/MO57/Content/UltraDynamicSky/Blueprints/System/UDS_TimeOfDay_FadeRange.uasset" 558
"D:/UEProjects/MO57/Content/UltraDynamicSky/Blueprints/System/UDS_TimeOfDay_FadeRange.uexp" 559
"D:/UEProjects/MO57/Content/UltraDynamicSky/Blueprints/System/UDS_Sky_Configuration.uasset" 560
"D:/UEProjects/MO57/Content/UltraDynamicSky/Blueprints/System/UDS_Sky_Configuration.uexp" 561
"D:/UEProjects/MO57/Content/UltraDynamicSky/Blueprints/System/Editor_UI/UDS_VersionInfo.uasset" 562
"D:/UEProjects/MO57/Content/UltraDynamicSky/Blueprints/System/Editor_UI/UDS_VersionInfo.uexp" 563
"D:/UEProjects/MO57/Content/UltraDynamicSky/Blueprints/System/Editor_UI/UDS_CurrentVersion.uasset" 564
"D:/UEProjects/MO57/Content/UltraDynamicSky/Blueprints/System/Editor_UI/UDS_CurrentVersion.uexp" 565
"D:/UEProjects/MO57/Content/UltraDynamicSky/Meshes/Nebula_Sphere.ubulk" 566
"D:/UEProjects/MO57/Content/UltraDynamicSky/Meshes/Nebula_Sphere.uasset" 567
"D:/UEProjects/MO57/Content/UltraDynamicSky/Meshes/Nebula_Sphere.uexp" 568
"D:/UEProjects/MO57/Content/UltraDynamicSky/Meshes/Space_Glow_Circle.ubulk" 569
"D:/UEProjects/MO57/Content/UltraDynamicSky/Meshes/Space_Glow_Circle.uasset" 570
"D:/UEProjects/MO57/Content/UltraDynamicSky/Meshes/Space_Glow_Circle.uexp" 571
"D:/UEProjects/MO57/Content/UltraDynamicSky/Meshes/Space_Planet.ubulk" 572
"D:/UEProjects/MO57/Content/UltraDynamicSky/Meshes/Space_Planet.uasset" 573
"D:/UEProjects/MO57/Content/UltraDynamicSky/Meshes/Space_Planet.uexp" 574
"D:/UEProjects/MO57/Content/UltraDynamicSky/Meshes/Space_Ring_BackHalf.ubulk" 575
"D:/UEProjects/MO57/Content/UltraDynamicSky/Meshes/Space_Ring_BackHalf.uasset" 576
"D:/UEProjects/MO57/Content/UltraDynamicSky/Meshes/Space_Ring_BackHalf.uexp" 577
"D:/UEProjects/MO57/Content/UltraDynamicSky/Meshes/Space_Ring_FrontHalf.ubulk" 578
"D:/UEProjects/MO57/Content/UltraDynamicSky/Meshes/Space_Ring_FrontHalf.uasset" 579
"D:/UEProjects/MO57/Content/UltraDynamicSky/Meshes/Space_Ring_FrontHalf.uexp" 580
"D:/UEProjects/MO57/Content/UltraDynamicSky/Meshes/Ultra_Dynamic_Sky_Sphere.ubulk" 581
"D:/UEProjects/MO57/Content/UltraDynamicSky/Meshes/Ultra_Dynamic_Sky_Sphere.uasset" 582
"D:/UEProjects/MO57/Content/UltraDynamicSky/Meshes/Ultra_Dynamic_Sky_Sphere.uexp" 583
"D:/UEProjects/MO57/Content/UltraDynamicSky/Blueprints/Enum/UDS_CachedProperties.uasset" 584
"D:/UEProjects/MO57/Content/UltraDynamicSky/Blueprints/Enum/UDS_CachedProperties.uexp" 585
"D:/UEProjects/MO57/Content/UltraDynamicSky/Blueprints/Enum/UDS_CityPresets.uasset" 586
"D:/UEProjects/MO57/Content/UltraDynamicSky/Blueprints/Enum/UDS_CityPresets.uexp" 587
"D:/UEProjects/MO57/Content/UltraDynamicSky/Blueprints/Enum/UDS_ColorMode.uasset" 588
"D:/UEProjects/MO57/Content/UltraDynamicSky/Blueprints/Enum/UDS_ColorMode.uexp" 589
"D:/UEProjects/MO57/Content/UltraDynamicSky/Blueprints/Enum/UDS_FogColorMode.uasset" 590
"D:/UEProjects/MO57/Content/UltraDynamicSky/Blueprints/Enum/UDS_FogColorMode.uexp" 591
"D:/UEProjects/MO57/Content/UltraDynamicSky/Blueprints/Enum/UDS_LensFlareType.uasset" 592
"D:/UEProjects/MO57/Content/UltraDynamicSky/Blueprints/Enum/UDS_LensFlareType.uexp" 593
"D:/UEProjects/MO57/Content/UltraDynamicSky/Blueprints/Enum/UDS_OcclusionSamplingLocation.uasset" 594
"D:/UEProjects/MO57/Content/UltraDynamicSky/Blueprints/Enum/UDS_OcclusionSamplingLocation.uexp" 595
"D:/UEProjects/MO57/Content/UltraDynamicSky/Blueprints/Enum/UDS_Occlusion_Mode.uasset" 596
"D:/UEProjects/MO57/Content/UltraDynamicSky/Blueprints/Enum/UDS_Occlusion_Mode.uexp" 597
"D:/UEProjects/MO57/Content/UltraDynamicSky/Blueprints/Enum/UDS_PathTracerSkyRes.uasset" 598
"D:/UEProjects/MO57/Content/UltraDynamicSky/Blueprints/Enum/UDS_PathTracerSkyRes.uexp" 599
"D:/UEProjects/MO57/Content/UltraDynamicSky/Blueprints/Enum/UDS_Project_Mode.uasset" 600
"D:/UEProjects/MO57/Content/UltraDynamicSky/Blueprints/Enum/UDS_Project_Mode.uexp" 601
"D:/UEProjects/MO57/Content/UltraDynamicSky/Blueprints/Enum/UDS_PropertyUpdateGroup.uasset" 602
"D:/UEProjects/MO57/Content/UltraDynamicSky/Blueprints/Enum/UDS_PropertyUpdateGroup.uexp" 603
"D:/UEProjects/MO57/Content/UltraDynamicSky/Blueprints/Enum/UDS_RunContext.uasset" 604
"D:/UEProjects/MO57/Content/UltraDynamicSky/Blueprints/Enum/UDS_RunContext.uexp" 605
"D:/UEProjects/MO57/Content/UltraDynamicSky/Blueprints/Enum/UDS_SkyLightMode.uasset" 606
"D:/UEProjects/MO57/Content/UltraDynamicSky/Blueprints/Enum/UDS_SkyLightMode.uexp" 607
"D:/UEProjects/MO57/Content/UltraDynamicSky/Blueprints/Enum/UDS_RandomWeatherTiming.uasset" 608
"D:/UEProjects/MO57/Content/UltraDynamicSky/Blueprints/Enum/UDS_RandomWeatherTiming.uexp" 609
"D:/UEProjects/MO57/Content/UltraDynamicSky/Blueprints/System/RandomWeatherVariation_State.uasset" 610
"D:/UEProjects/MO57/Content/UltraDynamicSky/Blueprints/System/RandomWeatherVariation_State.uexp" 611
"D:/UEProjects/MO57/Content/UltraDynamicSky/Blueprints/System/UDS_DateAndTime.uasset" 612
"D:/UEProjects/MO57/Content/UltraDynamicSky/Blueprints/System/UDS_DateAndTime.uexp" 613
"D:/UEProjects/MO57/Content/UltraDynamicSky/Blueprints/Weather_Effects/System/UDW_WeatherState_Structure.uasset" 614
"D:/UEProjects/MO57/Content/UltraDynamicSky/Blueprints/Weather_Effects/System/UDW_WeatherState_Structure.uexp" 615
"D:/UEProjects/MO57/Content/UltraDynamicSky/Blueprints/Weather_Effects/System/UDW_WOV_State.uasset" 616
"D:/UEProjects/MO57/Content/UltraDynamicSky/Blueprints/Weather_Effects/System/UDW_WOV_State.uexp" 617
"D:/UEProjects/MO57/Content/UltraDynamicSky/Blueprints/System/UDS_and_UDW_State.uasset" 618
"D:/UEProjects/MO57/Content/UltraDynamicSky/Blueprints/System/UDS_and_UDW_State.uexp" 619
"D:/UEProjects/MO57/Content/UltraDynamicSky/Blueprints/System/UDS_Calendar.uasset" 620
"D:/UEProjects/MO57/Content/UltraDynamicSky/Blueprints/System/UDS_Calendar.uexp" 621
"D:/UEProjects/MO57/Content/UltraDynamicSky/Blueprints/System/UDS_CloudPaintActor_Interface.uasset" 622
"D:/UEProjects/MO57/Content/UltraDynamicSky/Blueprints/System/UDS_CloudPaintActor_Interface.uexp" 623
"D:/UEProjects/MO57/Content/UltraDynamicSky/Blueprints/System/UDS_DispatcherTunnel.uasset" 624
"D:/UEProjects/MO57/Content/UltraDynamicSky/Blueprints/System/UDS_DispatcherTunnel.uexp" 625
"D:/UEProjects/MO57/Content/UltraDynamicSky/Blueprints/System/UDS_DispatcherTunnelObject.uasset" 626
"D:/UEProjects/MO57/Content/UltraDynamicSky/Blueprints/System/UDS_DispatcherTunnelObject.uexp" 627
"D:/UEProjects/MO57/Content/UltraDynamicSky/Blueprints/System/UDS_DST_Preset.uasset" 628
"D:/UEProjects/MO57/Content/UltraDynamicSky/Blueprints/System/UDS_DST_Preset.uexp" 629
"D:/UEProjects/MO57/Content/UltraDynamicSky/Blueprints/System/UDS_InterfaceActorArrayOwner_Interface.uasset" 630
"D:/UEProjects/MO57/Content/UltraDynamicSky/Blueprints/System/UDS_InterfaceActorArrayOwner_Interface.uexp" 631
"D:/UEProjects/MO57/Content/UltraDynamicSky/Blueprints/System/UDS_InterfaceActorArray_ManagedActor.uasset" 632
"D:/UEProjects/MO57/Content/UltraDynamicSky/Blueprints/System/UDS_InterfaceActorArray_ManagedActor.uexp" 633
"D:/UEProjects/MO57/Content/UltraDynamicSky/Blueprints/System/UDS_InterfaceActorArrayManager.uasset" 634
"D:/UEProjects/MO57/Content/UltraDynamicSky/Blueprints/System/UDS_InterfaceActorArrayManager.uexp" 635
"D:/UEProjects/MO57/Content/UltraDynamicSky/Blueprints/System/UDS_ModifierState.uasset" 636
"D:/UEProjects/MO57/Content/UltraDynamicSky/Blueprints/System/UDS_ModifierState.uexp" 637
"D:/UEProjects/MO57/Content/UltraDynamicSky/Blueprints/System/UDS_Modifier_Interface.uasset" 638
"D:/UEProjects/MO57/Content/UltraDynamicSky/Blueprints/System/UDS_Modifier_Interface.uexp" 639
"D:/UEProjects/MO57/Content/UltraDynamicSky/Blueprints/System/UDS_Planet_Preset.uasset" 640
"D:/UEProjects/MO57/Content/UltraDynamicSky/Blueprints/System/UDS_Planet_Preset.uexp" 641
"D:/UEProjects/MO57/Content/UltraDynamicSky/Blueprints/System/UDS_PlayerOcclusion_Interface.uasset" 642
"D:/UEProjects/MO57/Content/UltraDynamicSky/Blueprints/System/UDS_PlayerOcclusion_Interface.uexp" 643
"../../../Engine/Content/BasicShapes/BasicShapeMaterial.uasset" 644
"../../../Engine/Content/BasicShapes/BasicShapeMaterial.uexp" 645
"D:/UEProjects/MO57/Content/UltraDynamicSky/Meshes/Portal_Arrow.ubulk" 646
"D:/UEProjects/MO57/Content/UltraDynamicSky/Meshes/Portal_Arrow.uasset" 647
"D:/UEProjects/MO57/Content/UltraDynamicSky/Meshes/Portal_Arrow.uexp" 648
"D:/UEProjects/MO57/Content/UltraDynamicSky/Blueprints/Occlusion/UDS_Occlusion_Portal.uasset" 649
"D:/UEProjects/MO57/Content/UltraDynamicSky/Blueprints/Occlusion/UDS_Occlusion_Portal.uexp" 650
"D:/UEProjects/MO57/Content/UltraDynamicSky/Materials/Weather/UltraDynamicWeather_Parameters.uasset" 651
"D:/UEProjects/MO57/Content/UltraDynamicSky/Materials/Weather/UltraDynamicWeather_Parameters.uexp" 652
"D:/UEProjects/MO57/Content/UltraDynamicSky/Blueprints/System/Editor_UI/UDS_Utility_Opener_Interface.uasset" 653
"D:/UEProjects/MO57/Content/UltraDynamicSky/Blueprints/System/Editor_UI/UDS_Utility_Opener_Interface.uexp" 654
"D:/UEProjects/MO57/Content/UltraDynamicSky/Blueprints/Enum/UDS_OcclusionShape.uasset" 655
"D:/UEProjects/MO57/Content/UltraDynamicSky/Blueprints/Enum/UDS_OcclusionShape.uexp" 656
"D:/UEProjects/MO57/Content/UltraDynamicSky/Blueprints/System/UDS_Volume_Actor.uasset" 657
"D:/UEProjects/MO57/Content/UltraDynamicSky/Blueprints/System/UDS_Volume_Actor.uexp" 658
"D:/UEProjects/MO57/Content/UltraDynamicSky/Textures/Icons/OcclusionVolume.uasset" 659
"D:/UEProjects/MO57/Content/UltraDynamicSky/Textures/Icons/OcclusionVolume.uexp" 660
"D:/UEProjects/MO57/Content/UltraDynamicSky/Blueprints/Occlusion/UDS_Occlusion_Volume.uasset" 661
"D:/UEProjects/MO57/Content/UltraDynamicSky/Blueprints/Occlusion/UDS_Occlusion_Volume.uexp" 662
"D:/UEProjects/MO57/Content/UltraDynamicSky/Blueprints/System/UDS_PlayerOcclusion.uasset" 663
"D:/UEProjects/MO57/Content/UltraDynamicSky/Blueprints/System/UDS_PlayerOcclusion.uexp" 664
"D:/UEProjects/MO57/Content/UltraDynamicSky/Materials/Color_Curves/Fog_Directional_Scattering_Color.uasset" 665
"D:/UEProjects/MO57/Content/UltraDynamicSky/Materials/Color_Curves/Fog_Directional_Scattering_Color.uexp" 666
"D:/UEProjects/MO57/Content/UltraDynamicSky/Materials/Color_Curves/Fog_Scattering_Color.uasset" 667
"D:/UEProjects/MO57/Content/UltraDynamicSky/Materials/Color_Curves/Fog_Scattering_Color.uexp" 668
"D:/UEProjects/MO57/Content/UltraDynamicSky/Materials/Color_Curves/Sun_Disk_Color.uasset" 669
"D:/UEProjects/MO57/Content/UltraDynamicSky/Materials/Color_Curves/Sun_Disk_Color.uexp" 670
"D:/UEProjects/MO57/Content/UltraDynamicSky/Materials/Color_Curves/Sun_Light_Color.uasset" 671
"D:/UEProjects/MO57/Content/UltraDynamicSky/Materials/Color_Curves/Sun_Light_Color.uexp" 672
"D:/UEProjects/MO57/Content/UltraDynamicSky/Materials/Float_Curves/Directional_Light_Intensity.uasset" 673
"D:/UEProjects/MO57/Content/UltraDynamicSky/Materials/Float_Curves/Directional_Light_Intensity.uexp" 674
"D:/UEProjects/MO57/Content/UltraDynamicSky/Materials/Float_Curves/Equation_of_Time.uasset" 675
"D:/UEProjects/MO57/Content/UltraDynamicSky/Materials/Float_Curves/Equation_of_Time.uexp" 676
"D:/UEProjects/MO57/Content/UltraDynamicSky/Materials/Float_Curves/Exposure_Compensation_Curve.uasset" 677
"D:/UEProjects/MO57/Content/UltraDynamicSky/Materials/Float_Curves/Exposure_Compensation_Curve.uexp" 678
"D:/UEProjects/MO57/Content/UltraDynamicSky/Materials/Float_Curves/Exposure_Compensation_Curve_Physical.uasset" 679
"D:/UEProjects/MO57/Content/UltraDynamicSky/Materials/Float_Curves/Exposure_Compensation_Curve_Physical.uexp" 680
"D:/UEProjects/MO57/Content/UltraDynamicSky/Materials/Float_Curves/Shine_Intensity.uasset" 681
"D:/UEProjects/MO57/Content/UltraDynamicSky/Materials/Float_Curves/Shine_Intensity.uexp" 682
"D:/UEProjects/MO57/Content/UltraDynamicSky/Materials/Float_Curves/Skyatmosphere_Density.uasset" 683
"D:/UEProjects/MO57/Content/UltraDynamicSky/Materials/Float_Curves/Skyatmosphere_Density.uexp" 684
"D:/UEProjects/MO57/Content/UltraDynamicSky/Materials/Float_Curves/Sun_Highlight_Intensity.uasset" 685
"D:/UEProjects/MO57/Content/UltraDynamicSky/Materials/Float_Curves/Sun_Highlight_Intensity.uexp" 686
"D:/UEProjects/MO57/Content/UltraDynamicSky/Materials/Float_Curves/Sun_Highlight_Radius.uasset" 687
"D:/UEProjects/MO57/Content/UltraDynamicSky/Materials/Float_Curves/Sun_Highlight_Radius.uexp" 688
"D:/UEProjects/MO57/Content/UltraDynamicSky/Materials/Material_Functions/UDS_VolumetricClouds_MPC.uasset" 689
"D:/UEProjects/MO57/Content/UltraDynamicSky/Materials/Material_Functions/UDS_VolumetricClouds_MPC.uexp" 690
"../../../Engine/Content/EngineMaterials/Good64x64TilingNoiseHighFreq.uasset" 691
"../../../Engine/Content/EngineMaterials/Good64x64TilingNoiseHighFreq.uexp" 692
"../../../Engine/Content/Functions/Engine_MaterialFunctions02/Texturing/ScreenAlignedPixelToPixelUVs.uasset" 693
"../../../Engine/Content/Functions/Engine_MaterialFunctions02/Texturing/ScreenAlignedPixelToPixelUVs.uexp" 694
"../../../Engine/Content/Functions/Engine_MaterialFunctions02/Utility/DitherTemporalAA.uasset" 695
"../../../Engine/Content/Functions/Engine_MaterialFunctions02/Utility/DitherTemporalAA.uexp" 696
"D:/UEProjects/MO57/Content/UltraDynamicSky/Materials/Space/SpacePlanet_LightVector.uasset" 697
"D:/UEProjects/MO57/Content/UltraDynamicSky/Materials/Space/SpacePlanet_LightVector.uexp" 698
"D:/UEProjects/MO57/Content/UltraDynamicSky/Materials/Space/Space_Planet_Glow_Mat.uasset" 699
"D:/UEProjects/MO57/Content/UltraDynamicSky/Materials/Space/Space_Planet_Glow_Mat.uexp" 700
"../../../Engine/Content/Functions/Engine_MaterialFunctions02/Utility/VectorLength.uasset" 701
"../../../Engine/Content/Functions/Engine_MaterialFunctions02/Utility/VectorLength.uexp" 702
"../../../Engine/Content/Functions/Engine_MaterialFunctions02/Math/ProjectVectorOntoPlane.uasset" 703
"../../../Engine/Content/Functions/Engine_MaterialFunctions02/Math/ProjectVectorOntoPlane.uexp" 704
"D:/UEProjects/MO57/Content/UltraDynamicSky/Textures/Space/Rings/Planetary_Ring_1.ubulk" 705
"D:/UEProjects/MO57/Content/UltraDynamicSky/Textures/Space/Rings/Planetary_Ring_1.uasset" 706
"D:/UEProjects/MO57/Content/UltraDynamicSky/Textures/Space/Rings/Planetary_Ring_1.uexp" 707
"D:/UEProjects/MO57/Content/UltraDynamicSky/Materials/Space/Space_Ring_Mat.uasset" 708
"D:/UEProjects/MO57/Content/UltraDynamicSky/Materials/Space/Space_Ring_Mat.uexp" 709
"D:/UEProjects/MO57/Content/UltraDynamicSky/Materials/Weather/Radial_Storm_Cloud_Draw.uasset" 710
"D:/UEProjects/MO57/Content/UltraDynamicSky/Materials/Weather/Radial_Storm_Cloud_Draw.uexp" 711
"D:/UEProjects/MO57/Content/UltraDynamicSky/Textures/Sky/CloudPaintTarget.uasset" 712
"D:/UEProjects/MO57/Content/UltraDynamicSky/Textures/Sky/CloudPaintTarget.uexp" 713
"D:/UEProjects/MO57/Content/UltraDynamicSky/Textures/Sky/Cloud_Wisps.uasset" 714
"D:/UEProjects/MO57/Content/UltraDynamicSky/Textures/Sky/Cloud_Wisps.uexp" 715
"D:/UEProjects/MO57/Content/UltraDynamicSky/Blueprints/System/Calendars/Gregorian_Calendar.uasset" 716
"D:/UEProjects/MO57/Content/UltraDynamicSky/Blueprints/System/Calendars/Gregorian_Calendar.uexp" 717
"D:/UEProjects/MO57/Content/UltraDynamicSky/Blueprints/System/Editor_UI/UDS_Editor_Tick_Interface.uasset" 718
"D:/UEProjects/MO57/Content/UltraDynamicSky/Blueprints/System/Editor_UI/UDS_Editor_Tick_Interface.uexp" 719
"D:/UEProjects/MO57/Content/UltraDynamicSky/Blueprints/Weather_Effects/System/Ultra_Dynamic_Weather_Interface.uasset" 720
"D:/UEProjects/MO57/Content/UltraDynamicSky/Blueprints/Weather_Effects/System/Ultra_Dynamic_Weather_Interface.uexp" 721
"D:/UEProjects/MO57/Content/UltraDynamicSky/Blueprints/Ultra_Dynamic_Sky.uasset" 722
"D:/UEProjects/MO57/Content/UltraDynamicSky/Blueprints/Ultra_Dynamic_Sky.uexp" 723
"D:/UEProjects/MO57/Content/UltraDynamicSky/Blueprints/Weather_Effects/System/UDS_Weather_Settings.uasset" 724
"D:/UEProjects/MO57/Content/UltraDynamicSky/Blueprints/Weather_Effects/System/UDS_Weather_Settings.uexp" 725
"D:/UEProjects/MO57/Content/UltraDynamicSky/Blueprints/System/UDS_Weather_Configuration.uasset" 726
"D:/UEProjects/MO57/Content/UltraDynamicSky/Blueprints/System/UDS_Weather_Configuration.uexp" 727
"D:/UEProjects/MO57/Content/UltraDynamicSky/Meshes/Rainbow.ubulk" 728
"D:/UEProjects/MO57/Content/UltraDynamicSky/Meshes/Rainbow.uasset" 729
"D:/UEProjects/MO57/Content/UltraDynamicSky/Meshes/Rainbow.uexp" 730
"D:/UEProjects/MO57/Content/UltraDynamicSky/Particles/UDW_WeatherParticle_Parameters.uasset" 731
"D:/UEProjects/MO57/Content/UltraDynamicSky/Particles/UDW_WeatherParticle_Parameters.uexp" 732
"D:/UEProjects/MO57/Content/UltraDynamicSky/Sound/UDS_Environment_Sound.uasset" 733
"D:/UEProjects/MO57/Content/UltraDynamicSky/Sound/UDS_Environment_Sound.uexp" 734
"D:/UEProjects/MO57/Content/UltraDynamicSky/Sound/UDS_Weather.uasset" 735
"D:/UEProjects/MO57/Content/UltraDynamicSky/Sound/UDS_Weather.uexp" 736
"D:/UEProjects/MO57/Content/UltraDynamicSky/Sound/UDS_Outdoor_Sound.uasset" 737
"D:/UEProjects/MO57/Content/UltraDynamicSky/Sound/UDS_Outdoor_Sound.uexp" 738
"D:/UEProjects/MO57/Content/UltraDynamicSky/Blueprints/Enum/UDS_ControlPointMode.uasset" 739
"D:/UEProjects/MO57/Content/UltraDynamicSky/Blueprints/Enum/UDS_ControlPointMode.uexp" 740
"D:/UEProjects/MO57/Content/UltraDynamicSky/Blueprints/Enum/UDS_LightningBloomMode.uasset" 741
"D:/UEProjects/MO57/Content/UltraDynamicSky/Blueprints/Enum/UDS_LightningBloomMode.uexp" 742
"D:/UEProjects/MO57/Content/UltraDynamicSky/Blueprints/Enum/UDS_Occlusion_Water_Behavior.uasset" 743
"D:/UEProjects/MO57/Content/UltraDynamicSky/Blueprints/Enum/UDS_Occlusion_Water_Behavior.uexp" 744
"D:/UEProjects/MO57/Content/UltraDynamicSky/Blueprints/Enum/UDS_Particle_Collision_Mode.uasset" 745
"D:/UEProjects/MO57/Content/UltraDynamicSky/Blueprints/Enum/UDS_Particle_Collision_Mode.uexp" 746
"D:/UEProjects/MO57/Content/UltraDynamicSky/Blueprints/Enum/UDS_PPWF_MaskMode.uasset" 747
"D:/UEProjects/MO57/Content/UltraDynamicSky/Blueprints/Enum/UDS_PPWF_MaskMode.uexp" 748
"D:/UEProjects/MO57/Content/UltraDynamicSky/Blueprints/Enum/UDS_Rain_Splash_RenderMode.uasset" 749
"D:/UEProjects/MO57/Content/UltraDynamicSky/Blueprints/Enum/UDS_Rain_Splash_RenderMode.uexp" 750
"D:/UEProjects/MO57/Content/UltraDynamicSky/Blueprints/Enum/UDS_Season.uasset" 751
"D:/UEProjects/MO57/Content/UltraDynamicSky/Blueprints/Enum/UDS_Season.uexp" 752
"D:/UEProjects/MO57/Content/UltraDynamicSky/Blueprints/Enum/UDS_SeasonMode.uasset" 753
"D:/UEProjects/MO57/Content/UltraDynamicSky/Blueprints/Enum/UDS_SeasonMode.uexp" 754
"D:/UEProjects/MO57/Content/UltraDynamicSky/Blueprints/Enum/UDS_TemperatureType.uasset" 755
"D:/UEProjects/MO57/Content/UltraDynamicSky/Blueprints/Enum/UDS_TemperatureType.uexp" 756
"D:/UEProjects/MO57/Content/UltraDynamicSky/Blueprints/Enum/UDS_Temperature_Sample_Location.uasset" 757
"D:/UEProjects/MO57/Content/UltraDynamicSky/Blueprints/Enum/UDS_Temperature_Sample_Location.uexp" 758
"D:/UEProjects/MO57/Content/UltraDynamicSky/Blueprints/Enum/UDS_Weather_Display_Names.uasset" 759
"D:/UEProjects/MO57/Content/UltraDynamicSky/Blueprints/Enum/UDS_Weather_Display_Names.uexp" 760
"D:/UEProjects/MO57/Content/UltraDynamicSky/Blueprints/Functions/UltraDynamicSky_Functions.uasset" 761
"D:/UEProjects/MO57/Content/UltraDynamicSky/Blueprints/Functions/UltraDynamicSky_Functions.uexp" 762
"D:/UEProjects/MO57/Content/UltraDynamicSky/Blueprints/System/UDS_Environment_Sound.uasset" 763
"D:/UEProjects/MO57/Content/UltraDynamicSky/Blueprints/System/UDS_Environment_Sound.uexp" 764
"D:/UEProjects/MO57/Content/UltraDynamicSky/Blueprints/System/UDS_RenderTarget_State.uasset" 765
"D:/UEProjects/MO57/Content/UltraDynamicSky/Blueprints/System/UDS_RenderTarget_State.uexp" 766
"D:/UEProjects/MO57/Content/UltraDynamicSky/Textures/Weather/DLWE_MaskTarget.uasset" 767
"D:/UEProjects/MO57/Content/UltraDynamicSky/Textures/Weather/DLWE_MaskTarget.uexp" 768
"D:/UEProjects/MO57/Content/UltraDynamicSky/Textures/Weather/ParticleClouds.ubulk" 769
"D:/UEProjects/MO57/Content/UltraDynamicSky/Textures/Weather/ParticleClouds.uasset" 770
"D:/UEProjects/MO57/Content/UltraDynamicSky/Textures/Weather/ParticleClouds.uexp" 771
"D:/UEProjects/MO57/Content/UltraDynamicSky/Materials/Weather/DLWE_Trail_Pixel_Operation.uasset" 772
"D:/UEProjects/MO57/Content/UltraDynamicSky/Materials/Weather/DLWE_Trail_Pixel_Operation.uexp" 773
"D:/UEProjects/MO57/Content/UltraDynamicSky/Textures/Weather/DLWE_NormalBrush.uasset" 774
"D:/UEProjects/MO57/Content/UltraDynamicSky/Textures/Weather/DLWE_NormalBrush.uexp" 775
"D:/UEProjects/MO57/Content/UltraDynamicSky/Materials/Weather/DLWE_Trail_Brush.uasset" 776
"D:/UEProjects/MO57/Content/UltraDynamicSky/Materials/Weather/DLWE_Trail_Brush.uexp" 777
"D:/UEProjects/MO57/Content/UltraDynamicSky/Materials/Weather/Post_Process_Wind_Fog_Composite.uasset" 778
"D:/UEProjects/MO57/Content/UltraDynamicSky/Materials/Weather/Post_Process_Wind_Fog_Composite.uexp" 779
"D:/UEProjects/MO57/Content/UltraDynamicSky/Materials/Weather/Radial_Storm_Weather_Draw.uasset" 780
"D:/UEProjects/MO57/Content/UltraDynamicSky/Materials/Weather/Radial_Storm_Weather_Draw.uexp" 781
"D:/UEProjects/MO57/Content/UltraDynamicSky/Materials/Weather/Snow_Fade_Target_Mat.uasset" 782
"D:/UEProjects/MO57/Content/UltraDynamicSky/Materials/Weather/Snow_Fade_Target_Mat.uexp" 783
"D:/UEProjects/MO57/Content/UltraDynamicSky/Textures/Weather/Weather_Mask_Height_Target.uasset" 784
"D:/UEProjects/MO57/Content/UltraDynamicSky/Textures/Weather/Weather_Mask_Height_Target.uexp" 785
"D:/UEProjects/MO57/Content/UltraDynamicSky/Materials/Weather/WeatherMaskHeightDraw.uasset" 786
"D:/UEProjects/MO57/Content/UltraDynamicSky/Materials/Weather/WeatherMaskHeightDraw.uexp" 787
"D:/UEProjects/MO57/Content/UltraDynamicSky/Materials/Weather/WOV_Target_Brush.uasset" 788
"D:/UEProjects/MO57/Content/UltraDynamicSky/Materials/Weather/WOV_Target_Brush.uexp" 789
"D:/UEProjects/MO57/Content/UltraDynamicSky/Sound/Bus/UDS_Global_AudioBus.uasset" 790
"D:/UEProjects/MO57/Content/UltraDynamicSky/Sound/Bus/UDS_Global_AudioBus.uexp" 791
"D:/UEProjects/MO57/Content/UltraDynamicSky/Sound/Bus/UDS_Weather_AudioBus.uasset" 792
"D:/UEProjects/MO57/Content/UltraDynamicSky/Sound/Bus/UDS_Weather_AudioBus.uexp" 793
"D:/UEProjects/MO57/Content/UltraDynamicSky/Sound/MetaSounds/UDS_SoundOcclusion.uasset" 794
"D:/UEProjects/MO57/Content/UltraDynamicSky/Sound/MetaSounds/UDS_SoundOcclusion.uexp" 795
"D:/UEProjects/MO57/Content/UltraDynamicSky/Sound/MetaSounds/UDS_WorldStereoPan.uasset" 796
"D:/UEProjects/MO57/Content/UltraDynamicSky/Sound/MetaSounds/UDS_WorldStereoPan.uexp" 797
"D:/UEProjects/MO57/Content/UltraDynamicSky/Sound/MetaSounds/UDS_Stereo_Panning_and_Occlusion.uasset" 798
"D:/UEProjects/MO57/Content/UltraDynamicSky/Sound/MetaSounds/UDS_Stereo_Panning_and_Occlusion.uexp" 799
"D:/UEProjects/MO57/Content/UltraDynamicSky/Sound/MetaSounds/UDS_WeatherSoundMixer.uasset" 800
"D:/UEProjects/MO57/Content/UltraDynamicSky/Sound/MetaSounds/UDS_WeatherSoundMixer.uexp" 801
"D:/UEProjects/MO57/Content/UltraDynamicSky/Textures/Weather/Weather_Mask_Brush_Target.uasset" 802
"D:/UEProjects/MO57/Content/UltraDynamicSky/Textures/Weather/Weather_Mask_Brush_Target.uexp" 803
"D:/UEProjects/MO57/Content/UltraDynamicSky/Blueprints/Weather_Effects/System/WeatherMaskComponentInterface.uasset" 804
"D:/UEProjects/MO57/Content/UltraDynamicSky/Blueprints/Weather_Effects/System/WeatherMaskComponentInterface.uexp" 805
"D:/UEProjects/MO57/Content/UltraDynamicSky/Materials/Weather/Brush_Visualize_Wireframe.uasset" 806
"D:/UEProjects/MO57/Content/UltraDynamicSky/Materials/Weather/Brush_Visualize_Wireframe.uexp" 807
"D:/UEProjects/MO57/Content/UltraDynamicSky/Meshes/Brush_Cube.ubulk" 808
"D:/UEProjects/MO57/Content/UltraDynamicSky/Meshes/Brush_Cube.uasset" 809
"D:/UEProjects/MO57/Content/UltraDynamicSky/Meshes/Brush_Cube.uexp" 810
"D:/UEProjects/MO57/Content/UltraDynamicSky/Blueprints/Weather_Effects/Weather_Presets/Clear_Skies.uasset" 811
"D:/UEProjects/MO57/Content/UltraDynamicSky/Blueprints/Weather_Effects/Weather_Presets/Clear_Skies.uexp" 812
"D:/UEProjects/MO57/Content/UltraDynamicSky/Blueprints/Functions/UltraDynamicWeather_Functions.uasset" 813
"D:/UEProjects/MO57/Content/UltraDynamicSky/Blueprints/Functions/UltraDynamicWeather_Functions.uexp" 814
"D:/UEProjects/MO57/Content/UltraDynamicSky/Blueprints/Weather_Effects/System/WeatherMask.uasset" 815
"D:/UEProjects/MO57/Content/UltraDynamicSky/Blueprints/Weather_Effects/System/WeatherMask.uexp" 816
"D:/UEProjects/MO57/Content/UltraDynamicSky/Textures/Weather/Mask_Brushes/Brush_Radial.uasset" 817
"D:/UEProjects/MO57/Content/UltraDynamicSky/Textures/Weather/Mask_Brushes/Brush_Radial.uexp" 818
"D:/UEProjects/MO57/Content/UltraDynamicSky/Textures/Weather/Mask_Brushes/Brush_Falloff.uasset" 819
"D:/UEProjects/MO57/Content/UltraDynamicSky/Textures/Weather/Mask_Brushes/Brush_Falloff.uexp" 820
"D:/UEProjects/MO57/Content/UltraDynamicSky/Meshes/Brush_Square.ubulk" 821
"D:/UEProjects/MO57/Content/UltraDynamicSky/Meshes/Brush_Square.uasset" 822
"D:/UEProjects/MO57/Content/UltraDynamicSky/Meshes/Brush_Square.uexp" 823
"D:/UEProjects/MO57/Content/UltraDynamicSky/Blueprints/Enum/UDS_Weather_Mask_Brush.uasset" 824
"D:/UEProjects/MO57/Content/UltraDynamicSky/Blueprints/Enum/UDS_Weather_Mask_Brush.uexp" 825
"D:/UEProjects/MO57/Content/UltraDynamicSky/Textures/Sky/Black.uasset" 826
"D:/UEProjects/MO57/Content/UltraDynamicSky/Textures/Sky/Black.uexp" 827
"D:/UEProjects/MO57/Content/UltraDynamicSky/Textures/Weather/Mask_Brushes/Brush_Circle.uasset" 828
"D:/UEProjects/MO57/Content/UltraDynamicSky/Textures/Weather/Mask_Brushes/Brush_Circle.uexp" 829
"D:/UEProjects/MO57/Content/UltraDynamicSky/Textures/Weather/Mask_Brushes/Brush_Pyramid.uasset" 830
"D:/UEProjects/MO57/Content/UltraDynamicSky/Textures/Weather/Mask_Brushes/Brush_Pyramid.uexp" 831
"D:/UEProjects/MO57/Content/UltraDynamicSky/Textures/Weather/Mask_Brushes/Brush_Square.uasset" 832
"D:/UEProjects/MO57/Content/UltraDynamicSky/Textures/Weather/Mask_Brushes/Brush_Square.uexp" 833
"D:/UEProjects/MO57/Content/UltraDynamicSky/Blueprints/Weather_Effects/Components/Weather_Mask_Brush_Component.uasset" 834
"D:/UEProjects/MO57/Content/UltraDynamicSky/Blueprints/Weather_Effects/Components/Weather_Mask_Brush_Component.uexp" 835
"../../../Engine/Content/Functions/Engine_MaterialFunctions01/ImageAdjustment/BlurSampleOffsets.uasset" 836
"../../../Engine/Content/Functions/Engine_MaterialFunctions01/ImageAdjustment/BlurSampleOffsets.uexp" 837
"D:/UEProjects/MO57/Content/UltraDynamicSky/Materials/Weather/Projection_Box_Height.uasset" 838
"D:/UEProjects/MO57/Content/UltraDynamicSky/Materials/Weather/Projection_Box_Height.uexp" 839
"D:/UEProjects/MO57/Content/UltraDynamicSky/Materials/Weather/Projection_Box_Mask.uasset" 840
"D:/UEProjects/MO57/Content/UltraDynamicSky/Materials/Weather/Projection_Box_Mask.uexp" 841
"D:/UEProjects/MO57/Content/UltraDynamicSky/Blueprints/Weather_Effects/Components/Weather_Mask_Projection_Box_Component.uasset" 842
"D:/UEProjects/MO57/Content/UltraDynamicSky/Blueprints/Weather_Effects/Components/Weather_Mask_Projection_Box_Component.uexp" 843
"D:/UEProjects/MO57/Content/UltraDynamicSky/Blueprints/Weather_Effects/System/Radial_Storm_Weather_Interface.uasset" 844
"D:/UEProjects/MO57/Content/UltraDynamicSky/Blueprints/Weather_Effects/System/Radial_Storm_Weather_Interface.uexp" 845
"D:/UEProjects/MO57/Content/UltraDynamicSky/Blueprints/Weather_Effects/System/UDS_Climate_Preset.uasset" 846
"D:/UEProjects/MO57/Content/UltraDynamicSky/Blueprints/Weather_Effects/System/UDS_Climate_Preset.uexp" 847
"D:/UEProjects/MO57/Content/UltraDynamicSky/Blueprints/Weather_Effects/System/UDW_and_Weather_Override_Volume_Interface.uasset" 848
"D:/UEProjects/MO57/Content/UltraDynamicSky/Blueprints/Weather_Effects/System/UDW_and_Weather_Override_Volume_Interface.uexp" 849
"D:/UEProjects/MO57/Content/UltraDynamicSky/Blueprints/Weather_Effects/Weather_Presets/Cloudy.uasset" 850
"D:/UEProjects/MO57/Content/UltraDynamicSky/Blueprints/Weather_Effects/Weather_Presets/Cloudy.uexp" 851
"D:/UEProjects/MO57/Content/UltraDynamicSky/Blueprints/Weather_Effects/Weather_Presets/Foggy.uasset" 852
"D:/UEProjects/MO57/Content/UltraDynamicSky/Blueprints/Weather_Effects/Weather_Presets/Foggy.uexp" 853
"D:/UEProjects/MO57/Content/UltraDynamicSky/Blueprints/Weather_Effects/Weather_Presets/Overcast.uasset" 854
"D:/UEProjects/MO57/Content/UltraDynamicSky/Blueprints/Weather_Effects/Weather_Presets/Overcast.uexp" 855
"D:/UEProjects/MO57/Content/UltraDynamicSky/Blueprints/Weather_Effects/Weather_Presets/Partly_Cloudy.uasset" 856
"D:/UEProjects/MO57/Content/UltraDynamicSky/Blueprints/Weather_Effects/Weather_Presets/Partly_Cloudy.uexp" 857
"D:/UEProjects/MO57/Content/UltraDynamicSky/Blueprints/Weather_Effects/Weather_Presets/Rain.uasset" 858
"D:/UEProjects/MO57/Content/UltraDynamicSky/Blueprints/Weather_Effects/Weather_Presets/Rain.uexp" 859
"D:/UEProjects/MO57/Content/UltraDynamicSky/Blueprints/Weather_Effects/Weather_Presets/Rain_Light.uasset" 860
"D:/UEProjects/MO57/Content/UltraDynamicSky/Blueprints/Weather_Effects/Weather_Presets/Rain_Light.uexp" 861
"D:/UEProjects/MO57/Content/UltraDynamicSky/Blueprints/Weather_Effects/Weather_Presets/Rain_Thunderstorm.uasset" 862
"D:/UEProjects/MO57/Content/UltraDynamicSky/Blueprints/Weather_Effects/Weather_Presets/Rain_Thunderstorm.uexp" 863
"D:/UEProjects/MO57/Content/UltraDynamicSky/Blueprints/Weather_Effects/Weather_Presets/Snow.uasset" 864
"D:/UEProjects/MO57/Content/UltraDynamicSky/Blueprints/Weather_Effects/Weather_Presets/Snow.uexp" 865
"D:/UEProjects/MO57/Content/UltraDynamicSky/Blueprints/Weather_Effects/Weather_Presets/Snow_Blizzard.uasset" 866
"D:/UEProjects/MO57/Content/UltraDynamicSky/Blueprints/Weather_Effects/Weather_Presets/Snow_Blizzard.uexp" 867
"D:/UEProjects/MO57/Content/UltraDynamicSky/Blueprints/Weather_Effects/Weather_Presets/Snow_Light.uasset" 868
"D:/UEProjects/MO57/Content/UltraDynamicSky/Blueprints/Weather_Effects/Weather_Presets/Snow_Light.uexp" 869
"D:/UEProjects/MO57/Content/UltraDynamicSky/Blueprints/Weather_Effects/Weather_Presets/Sand_Dust_Calm.uasset" 870
"D:/UEProjects/MO57/Content/UltraDynamicSky/Blueprints/Weather_Effects/Weather_Presets/Sand_Dust_Calm.uexp" 871
"D:/UEProjects/MO57/Content/UltraDynamicSky/Blueprints/Weather_Effects/Weather_Presets/Sand_Dust_Storm.uasset" 872
"D:/UEProjects/MO57/Content/UltraDynamicSky/Blueprints/Weather_Effects/Weather_Presets/Sand_Dust_Storm.uexp" 873
"D:/UEProjects/MO57/Content/UltraDynamicSky/Blueprints/Weather_Effects/System/Random_Weather_Variation.uasset" 874
"D:/UEProjects/MO57/Content/UltraDynamicSky/Blueprints/Weather_Effects/System/Random_Weather_Variation.uexp" 875
"D:/UEProjects/MO57/Content/UltraDynamicSky/Blueprints/Weather_Effects/System/Temperature_Volume_Interface.uasset" 876
"D:/UEProjects/MO57/Content/UltraDynamicSky/Blueprints/Weather_Effects/System/Temperature_Volume_Interface.uexp" 877
"D:/UEProjects/MO57/Content/UltraDynamicSky/Blueprints/Weather_Effects/System/UDW_Dispatcher_Tunnel.uasset" 878
"D:/UEProjects/MO57/Content/UltraDynamicSky/Blueprints/Weather_Effects/System/UDW_Dispatcher_Tunnel.uexp" 879
"D:/UEProjects/MO57/Content/UltraDynamicSky/Blueprints/Weather_Effects/System/UDW_DispatcherTunnelAsset.uasset" 880
"D:/UEProjects/MO57/Content/UltraDynamicSky/Blueprints/Weather_Effects/System/UDW_DispatcherTunnelAsset.uexp" 881
"D:/UEProjects/MO57/Content/UltraDynamicSky/Blueprints/Weather_Effects/System/UDW_LightningStrikableActorInterface.uasset" 882
"D:/UEProjects/MO57/Content/UltraDynamicSky/Blueprints/Weather_Effects/System/UDW_LightningStrikableActorInterface.uexp" 883
"D:/UEProjects/MO57/Content/UltraDynamicSky/Blueprints/Weather_Effects/System/UDW_Local_Weather_Actor_Interface.uasset" 884
"D:/UEProjects/MO57/Content/UltraDynamicSky/Blueprints/Weather_Effects/System/UDW_Local_Weather_Actor_Interface.uexp" 885
"D:/UEProjects/MO57/Content/UltraDynamicSky/Blueprints/Weather_Effects/System/UDW_Temperature_Manager_Interface.uasset" 886
"D:/UEProjects/MO57/Content/UltraDynamicSky/Blueprints/Weather_Effects/System/UDW_Temperature_Manager_Interface.uexp" 887
"D:/UEProjects/MO57/Content/UltraDynamicSky/Blueprints/Weather_Effects/System/UDW_Temperature_Manager.uasset" 888
"D:/UEProjects/MO57/Content/UltraDynamicSky/Blueprints/Weather_Effects/System/UDW_Temperature_Manager.uexp" 889
"D:/UEProjects/MO57/Content/UltraDynamicSky/Blueprints/Weather_Effects/System/UDW_Material_State_Manager.uasset" 890
"D:/UEProjects/MO57/Content/UltraDynamicSky/Blueprints/Weather_Effects/System/UDW_Material_State_Manager.uexp" 891
"D:/UEProjects/MO57/Content/UltraDynamicSky/Blueprints/Weather_Effects/System/UDW_WOVTarget_Draw_Actor_Interface.uasset" 892
"D:/UEProjects/MO57/Content/UltraDynamicSky/Blueprints/Weather_Effects/System/UDW_WOVTarget_Draw_Actor_Interface.uexp" 893
"D:/UEProjects/MO57/Content/UltraDynamicSky/Blueprints/Ultra_Dynamic_Weather.uasset" 894
"D:/UEProjects/MO57/Content/UltraDynamicSky/Blueprints/Ultra_Dynamic_Weather.uexp" 895
"D:/UEProjects/MO57/Plugins/MOFramework/Content/SurvivalSystems/BP_UDWWeatherProvider.uasset" 896
"D:/UEProjects/MO57/Plugins/MOFramework/Content/SurvivalSystems/BP_UDWWeatherProvider.uexp" 897
"../../../Engine/Content/EngineMaterials/DefaultMaterial.uasset" 898
"../../../Engine/Content/EngineMaterials/DefaultMaterial.uexp" 899
"../../../Engine/Content/BasicShapes/Cone.ubulk" 900
"../../../Engine/Content/BasicShapes/Cone.uasset" 901
"../../../Engine/Content/BasicShapes/Cone.uexp" 902
"D:/UEProjects/MO57/Plugins/MOFramework/Content/UI/WBP_CommonButtonBase.uasset" 903
"D:/UEProjects/MO57/Plugins/MOFramework/Content/UI/WBP_CommonButtonBase.uexp" 904
"../../../Engine/Content/EditorLandscapeResources/SelectBrushMaterial.uasset" 905
"../../../Engine/Content/EditorLandscapeResources/SelectBrushMaterial.uexp" 906
"../../../Engine/Content/EditorLandscapeResources/SelectBrushMaterial_Selected.uasset" 907
"../../../Engine/Content/EditorLandscapeResources/SelectBrushMaterial_Selected.uexp" 908
"../../../Engine/Content/EditorLandscapeResources/SelectBrushMaterial_SelectedRegion.uasset" 909
"../../../Engine/Content/EditorLandscapeResources/SelectBrushMaterial_SelectedRegion.uexp" 910
"../../../Engine/Content/BasicShapes/Plane.ubulk" 911
"../../../Engine/Content/BasicShapes/Plane.uasset" 912
"../../../Engine/Content/BasicShapes/Plane.uexp" 913
"D:/UEProjects/MO57/Plugins/MOFramework/Content/UI/CraftingSystem/WBP_CraftingQueue.uasset" 914
"D:/UEProjects/MO57/Plugins/MOFramework/Content/UI/CraftingSystem/WBP_CraftingQueue.uexp" 915
"../../../Engine/Content/BasicShapes/Sphere.ubulk" 916
"../../../Engine/Content/BasicShapes/Sphere.uasset" 917
"../../../Engine/Content/BasicShapes/Sphere.uexp" 918
"../../../Engine/Content/Functions/Engine_MaterialFunctions02/Utility/BreakOutFloat2Components.uasset" 919
"../../../Engine/Content/Functions/Engine_MaterialFunctions02/Utility/BreakOutFloat2Components.uexp" 920
"../../../Engine/Content/EngineMaterials/DefaultDiffuse.ubulk" 921
"../../../Engine/Content/EngineMaterials/DefaultDiffuse.uasset" 922
"../../../Engine/Content/EngineMaterials/DefaultDiffuse.uexp" 923
"../../../Engine/Content/EngineMaterials/DefaultPostProcessMaterial.uasset" 924
"../../../Engine/Content/EngineMaterials/DefaultPostProcessMaterial.uexp" 925
"../../../Engine/Content/EditorLandscapeResources/SplineEditorMeshMat.uasset" 926
"../../../Engine/Content/EditorLandscapeResources/SplineEditorMeshMat.uexp" 927
"../../../Engine/Content/EditorLandscapeResources/SplineEditorMesh.ubulk" 928
"../../../Engine/Content/EditorLandscapeResources/SplineEditorMesh.uasset" 929
"../../../Engine/Content/EditorLandscapeResources/SplineEditorMesh.uexp" 930
"../../../Engine/Content/EngineFonts/RobotoDistanceField.uasset" 931
"../../../Engine/Content/EngineFonts/RobotoDistanceField.uexp" 932
"../../../Engine/Content/EngineMaterials/DefaultTextMaterialOpaque.uasset" 933
"../../../Engine/Content/EngineMaterials/DefaultTextMaterialOpaque.uexp" 934
"D:/UEProjects/MO57/Plugins/MOFramework/Content/UI/CraftingSystem/WBP_CraftingRecipeDetail.uasset" 935
"D:/UEProjects/MO57/Plugins/MOFramework/Content/UI/CraftingSystem/WBP_CraftingRecipeDetail.uexp" 936
"D:/UEProjects/MO57/Plugins/MOFramework/Content/UI/CraftingSystem/WBP_CraftingRecipeEntry.uasset" 937
"D:/UEProjects/MO57/Plugins/MOFramework/Content/UI/CraftingSystem/WBP_CraftingRecipeEntry.uexp" 938
"D:/UEProjects/MO57/Plugins/MOFramework/Content/UI/CraftingSystem/WBP_CraftingRecipeList.uasset" 939
"D:/UEProjects/MO57/Plugins/MOFramework/Content/UI/CraftingSystem/WBP_CraftingRecipeList.uexp" 940
"D:/UEProjects/MO57/Plugins/MOFramework/Content/UI/CraftingSystem/WBP_CraftingMenu.uasset" 941
"D:/UEProjects/MO57/Plugins/MOFramework/Content/UI/CraftingSystem/WBP_CraftingMenu.uexp" 942
"../../../Engine/Content/EngineMaterials/DefaultWhiteGrid.ubulk" 943
"../../../Engine/Content/EngineMaterials/DefaultWhiteGrid.uasset" 944
"../../../Engine/Content/EngineMaterials/DefaultWhiteGrid.uexp" 945
"../../../Engine/Content/EngineDebugMaterials/DebugEditorMaterial.uasset" 946
"../../../Engine/Content/EngineDebugMaterials/DebugEditorMaterial.uexp" 947
"../../../Engine/Content/EngineMaterials/DefaultWhiteGrid_Low.uasset" 948
"../../../Engine/Content/EngineMaterials/DefaultWhiteGrid_Low.uexp" 949
"../../../Engine/Content/EngineMaterials/EmissiveMeshMaterial.uasset" 950
"../../../Engine/Content/EngineMaterials/EmissiveMeshMaterial.uexp" 951
"../../../Engine/Content/EngineDebugMaterials/DebugMeshMaterial.uasset" 952
"../../../Engine/Content/EngineDebugMaterials/DebugMeshMaterial.uexp" 953
"../../../Engine/Content/EngineMaterials/FastBlueNoise_scalar_128x128x64.uasset" 954
"../../../Engine/Content/EngineMaterials/FastBlueNoise_scalar_128x128x64.uexp" 955
"../../../Engine/Content/EngineMaterials/FastBlueNoise_scalar_128x128x8.uasset" 956
"../../../Engine/Content/EngineMaterials/FastBlueNoise_scalar_128x128x8.uexp" 957
"../../../Engine/Content/EngineMaterials/FastBlueNoise_vec2_128x128x64.uasset" 958
"../../../Engine/Content/EngineMaterials/FastBlueNoise_vec2_128x128x64.uexp" 959
"../../../Engine/Content/EngineMaterials/BaseFlattenDiffuseMap.uasset" 960
"../../../Engine/Content/EngineMaterials/BaseFlattenDiffuseMap.uexp" 961
"../../../Engine/Content/EngineMaterials/BaseFlattenEmissiveMap.uasset" 962
"../../../Engine/Content/EngineMaterials/BaseFlattenEmissiveMap.uexp" 963
"../../../Engine/Content/EngineMaterials/BaseFlattenGrayscaleMap.uasset" 964
"../../../Engine/Content/EngineMaterials/BaseFlattenGrayscaleMap.uexp" 965
"../../../Engine/Content/EngineMaterials/BaseFlattenLinearColor.uasset" 966
"../../../Engine/Content/EngineMaterials/BaseFlattenLinearColor.uexp" 967
"../../../Engine/Content/EngineMaterials/BaseFlattenNormalMap.uasset" 968
"../../../Engine/Content/EngineMaterials/BaseFlattenNormalMap.uexp" 969
"../../../Engine/Content/Functions/Engine_MaterialFunctions02/PivotPainter2/Black_1x1_EXR_Texture.uasset" 970
"../../../Engine/Content/Functions/Engine_MaterialFunctions02/PivotPainter2/Black_1x1_EXR_Texture.uexp" 971
"../../../Engine/Content/EngineMaterials/FlattenMaterial.uasset" 972
"../../../Engine/Content/EngineMaterials/FlattenMaterial.uexp" 973
"../../../Engine/Content/EngineMaterials/BaseFlattenDiffuseMap_VT.ubulk" 974
"../../../Engine/Content/EngineMaterials/BaseFlattenDiffuseMap_VT.uasset" 975
"../../../Engine/Content/EngineMaterials/BaseFlattenDiffuseMap_VT.uexp" 976
"../../../Engine/Content/EngineMaterials/BaseFlattenEmissiveMap_VT.ubulk" 977
"../../../Engine/Content/EngineMaterials/BaseFlattenEmissiveMap_VT.uasset" 978
"../../../Engine/Content/EngineMaterials/BaseFlattenEmissiveMap_VT.uexp" 979
"../../../Engine/Content/EngineMaterials/BaseFlattenGrayscaleMap_VT.ubulk" 980
"../../../Engine/Content/EngineMaterials/BaseFlattenGrayscaleMap_VT.uasset" 981
"../../../Engine/Content/EngineMaterials/BaseFlattenGrayscaleMap_VT.uexp" 982
"../../../Engine/Content/EngineMaterials/BaseFlattenLinearColor_VT.ubulk" 983
"../../../Engine/Content/EngineMaterials/BaseFlattenLinearColor_VT.uasset" 984
"../../../Engine/Content/EngineMaterials/BaseFlattenLinearColor_VT.uexp" 985
"../../../Engine/Content/EngineMaterials/BaseFlattenNormalMap_VT.ubulk" 986
"../../../Engine/Content/EngineMaterials/BaseFlattenNormalMap_VT.uasset" 987
"../../../Engine/Content/EngineMaterials/BaseFlattenNormalMap_VT.uexp" 988
"../../../Engine/Content/EngineMaterials/Black_1x1_EXR_Texture_VT.ubulk" 989
"../../../Engine/Content/EngineMaterials/Black_1x1_EXR_Texture_VT.uasset" 990
"../../../Engine/Content/EngineMaterials/Black_1x1_EXR_Texture_VT.uexp" 991
"../../../Engine/Content/EngineMaterials/FlattenMaterial_VT.uasset" 992
"../../../Engine/Content/EngineMaterials/FlattenMaterial_VT.uexp" 993
"../../../Engine/Content/EngineMaterials/FlattenMaterial_WS_Normal_VT.uasset" 994
"../../../Engine/Content/EngineMaterials/FlattenMaterial_WS_Normal_VT.uexp" 995
"D:/UEProjects/MO57/Plugins/MOFramework/Content/UI/WBP_MOPlayerStatus.uasset" 996
"D:/UEProjects/MO57/Plugins/MOFramework/Content/UI/WBP_MOPlayerStatus.uexp" 997
"../../../Engine/Content/EngineMaterials/GizmoMaterial.uasset" 998
"../../../Engine/Content/EngineMaterials/GizmoMaterial.uexp" 999
"../../../Engine/Plugins/Animation/ControlRig/Content/Controls/ControlRig_RoundedSquare_solid.ubulk" 1000
"../../../Engine/Plugins/Animation/ControlRig/Content/Controls/ControlRig_RoundedSquare_solid.uasset" 1001
"../../../Engine/Plugins/Animation/ControlRig/Content/Controls/ControlRig_RoundedSquare_solid.uexp" 1002
"../../../Engine/Plugins/Animation/ControlRig/Content/Controls/ControlRig_RoundedTriangle_1mm.ubulk" 1003
"../../../Engine/Plugins/Animation/ControlRig/Content/Controls/ControlRig_RoundedTriangle_1mm.uasset" 1004
"../../../Engine/Plugins/Animation/ControlRig/Content/Controls/ControlRig_RoundedTriangle_1mm.uexp" 1005
"../../../Engine/Plugins/Animation/ControlRig/Content/Controls/ControlRig_RoundedTriangle_3mm.ubulk" 1006
"../../../Engine/Plugins/Animation/ControlRig/Content/Controls/ControlRig_RoundedTriangle_3mm.uasset" 1007
"../../../Engine/Plugins/Animation/ControlRig/Content/Controls/ControlRig_RoundedTriangle_3mm.uexp" 1008
"../../../Engine/Plugins/Animation/ControlRig/Content/Controls/ControlRig_RoundedTriangle_solid.ubulk" 1009
"../../../Engine/Plugins/Animation/ControlRig/Content/Controls/ControlRig_RoundedTriangle_solid.uasset" 1010
"../../../Engine/Plugins/Animation/ControlRig/Content/Controls/ControlRig_RoundedTriangle_solid.uexp" 1011
"../../../Engine/Plugins/Animation/ControlRig/Content/Controls/ControlRig_Sphere_1mm.ubulk" 1012
"../../../Engine/Plugins/Animation/ControlRig/Content/Controls/ControlRig_Sphere_1mm.uasset" 1013
"../../../Engine/Plugins/Animation/ControlRig/Content/Controls/ControlRig_Sphere_1mm.uexp" 1014
"../../../Engine/Content/EngineMeshes/Sphere.ubulk" 1015
"../../../Engine/Content/EngineMeshes/Sphere.uasset" 1016
"../../../Engine/Content/EngineMeshes/Sphere.uexp" 1017
"../../../Engine/Plugins/Animation/ControlRig/Content/Controls/ControlRig_Sphere_3mm.ubulk" 1018
"../../../Engine/Plugins/Animation/ControlRig/Content/Controls/ControlRig_Sphere_3mm.uasset" 1019
"../../../Engine/Plugins/Animation/ControlRig/Content/Controls/ControlRig_Sphere_3mm.uexp" 1020
"../../../Engine/Plugins/Animation/ControlRig/Content/Controls/ControlRig_Sphere_solid.ubulk" 1021
"../../../Engine/Plugins/Animation/ControlRig/Content/Controls/ControlRig_Sphere_solid.uasset" 1022
"../../../Engine/Plugins/Animation/ControlRig/Content/Controls/ControlRig_Sphere_solid.uexp" 1023
"../../../Engine/Plugins/Animation/ControlRig/Content/Controls/ControlRig_Square_1mm.ubulk" 1024
"../../../Engine/Plugins/Animation/ControlRig/Content/Controls/ControlRig_Square_1mm.uasset" 1025
"../../../Engine/Plugins/Animation/ControlRig/Content/Controls/ControlRig_Square_1mm.uexp" 1026
"../../../Engine/Plugins/Animation/ControlRig/Content/Controls/ControlRig_Square_3mm.ubulk" 1027
"../../../Engine/Plugins/Animation/ControlRig/Content/Controls/ControlRig_Square_3mm.uasset" 1028
"../../../Engine/Plugins/Animation/ControlRig/Content/Controls/ControlRig_Square_3mm.uexp" 1029
"../../../Engine/Plugins/Animation/ControlRig/Content/Controls/ControlRig_Square_Joystick.ubulk" 1030
"../../../Engine/Plugins/Animation/ControlRig/Content/Controls/ControlRig_Square_Joystick.uasset" 1031
"../../../Engine/Plugins/Animation/ControlRig/Content/Controls/ControlRig_Square_Joystick.uexp" 1032
"../../../Engine/Content/Functions/Engine_MaterialFunctions02/Utility/CameraDirectionVector.uasset" 1033
"../../../Engine/Content/Functions/Engine_MaterialFunctions02/Utility/CameraDirectionVector.uexp" 1034
"../../../Engine/Plugins/Experimental/MeshModelingToolsetExp/Content/Materials/GetDisplacementVectorForDepthBias.uasset" 1035
"../../../Engine/Plugins/Experimental/MeshModelingToolsetExp/Content/Materials/GetDisplacementVectorForDepthBias.uexp" 1036
"../../../Engine/Content/Functions/Engine_MaterialFunctions03/Viewport/MF_OrthoWidth.uasset" 1037
"../../../Engine/Content/Functions/Engine_MaterialFunctions03/Viewport/MF_OrthoWidth.uexp" 1038
"../../../Engine/Content/EngineMaterials/LineSetComponentMaterial.uasset" 1039
"../../../Engine/Content/EngineMaterials/LineSetComponentMaterial.uexp" 1040
"../../../Engine/Content/EngineMaterials/MiniFont.uasset" 1041
"../../../Engine/Content/EngineMaterials/MiniFont.uexp" 1042
"../../../Engine/Content/EngineMaterials/InvalidLightmapSettings.ubulk" 1043
"../../../Engine/Content/EngineMaterials/InvalidLightmapSettings.uasset" 1044
"../../../Engine/Content/EngineMaterials/InvalidLightmapSettings.uexp" 1045
"../../../Engine/Content/EngineMaterials/M_InvalidLightmapSettings.uasset" 1046
"../../../Engine/Content/EngineMaterials/M_InvalidLightmapSettings.uexp" 1047
"../../../Engine/Plugins/Animation/ControlRig/Content/Controls/ControlRig_Square_solid.ubulk" 1048
"../../../Engine/Plugins/Animation/ControlRig/Content/Controls/ControlRig_Square_solid.uasset" 1049
"../../../Engine/Plugins/Animation/ControlRig/Content/Controls/ControlRig_Square_solid.uexp" 1050
"../../../Engine/Content/EngineMaterials/NaniteHiddenSectionMaterial.uasset" 1051
"../../../Engine/Content/EngineMaterials/NaniteHiddenSectionMaterial.uexp" 1052
"../../../Engine/Plugins/Animation/ControlRig/Content/Controls/ControlRig_Star4_1mm.ubulk" 1053
"../../../Engine/Plugins/Animation/ControlRig/Content/Controls/ControlRig_Star4_1mm.uasset" 1054
"../../../Engine/Plugins/Animation/ControlRig/Content/Controls/ControlRig_Star4_1mm.uexp" 1055
"../../../Engine/Plugins/Animation/ControlRig/Content/Controls/ControlRig_Star4_3mm.ubulk" 1056
"../../../Engine/Plugins/Animation/ControlRig/Content/Controls/ControlRig_Star4_3mm.uasset" 1057
"../../../Engine/Plugins/Animation/ControlRig/Content/Controls/ControlRig_Star4_3mm.uexp" 1058
"../../../Engine/Content/EditorLandscapeResources/ColorMaskBrushMaterial.uasset" 1059
"../../../Engine/Content/EditorLandscapeResources/ColorMaskBrushMaterial.uexp" 1060
"../../../Engine/Content/EditorLandscapeResources/ColorMaskBrushMaterial_MaskedRegion.uasset" 1061
"../../../Engine/Content/EditorLandscapeResources/ColorMaskBrushMaterial_MaskedRegion.uexp" 1062
"../../../Engine/Plugins/Animation/ControlRig/Content/Controls/ControlRig_Star4_solid.ubulk" 1063
"../../../Engine/Plugins/Animation/ControlRig/Content/Controls/ControlRig_Star4_solid.uasset" 1064
"../../../Engine/Plugins/Animation/ControlRig/Content/Controls/ControlRig_Star4_solid.uexp" 1065
"../../../Engine/Plugins/Animation/ControlRig/Content/Controls/ControlRig_Triangle_1mm.ubulk" 1066
"../../../Engine/Plugins/Animation/ControlRig/Content/Controls/ControlRig_Triangle_1mm.uasset" 1067
"../../../Engine/Plugins/Animation/ControlRig/Content/Controls/ControlRig_Triangle_1mm.uexp" 1068
"../../../Engine/Content/EngineMaterials/PhAT_JointLimitMaterial.uasset" 1069
"../../../Engine/Content/EngineMaterials/PhAT_JointLimitMaterial.uexp" 1070
"../../../Engine/Content/EditorResources/BSPVertex.uasset" 1071
"../../../Engine/Content/EditorResources/BSPVertex.uexp" 1072
"../../../Engine/Content/EngineMaterials/DefaultCalibrationColor.uasset" 1073
"../../../Engine/Content/EngineMaterials/DefaultCalibrationColor.uexp" 1074
"../../../Engine/Content/EngineMaterials/PPM_DefaultCalibrationColor.uasset" 1075
"../../../Engine/Content/EngineMaterials/PPM_DefaultCalibrationColor.uexp" 1076
"../../../Engine/Content/EngineMaterials/DefaultCalibrationGrayscale.uasset" 1077
"../../../Engine/Content/EngineMaterials/DefaultCalibrationGrayscale.uexp" 1078
"../../../Engine/Content/EngineMaterials/PPM_DefaultCalibrationGrayscale.uasset" 1079
"../../../Engine/Content/EngineMaterials/PPM_DefaultCalibrationGrayscale.uexp" 1080
"../../../Engine/Plugins/Animation/ControlRig/Content/Controls/ControlRig_Triangle_3mm.ubulk" 1081
"../../../Engine/Plugins/Animation/ControlRig/Content/Controls/ControlRig_Triangle_3mm.uasset" 1082
"../../../Engine/Plugins/Animation/ControlRig/Content/Controls/ControlRig_Triangle_3mm.uexp" 1083
"../../../Engine/Content/EngineDebugMaterials/M_SimpleUnlitTranslucent.uasset" 1084
"../../../Engine/Content/EngineDebugMaterials/M_SimpleUnlitTranslucent.uexp" 1085
"../../../Engine/Plugins/Animation/ControlRig/Content/Controls/ControlRig_Triangle_solid.ubulk" 1086
"../../../Engine/Plugins/Animation/ControlRig/Content/Controls/ControlRig_Triangle_solid.uasset" 1087
"../../../Engine/Plugins/Animation/ControlRig/Content/Controls/ControlRig_Triangle_solid.uexp" 1088
"../../../Engine/Content/EngineDebugMaterials/VolumeToRender.uasset" 1089
"../../../Engine/Content/EngineDebugMaterials/VolumeToRender.uexp" 1090
"../../../Engine/Content/EngineDebugMaterials/M_VolumeRenderSphereTracePP.uasset" 1091
"../../../Engine/Content/EngineDebugMaterials/M_VolumeRenderSphereTracePP.uexp" 1092
"../../../Engine/Plugins/Animation/ControlRig/Content/Controls/ControlRig_Wedge_1mm.ubulk" 1093
"../../../Engine/Plugins/Animation/ControlRig/Content/Controls/ControlRig_Wedge_1mm.uasset" 1094
"../../../Engine/Plugins/Animation/ControlRig/Content/Controls/ControlRig_Wedge_1mm.uexp" 1095
"../../../Engine/Content/EngineMaterials/PreintegratedSkinBRDF.uasset" 1096
"../../../Engine/Content/EngineMaterials/PreintegratedSkinBRDF.uexp" 1097
"../../../Engine/Content/EditorLandscapeResources/LandscapeDirtyMaterial.uasset" 1098
"../../../Engine/Content/EditorLandscapeResources/LandscapeDirtyMaterial.uexp" 1099
"../../../Engine/Plugins/Animation/ControlRig/Content/Controls/ControlRig_Wedge_3mm.ubulk" 1100
"../../../Engine/Plugins/Animation/ControlRig/Content/Controls/ControlRig_Wedge_3mm.uasset" 1101
"../../../Engine/Plugins/Animation/ControlRig/Content/Controls/ControlRig_Wedge_3mm.uexp" 1102
"../../../Engine/Plugins/Animation/ControlRig/Content/Controls/ControlRig_Wedge_solid.ubulk" 1103
"../../../Engine/Plugins/Animation/ControlRig/Content/Controls/ControlRig_Wedge_solid.uasset" 1104
"../../../Engine/Plugins/Animation/ControlRig/Content/Controls/ControlRig_Wedge_solid.uexp" 1105
"../../../Engine/Content/EngineMaterials/RemoveSurfaceMaterial.uasset" 1106
"../../../Engine/Content/EngineMaterials/RemoveSurfaceMaterial.uexp" 1107
"../../../Engine/Content/Functions/Engine_MaterialFunctions01/Texturing/TextureCropping.uasset" 1108
"../../../Engine/Content/Functions/Engine_MaterialFunctions01/Texturing/TextureCropping.uexp" 1109
"../../../Engine/Content/Functions/Engine_MaterialFunctions02/ExampleContent/DebugNumberStrip.uasset" 1110
"../../../Engine/Content/Functions/Engine_MaterialFunctions02/ExampleContent/DebugNumberStrip.uexp" 1111
"../../../Engine/Content/Functions/Engine_MaterialFunctions01/Debug/DebugIntValues.uasset" 1112
"../../../Engine/Content/Functions/Engine_MaterialFunctions01/Debug/DebugIntValues.uexp" 1113
"../../../Engine/Content/Functions/Engine_MaterialFunctions01/Texturing/ScaleUVsByCenter.uasset" 1114
"../../../Engine/Content/Functions/Engine_MaterialFunctions01/Texturing/ScaleUVsByCenter.uexp" 1115
"../../../Engine/Content/Functions/Engine_MaterialFunctions02/WorldPositionOffset/LocalPosition.uasset" 1116
"../../../Engine/Content/Functions/Engine_MaterialFunctions02/WorldPositionOffset/LocalPosition.uexp" 1117
"../../../Engine/Content/EditorLandscapeResources/LandscapeLayerUsageMaterial.uasset" 1118
"../../../Engine/Content/EditorLandscapeResources/LandscapeLayerUsageMaterial.uexp" 1119
"../../../Engine/Content/EngineResources/DefaultTextureCube.uasset" 1120
"../../../Engine/Content/EngineResources/DefaultTextureCube.uexp" 1121
"../../../Engine/Content/EngineMaterials/SMAAAreaTex.uasset" 1122
"../../../Engine/Content/EngineMaterials/SMAAAreaTex.uexp" 1123
"../../../Engine/Content/EngineMaterials/SMAASearchTex.uasset" 1124
"../../../Engine/Content/EngineMaterials/SMAASearchTex.uexp" 1125
"../../../Engine/Content/EngineResources/DefaultVolumeTexture2D.uasset" 1126
"../../../Engine/Content/EngineResources/DefaultVolumeTexture2D.uexp" 1127
"../../../Engine/Content/EngineResources/DefaultVolumeTexture.uasset" 1128
"../../../Engine/Content/EngineResources/DefaultVolumeTexture.uexp" 1129
"../../../Engine/Plugins/Media/MediaPlate/Content/SM_MediaPlateScreen.ubulk" 1130
"../../../Engine/Plugins/Media/MediaPlate/Content/SM_MediaPlateScreen.uasset" 1131
"../../../Engine/Plugins/Media/MediaPlate/Content/SM_MediaPlateScreen.uexp" 1132
"../../../Engine/Content/EditorResources/S_Actor.ubulk" 1133
"../../../Engine/Content/EditorResources/S_Actor.uasset" 1134
"../../../Engine/Content/EditorResources/S_Actor.uexp" 1135
"../../../Engine/Plugins/NNE/NNEDenoiser/Content/NNEDIM_ColorAlbedoNormal_Alpha.uasset" 1136
"../../../Engine/Plugins/NNE/NNEDenoiser/Content/NNEDIM_ColorAlbedoNormal_Alpha.uexp" 1137
"../../../Engine/Plugins/NNE/NNEDenoiser/Content/NNEDIM_ColorAlbedoNormal_Default.uasset" 1138
"../../../Engine/Plugins/NNE/NNEDenoiser/Content/NNEDIM_ColorAlbedoNormal_Default.uexp" 1139
"../../../Engine/Plugins/NNE/NNEDenoiser/Content/NNEDIM_HighQuality_Alpha.uasset" 1140
"../../../Engine/Plugins/NNE/NNEDenoiser/Content/NNEDIM_HighQuality_Alpha.uexp" 1141
"../../../Engine/Content/EngineResources/GradientTexture0.uasset" 1142
"../../../Engine/Content/EngineResources/GradientTexture0.uexp" 1143
"../../../Engine/Plugins/NNE/NNEDenoiser/Content/NNEDIM_HighQuality_Default.uasset" 1144
"../../../Engine/Plugins/NNE/NNEDenoiser/Content/NNEDIM_HighQuality_Default.uexp" 1145
"../../../Engine/Plugins/NNE/NNEDenoiser/Content/NNEDOM_Output_Alpha.uasset" 1146
"../../../Engine/Plugins/NNE/NNEDenoiser/Content/NNEDOM_Output_Alpha.uexp" 1147
"../../../Engine/Content/EngineResources/DefaultTexture_Low.uasset" 1148
"../../../Engine/Content/EngineResources/DefaultTexture_Low.uexp" 1149
"D:/UEProjects/MO57/Plugins/Voxel/Content/Default/DefaultTextureArray.uasset" 1150
"D:/UEProjects/MO57/Plugins/Voxel/Content/Default/DefaultTextureArray.uexp" 1151
"../../../Engine/Plugins/NNE/NNEDenoiser/Content/NNEDOM_Output_Default.uasset" 1152
"../../../Engine/Plugins/NNE/NNEDenoiser/Content/NNEDOM_Output_Default.uexp" 1153
"../../../Engine/Plugins/NNE/NNEDenoiser/Content/NNEDTIM_ColorAlbedoNormal_Alpha.uasset" 1154
"../../../Engine/Plugins/NNE/NNEDenoiser/Content/NNEDTIM_ColorAlbedoNormal_Alpha.uexp" 1155
"../../../Engine/Plugins/NNE/NNEDenoiser/Content/NNEDTIM_ColorAlbedoNormal_Default.uasset" 1156
"../../../Engine/Plugins/NNE/NNEDenoiser/Content/NNEDTIM_ColorAlbedoNormal_Default.uexp" 1157
"../../../Engine/Plugins/NNE/NNEDenoiser/Content/NNEDTOM_Output_Alpha.uasset" 1158
"../../../Engine/Plugins/NNE/NNEDenoiser/Content/NNEDTOM_Output_Alpha.uexp" 1159
"../../../Engine/Content/EditorResources/S_BoxReflectionCapture.uasset" 1160
"../../../Engine/Content/EditorResources/S_BoxReflectionCapture.uexp" 1161
"../../../Engine/Plugins/NNE/NNEDenoiser/Content/NNEDTOM_Output_Default.uasset" 1162
"../../../Engine/Plugins/NNE/NNEDenoiser/Content/NNEDTOM_Output_Default.uexp" 1163
"../../../Engine/Plugins/NNE/NNEDenoiser/Content/NNEDT_Oidn2-3_Balanced.uasset" 1164
"../../../Engine/Plugins/NNE/NNEDenoiser/Content/NNEDT_Oidn2-3_Balanced.uexp" 1165
"../../../Engine/Plugins/NNE/NNEDenoiser/Content/NNEDT_Oidn2-3_Balanced_Alpha.uasset" 1166
"../../../Engine/Plugins/NNE/NNEDenoiser/Content/NNEDT_Oidn2-3_Balanced_Alpha.uexp" 1167
"../../../Engine/Plugins/NNE/NNEDenoiser/Content/NNED_Oidn2-3_Balanced.uasset" 1168
"../../../Engine/Plugins/NNE/NNEDenoiser/Content/NNED_Oidn2-3_Balanced.uexp" 1169
"../../../Engine/Plugins/NNE/NNEDenoiser/Content/NNED_Oidn2-3_Balanced_Alpha.uasset" 1170
"../../../Engine/Plugins/NNE/NNEDenoiser/Content/NNED_Oidn2-3_Balanced_Alpha.uexp" 1171
"../../../Engine/Plugins/NNE/NNEDenoiser/Content/NNED_Oidn2-3_Fast.uasset" 1172
"../../../Engine/Plugins/NNE/NNEDenoiser/Content/NNED_Oidn2-3_Fast.uexp" 1173
"../../../Engine/Plugins/NNE/NNEDenoiser/Content/NNED_Oidn2-3_Fast_Alpha.uasset" 1174
"../../../Engine/Plugins/NNE/NNEDenoiser/Content/NNED_Oidn2-3_Fast_Alpha.uexp" 1175
"../../../Engine/Plugins/NNE/NNEDenoiser/Content/NNED_Oidn2-3_HighQuality.uasset" 1176
"../../../Engine/Plugins/NNE/NNEDenoiser/Content/NNED_Oidn2-3_HighQuality.uexp" 1177
"../../../Engine/Plugins/NNE/NNEDenoiser/Content/NNED_Oidn2-3_HighQuality_Alpha.uasset" 1178
"../../../Engine/Plugins/NNE/NNEDenoiser/Content/NNED_Oidn2-3_HighQuality_Alpha.uexp" 1179
"../../../Engine/Plugins/NNE/NNEDenoiser/Content/NNE_oidn2-3-0_rt_hdr_alb_nrm_small__dyn__fp16_opset11_DenoiseAlpha.uasset" 1180
"../../../Engine/Plugins/NNE/NNEDenoiser/Content/NNE_oidn2-3-0_rt_hdr_alb_nrm_small__dyn__fp16_opset11_DenoiseAlpha.uexp" 1181
"../../../Engine/Content/EngineMaterials/WeightMapPlaceholderTexture.uasset" 1182
"../../../Engine/Content/EngineMaterials/WeightMapPlaceholderTexture.uexp" 1183
"../../../Engine/Content/EngineMaterials/WeightMapArrayPlaceholderTexture.uasset" 1184
"../../../Engine/Content/EngineMaterials/WeightMapArrayPlaceholderTexture.uexp" 1185
"../../../Engine/Plugins/NNE/NNEDenoiser/Content/NNE_oidn2-3-0_rt_hdr_alb_nrm_small__dyn__fp16_opset11_ForwardAlpha.uasset" 1186
"../../../Engine/Plugins/NNE/NNEDenoiser/Content/NNE_oidn2-3-0_rt_hdr_alb_nrm_small__dyn__fp16_opset11_ForwardAlpha.uexp" 1187
"../../../Engine/Plugins/NNE/NNEDenoiser/Content/NNE_oidn2-3-0_rt_hdr_alb_nrm__dyn__fp16_opset11_DenoiseAlpha.uasset" 1188
"../../../Engine/Plugins/NNE/NNEDenoiser/Content/NNE_oidn2-3-0_rt_hdr_alb_nrm__dyn__fp16_opset11_DenoiseAlpha.uexp" 1189
"../../../Engine/Plugins/NNE/NNEDenoiser/Content/NNE_oidn2-3-0_rt_hdr_alb_nrm__dyn__fp16_opset11_ForwardAlpha.uasset" 1190
"../../../Engine/Plugins/NNE/NNEDenoiser/Content/NNE_oidn2-3-0_rt_hdr_alb_nrm__dyn__fp16_opset11_ForwardAlpha.uexp" 1191
"../../../Engine/Plugins/NNE/NNEDenoiser/Content/NNE_oidn2-3-0_rt_hdr_calb_cnrm_large__dyn__fp16_opset11_DenoiseAlpha.uasset" 1192
"../../../Engine/Plugins/NNE/NNEDenoiser/Content/NNE_oidn2-3-0_rt_hdr_calb_cnrm_large__dyn__fp16_opset11_DenoiseAlpha.uexp" 1193
"../../../Engine/Plugins/NNE/NNEDenoiser/Content/NNE_oidn2-3-0_rt_hdr_calb_cnrm_large__dyn__fp16_opset11_ForwardAlpha.uasset" 1194
"../../../Engine/Plugins/NNE/NNEDenoiser/Content/NNE_oidn2-3-0_rt_hdr_calb_cnrm_large__dyn__fp16_opset11_ForwardAlpha.uexp" 1195
"../../../Engine/Content/EngineResources/DefaultTexture.ubulk" 1196
"../../../Engine/Content/EngineResources/DefaultTexture.uasset" 1197
"../../../Engine/Content/EngineResources/DefaultTexture.uexp" 1198
"../../../Engine/Plugins/Runtime/AR/AppleAR/AppleARKit/Content/M_OcclusionOverlay.uasset" 1199
"../../../Engine/Plugins/Runtime/AR/AppleAR/AppleARKit/Content/M_OcclusionOverlay.uexp" 1200
"../../../Engine/Plugins/Runtime/AR/AppleAR/AppleARKit/Content/MI_DepthOcclusionOverlay.uasset" 1201
"../../../Engine/Plugins/Runtime/AR/AppleAR/AppleARKit/Content/MI_DepthOcclusionOverlay.uexp" 1202
"../../../Engine/Plugins/Runtime/AR/AppleAR/AppleARKit/Content/MI_MatteOcclusionOverlay.uasset" 1203
"../../../Engine/Plugins/Runtime/AR/AppleAR/AppleARKit/Content/MI_MatteOcclusionOverlay.uexp" 1204
"../../../Engine/Content/EngineResources/WhiteSquareTexture.uasset" 1205
"../../../Engine/Content/EngineResources/WhiteSquareTexture.uexp" 1206
"../../../Engine/Content/EngineMaterials/Widget3DPassThrough.uasset" 1207
"../../../Engine/Content/EngineMaterials/Widget3DPassThrough.uexp" 1208
"../../../Engine/Content/EngineMaterials/Widget3DPassThrough_Masked.uasset" 1209
"../../../Engine/Content/EngineMaterials/Widget3DPassThrough_Masked.uexp" 1210
"../../../Engine/Content/EngineMaterials/Widget3DPassThrough_Opaque.uasset" 1211
"../../../Engine/Content/EngineMaterials/Widget3DPassThrough_Opaque.uexp" 1212
"../../../Engine/Content/EngineMaterials/Widget3DPassThrough_Masked_OneSided.uasset" 1213
"../../../Engine/Content/EngineMaterials/Widget3DPassThrough_Masked_OneSided.uexp" 1214
"../../../Engine/Content/EditorMaterials/PhAT_NoCollisionMaterial.uasset" 1215
"../../../Engine/Content/EditorMaterials/PhAT_NoCollisionMaterial.uexp" 1216
"../../../Engine/Plugins/Runtime/AR/AppleAR/AppleARKit/Content/M_SceneDepthOcclusion.uasset" 1217
"../../../Engine/Plugins/Runtime/AR/AppleAR/AppleARKit/Content/M_SceneDepthOcclusion.uexp" 1218
"../../../Engine/Content/EngineResources/LandscapeVisibilityLayerInfo.uasset" 1219
"../../../Engine/Content/EngineResources/LandscapeVisibilityLayerInfo.uexp" 1220
"../../../Engine/Content/EditorMaterials/PhAT_UnselectedMaterial.uasset" 1221
"../../../Engine/Content/EditorMaterials/PhAT_UnselectedMaterial.uexp" 1222
"../../../Engine/Content/EngineMaterials/Widget3DPassThrough_Opaque_OneSided.uasset" 1223
"../../../Engine/Content/EngineMaterials/Widget3DPassThrough_Opaque_OneSided.uexp" 1224
"../../../Engine/Content/EngineMaterials/Widget3DPassThrough_Translucent.uasset" 1225
"../../../Engine/Content/EngineMaterials/Widget3DPassThrough_Translucent.uexp" 1226
"../../../Engine/Content/EngineMaterials/Widget3DPassThrough_Translucent_OneSided.uasset" 1227
"../../../Engine/Content/EngineMaterials/Widget3DPassThrough_Translucent_OneSided.uexp" 1228
"../../../Engine/Content/Functions/Engine_MaterialFunctions02/Utility/FOV.uasset" 1229
"../../../Engine/Content/Functions/Engine_MaterialFunctions02/Utility/FOV.uexp" 1230
"../../../Engine/Content/Functions/Engine_MaterialFunctions02/WorldPositionOffset/V2/ObjectScale.uasset" 1231
"../../../Engine/Content/Functions/Engine_MaterialFunctions02/WorldPositionOffset/V2/ObjectScale.uexp" 1232
"../../../Engine/Plugins/Experimental/MeshModelingToolsetExp/Content/Materials/PointSetOverlaidComponentMaterial.uasset" 1233
"../../../Engine/Plugins/Experimental/MeshModelingToolsetExp/Content/Materials/PointSetOverlaidComponentMaterial.uexp" 1234
"../../../Engine/Plugins/Runtime/CommonUI/Content/DefaultMediaTexture.uasset" 1235
"../../../Engine/Plugins/Runtime/CommonUI/Content/DefaultMediaTexture.uexp" 1236
"../../../Engine/Plugins/Runtime/CommonUI/Content/VideoPlayerMaterial.uasset" 1237
"../../../Engine/Plugins/Runtime/CommonUI/Content/VideoPlayerMaterial.uexp" 1238
"../../../Engine/Content/EditorMaterials/PreviewShadowIndicator.ubulk" 1239
"../../../Engine/Content/EditorMaterials/PreviewShadowIndicator.uasset" 1240
"../../../Engine/Content/EditorMaterials/PreviewShadowIndicator.uexp" 1241
"../../../Engine/Content/EditorMaterials/PreviewShadowIndicatorMaterial.uasset" 1242
"../../../Engine/Content/EditorMaterials/PreviewShadowIndicatorMaterial.uexp" 1243
"../../../Engine/Content/Functions/Engine_MaterialFunctions02/WorldPositionOffset/ObjectScale.uasset" 1244
"../../../Engine/Content/Functions/Engine_MaterialFunctions02/WorldPositionOffset/ObjectScale.uexp" 1245
"../../../Engine/Plugins/Editor/SpeedTreeImporter/Content/SpeedTree9/Empty.uasset" 1246
"../../../Engine/Plugins/Editor/SpeedTreeImporter/Content/SpeedTree9/Empty.uexp" 1247
"../../../Engine/Plugins/Editor/SpeedTreeImporter/Content/SpeedTree9/EmptyNormal.uasset" 1248
"../../../Engine/Plugins/Editor/SpeedTreeImporter/Content/SpeedTree9/EmptyNormal.uexp" 1249
"../../../Engine/Plugins/Editor/SpeedTreeImporter/Content/SpeedTree9/game_wind_noise.ubulk" 1250
"../../../Engine/Plugins/Editor/SpeedTreeImporter/Content/SpeedTree9/game_wind_noise.uasset" 1251
"../../../Engine/Plugins/Editor/SpeedTreeImporter/Content/SpeedTree9/game_wind_noise.uexp" 1252
"../../../Engine/Plugins/Editor/SpeedTreeImporter/Content/SpeedTree9/SpeedTreeBillboard.uasset" 1253
"../../../Engine/Plugins/Editor/SpeedTreeImporter/Content/SpeedTree9/SpeedTreeBillboard.uexp" 1254
"../../../Engine/Content/Functions/Engine_MaterialFunctions02/SafeNormalize.uasset" 1255
"../../../Engine/Content/Functions/Engine_MaterialFunctions02/SafeNormalize.uexp" 1256
"../../../Engine/Plugins/Editor/SpeedTreeImporter/Content/SpeedTree9/SpeedTreeWindMotion.uasset" 1257
"../../../Engine/Plugins/Editor/SpeedTreeImporter/Content/SpeedTree9/SpeedTreeWindMotion.uexp" 1258
"../../../Engine/Plugins/Editor/SpeedTreeImporter/Content/SpeedTree9/UnpackDirection.uasset" 1259
"../../../Engine/Plugins/Editor/SpeedTreeImporter/Content/SpeedTree9/UnpackDirection.uexp" 1260
"../../../Engine/Plugins/Editor/SpeedTreeImporter/Content/SpeedTree9/UnpackInteger3.uasset" 1261
"../../../Engine/Plugins/Editor/SpeedTreeImporter/Content/SpeedTree9/UnpackInteger3.uexp" 1262
"../../../Engine/Plugins/Editor/SpeedTreeImporter/Content/SpeedTree9/SpeedTreeBranchMotion.uasset" 1263
"../../../Engine/Plugins/Editor/SpeedTreeImporter/Content/SpeedTree9/SpeedTreeBranchMotion.uexp" 1264
"../../../Engine/Content/Functions/Engine_MaterialFunctions02/ObjectLocalBounds.uasset" 1265
"../../../Engine/Content/Functions/Engine_MaterialFunctions02/ObjectLocalBounds.uexp" 1266
"../../../Engine/Content/Functions/Engine_MaterialFunctions02/UVs/BoundingBoxBased_0-1_UVW.uasset" 1267
"../../../Engine/Content/Functions/Engine_MaterialFunctions02/UVs/BoundingBoxBased_0-1_UVW.uexp" 1268
"../../../Engine/Plugins/Editor/SpeedTreeImporter/Content/SpeedTree9/SpeedTreeWind.uasset" 1269
"../../../Engine/Plugins/Editor/SpeedTreeImporter/Content/SpeedTree9/SpeedTreeWind.uexp" 1270
"../../../Engine/Plugins/Editor/SpeedTreeImporter/Content/SpeedTree9/SpeedTreeBillboardMaster.uasset" 1271
"../../../Engine/Plugins/Editor/SpeedTreeImporter/Content/SpeedTree9/SpeedTreeBillboardMaster.uexp" 1272
"../../../Engine/Plugins/Interchange/Assets/Content/Functions/MX_TranslucentBSDF.uasset" 1273
"../../../Engine/Plugins/Interchange/Assets/Content/Functions/MX_TranslucentBSDF.uexp" 1274
"../../../Engine/Plugins/Editor/SpeedTreeImporter/Content/SpeedTree9/SpeedTreeCameraFacing.uasset" 1275
"../../../Engine/Plugins/Editor/SpeedTreeImporter/Content/SpeedTree9/SpeedTreeCameraFacing.uexp" 1276
"../../../Engine/Plugins/Editor/SpeedTreeImporter/Content/SpeedTree9/SpeedTreeMaster.uasset" 1277
"../../../Engine/Plugins/Editor/SpeedTreeImporter/Content/SpeedTree9/SpeedTreeMaster.uexp" 1278
"../../../Engine/Plugins/Interchange/Assets/Content/Functions/MX_UniformEDF.uasset" 1279
"../../../Engine/Plugins/Interchange/Assets/Content/Functions/MX_UniformEDF.uexp" 1280
"../../../Engine/Plugins/Interchange/Assets/Content/Functions/MX_UsdPreviewSurface.uasset" 1281
"../../../Engine/Plugins/Interchange/Assets/Content/Functions/MX_UsdPreviewSurface.uexp" 1282
"../../../Engine/Content/Functions/Engine_MaterialFunctions02/SplitComponents.uasset" 1283
"../../../Engine/Content/Functions/Engine_MaterialFunctions02/SplitComponents.uexp" 1284
"../../../Engine/Content/VREditor/SnapGrid/SnapGridMaterial.uasset" 1285
"../../../Engine/Content/VREditor/SnapGrid/SnapGridMaterial.uexp" 1286
"../../../Engine/Content/VREditor/SnapGrid/SnapGridPlaneMesh.ubulk" 1287
"../../../Engine/Content/VREditor/SnapGrid/SnapGridPlaneMesh.uasset" 1288
"../../../Engine/Content/VREditor/SnapGrid/SnapGridPlaneMesh.uexp" 1289
"../../../Engine/Content/VREditor/LaserPointer/VR_LaserPower_01.ubulk" 1290
"../../../Engine/Content/VREditor/LaserPointer/VR_LaserPower_01.uasset" 1291
"../../../Engine/Content/VREditor/LaserPointer/VR_LaserPower_01.uexp" 1292
"../../../Engine/Content/VREditor/TransformGizmo/TransformGizmoMaterial.uasset" 1293
"../../../Engine/Content/VREditor/TransformGizmo/TransformGizmoMaterial.uexp" 1294
"../../../Engine/Content/VREditor/TransformGizmo/TranslucentTransformGizmoMaterial.uasset" 1295
"../../../Engine/Content/VREditor/TransformGizmo/TranslucentTransformGizmoMaterial.uexp" 1296
"../../../Engine/Content/VREditor/TransformGizmo/PlaneTranslationHandle.ubulk" 1297
"../../../Engine/Content/VREditor/TransformGizmo/PlaneTranslationHandle.uasset" 1298
"../../../Engine/Content/VREditor/TransformGizmo/PlaneTranslationHandle.uexp" 1299
"../../../Engine/Content/VREditor/TransformGizmo/RotationHandleFull.ubulk" 1300
"../../../Engine/Content/VREditor/TransformGizmo/RotationHandleFull.uasset" 1301
"../../../Engine/Content/VREditor/TransformGizmo/RotationHandleFull.uexp" 1302
"../../../Engine/Content/VREditor/TransformGizmo/RotationHandleIndicator.ubulk" 1303
"../../../Engine/Content/VREditor/TransformGizmo/RotationHandleIndicator.uasset" 1304
"../../../Engine/Content/VREditor/TransformGizmo/RotationHandleIndicator.uexp" 1305
"../../../Engine/Content/VREditor/TransformGizmo/RotationHandleQuarter.ubulk" 1306
"../../../Engine/Content/VREditor/TransformGizmo/RotationHandleQuarter.uasset" 1307
"../../../Engine/Content/VREditor/TransformGizmo/RotationHandleQuarter.uexp" 1308
"../../../Engine/Content/VREditor/TransformGizmo/StartRotationHandleIndicator.ubulk" 1309
"../../../Engine/Content/VREditor/TransformGizmo/StartRotationHandleIndicator.uasset" 1310
"../../../Engine/Content/VREditor/TransformGizmo/StartRotationHandleIndicator.uexp" 1311
"../../../Engine/Content/VREditor/TransformGizmo/TranslucentTransformGizmoMaterial_Inst.uasset" 1312
"../../../Engine/Content/VREditor/TransformGizmo/TranslucentTransformGizmoMaterial_Inst.uexp" 1313
"../../../Engine/Content/VREditor/TransformGizmo/TransformGizmoFreeRotation.ubulk" 1314
"../../../Engine/Content/VREditor/TransformGizmo/TransformGizmoFreeRotation.uasset" 1315
"../../../Engine/Content/VREditor/TransformGizmo/TransformGizmoFreeRotation.uexp" 1316
"../../../Engine/Content/VREditor/TransformGizmo/TransformGizmoMaterial_Inst.uasset" 1317
"../../../Engine/Content/VREditor/TransformGizmo/TransformGizmoMaterial_Inst.uexp" 1318
"../../../Engine/Content/VREditor/TransformGizmo/TranslateArrowHandle.ubulk" 1319
"../../../Engine/Content/VREditor/TransformGizmo/TranslateArrowHandle.uasset" 1320
"../../../Engine/Content/VREditor/TransformGizmo/TranslateArrowHandle.uexp" 1321
"../../../Engine/Content/VREditor/TransformGizmo/UniformScaleHandle.ubulk" 1322
"../../../Engine/Content/VREditor/TransformGizmo/UniformScaleHandle.uasset" 1323
"../../../Engine/Content/VREditor/TransformGizmo/UniformScaleHandle.uexp" 1324
"../../../Engine/Content/VREditor/Sounds/UI/Drop_Item_From_ContentBrowser.ubulk" 1325
"../../../Engine/Content/VREditor/Sounds/UI/Drop_Item_From_ContentBrowser.uasset" 1326
"../../../Engine/Content/VREditor/Sounds/UI/Drop_Item_From_ContentBrowser.uexp" 1327
"../../../Engine/Content/VREditor/Sounds/UI/Gizmo_Handle_Clicked.ubulk" 1328
"../../../Engine/Content/VREditor/Sounds/UI/Gizmo_Handle_Clicked.uasset" 1329
"../../../Engine/Content/VREditor/Sounds/UI/Gizmo_Handle_Clicked.uexp" 1330
"../../../Engine/Content/VREditor/Sounds/UI/Object_PickUp.ubulk" 1331
"../../../Engine/Content/VREditor/Sounds/UI/Object_PickUp.uasset" 1332
"../../../Engine/Content/VREditor/Sounds/UI/Object_PickUp.uexp" 1333
"../../../Engine/Content/VREditor/Sounds/UI/Object_Snaps_To_Another_Actor.ubulk" 1334
"../../../Engine/Content/VREditor/Sounds/UI/Object_Snaps_To_Another_Actor.uasset" 1335
"../../../Engine/Content/VREditor/Sounds/UI/Object_Snaps_To_Another_Actor.uexp" 1336
"../../../Engine/Content/VREditor/Sounds/UI/Object_Snaps_To_Grid.ubulk" 1337
"../../../Engine/Content/VREditor/Sounds/UI/Object_Snaps_To_Grid.uasset" 1338
"../../../Engine/Content/VREditor/Sounds/UI/Object_Snaps_To_Grid.uexp" 1339
"../../../Engine/Content/VREditor/Sounds/UI/Scaling_Down.ubulk" 1340
"../../../Engine/Content/VREditor/Sounds/UI/Scaling_Down.uasset" 1341
"../../../Engine/Content/VREditor/Sounds/UI/Scaling_Down.uexp" 1342
"../../../Engine/Content/VREditor/Sounds/UI/Scaling_Up.ubulk" 1343
"../../../Engine/Content/VREditor/Sounds/UI/Scaling_Up.uasset" 1344
"../../../Engine/Content/VREditor/Sounds/UI/Scaling_Up.uexp" 1345
"../../../Engine/Content/VREditor/Sounds/UI/Selection_Changes.ubulk" 1346
"../../../Engine/Content/VREditor/Sounds/UI/Selection_Changes.uasset" 1347
"../../../Engine/Content/VREditor/Sounds/UI/Selection_Changes.uexp" 1348
"D:/UEProjects/MO57/Plugins/MOFramework/Content/Data/DT_BodyParts.uasset" 1349
"D:/UEProjects/MO57/Plugins/MOFramework/Content/Data/DT_BodyParts.uexp" 1350
"D:/UEProjects/MO57/Plugins/MOFramework/Content/Data/DT_Conditions.uasset" 1351
"D:/UEProjects/MO57/Plugins/MOFramework/Content/Data/DT_Conditions.uexp" 1352
"D:/UEProjects/MO57/Plugins/MOFramework/Content/Data/DT_Items.uasset" 1353
"D:/UEProjects/MO57/Plugins/MOFramework/Content/Data/DT_Items.uexp" 1354
"D:/UEProjects/MO57/Plugins/MOFramework/Content/Data/DT_MedicalTreatment.uasset" 1355
"D:/UEProjects/MO57/Plugins/MOFramework/Content/Data/DT_MedicalTreatment.uexp" 1356
"../../../Engine/Plugins/Animation/ControlRig/Content/Controls/ControlRigGizmoMaterial.uasset" 1357
"../../../Engine/Plugins/Animation/ControlRig/Content/Controls/ControlRigGizmoMaterial.uexp" 1358
"D:/UEProjects/MO57/Plugins/MOFramework/Content/Data/DT_Skills.uasset" 1359
"D:/UEProjects/MO57/Plugins/MOFramework/Content/Data/DT_Skills.uexp" 1360
"D:/UEProjects/MO57/Plugins/MOFramework/Content/Data/DT_Wounds.uasset" 1361
"D:/UEProjects/MO57/Plugins/MOFramework/Content/Data/DT_Wounds.uexp" 1362
"../../../Engine/Plugins/Animation/ControlRig/Content/Controls/ControlRigXRayMaterial.uasset" 1363
"../../../Engine/Plugins/Animation/ControlRig/Content/Controls/ControlRigXRayMaterial.uexp" 1364
"../../../Engine/Plugins/Animation/ControlRig/Content/Controls/ControlRig_Arrow2_1mm.ubulk" 1365
"../../../Engine/Plugins/Animation/ControlRig/Content/Controls/ControlRig_Arrow2_1mm.uasset" 1366
"../../../Engine/Plugins/Animation/ControlRig/Content/Controls/ControlRig_Arrow2_1mm.uexp" 1367
"../../../Engine/Plugins/Experimental/Water/Content/Curves/FloatCurve.uasset" 1368
"../../../Engine/Plugins/Experimental/Water/Content/Curves/FloatCurve.uexp" 1369
"../../../Engine/Plugins/Experimental/Water/Content/Curves/FloatCurve_WaterBodyIsland.uasset" 1370
"../../../Engine/Plugins/Experimental/Water/Content/Curves/FloatCurve_WaterBodyIsland.uexp" 1371
"../../../Engine/Plugins/Animation/ControlRig/Content/Controls/ControlRig_Arrow2_3mm.ubulk" 1372
"../../../Engine/Plugins/Animation/ControlRig/Content/Controls/ControlRig_Arrow2_3mm.uasset" 1373
"../../../Engine/Plugins/Animation/ControlRig/Content/Controls/ControlRig_Arrow2_3mm.uexp" 1374
"../../../Engine/Content/EditorResources/S_Solver.ubulk" 1375
"../../../Engine/Content/EditorResources/S_Solver.uasset" 1376
"../../../Engine/Content/EditorResources/S_Solver.uexp" 1377
"../../../Engine/Plugins/Animation/ControlRig/Content/Controls/ControlRig_Arrow2_solid.ubulk" 1378
"../../../Engine/Plugins/Animation/ControlRig/Content/Controls/ControlRig_Arrow2_solid.uasset" 1379
"../../../Engine/Plugins/Animation/ControlRig/Content/Controls/ControlRig_Arrow2_solid.uexp" 1380
"../../../Engine/Plugins/Experimental/Water/Content/Icons/WaterBodyExclusionVolumeSprite.uasset" 1381
"../../../Engine/Plugins/Experimental/Water/Content/Icons/WaterBodyExclusionVolumeSprite.uexp" 1382
"../../../Engine/Plugins/Animation/ControlRig/Content/Controls/ControlRig_Arrow4_1mm.ubulk" 1383
"../../../Engine/Plugins/Animation/ControlRig/Content/Controls/ControlRig_Arrow4_1mm.uasset" 1384
"../../../Engine/Plugins/Animation/ControlRig/Content/Controls/ControlRig_Arrow4_1mm.uexp" 1385
"../../../Engine/Plugins/Experimental/Water/Content/Icons/WaterBodyIslandSprite.uasset" 1386
"../../../Engine/Plugins/Experimental/Water/Content/Icons/WaterBodyIslandSprite.uexp" 1387
"../../../Engine/Plugins/Animation/ControlRig/Content/Controls/ControlRig_Arrow4_3mm.ubulk" 1388
"../../../Engine/Plugins/Animation/ControlRig/Content/Controls/ControlRig_Arrow4_3mm.uasset" 1389
"../../../Engine/Plugins/Animation/ControlRig/Content/Controls/ControlRig_Arrow4_3mm.uexp" 1390
"../../../Engine/Plugins/Experimental/Water/Content/Icons/WaterErrorSprite.ubulk" 1391
"../../../Engine/Plugins/Experimental/Water/Content/Icons/WaterErrorSprite.uasset" 1392
"../../../Engine/Plugins/Experimental/Water/Content/Icons/WaterErrorSprite.uexp" 1393
"../../../Engine/Plugins/Experimental/Water/Content/Icons/WaterLandscapeBrushSprite.ubulk" 1394
"../../../Engine/Plugins/Experimental/Water/Content/Icons/WaterLandscapeBrushSprite.uasset" 1395
"../../../Engine/Plugins/Experimental/Water/Content/Icons/WaterLandscapeBrushSprite.uexp" 1396
"../../../Engine/Plugins/Animation/ControlRig/Content/Controls/ControlRig_Arrow4_solid.ubulk" 1397
"../../../Engine/Plugins/Animation/ControlRig/Content/Controls/ControlRig_Arrow4_solid.uasset" 1398
"../../../Engine/Plugins/Animation/ControlRig/Content/Controls/ControlRig_Arrow4_solid.uexp" 1399
"../../../Engine/Plugins/MetaHuman/MetaHumanCharacter/Content/Female/Medium/NormalWeight/Body/metahuman_base_skel.uasset" 1400
"../../../Engine/Plugins/MetaHuman/MetaHumanCharacter/Content/Female/Medium/NormalWeight/Body/metahuman_base_skel.uexp" 1401
"../../../Engine/Plugins/Experimental/Water/Content/Icons/WaterSprite.uasset" 1402
"../../../Engine/Plugins/Experimental/Water/Content/Icons/WaterSprite.uexp" 1403
"../../../Engine/Plugins/Experimental/Water/Content/Icons/WaterZoneActorSprite.ubulk" 1404
"../../../Engine/Plugins/Experimental/Water/Content/Icons/WaterZoneActorSprite.uasset" 1405
"../../../Engine/Plugins/Experimental/Water/Content/Icons/WaterZoneActorSprite.uexp" 1406
"../../../Engine/Plugins/Animation/ControlRig/Content/Controls/ControlRig_Arrow_1mm.ubulk" 1407
"../../../Engine/Plugins/Animation/ControlRig/Content/Controls/ControlRig_Arrow_1mm.uasset" 1408
"../../../Engine/Plugins/Animation/ControlRig/Content/Controls/ControlRig_Arrow_1mm.uexp" 1409
"../../../Engine/Plugins/Experimental/Water/Content/Meshes/LakeMesh.ubulk" 1410
"../../../Engine/Plugins/Experimental/Water/Content/Meshes/LakeMesh.uasset" 1411
"../../../Engine/Plugins/Experimental/Water/Content/Meshes/LakeMesh.uexp" 1412
"../../../Engine/Content/EditorResources/S_Trigger.ubulk" 1413
"../../../Engine/Content/EditorResources/S_Trigger.uasset" 1414
"../../../Engine/Content/EditorResources/S_Trigger.uexp" 1415
"../../../Engine/Plugins/MetaHuman/MetaHumanCharacter/Content/Face/Face_Archetype_Skeleton.uasset" 1416
"../../../Engine/Plugins/MetaHuman/MetaHumanCharacter/Content/Face/Face_Archetype_Skeleton.uexp" 1417
"../../../Engine/Content/Animation/DefaultAnimCurveCompressionSettings.uasset" 1418
"../../../Engine/Content/Animation/DefaultAnimCurveCompressionSettings.uexp" 1419
"../../../Engine/Content/Animation/DefaultRecorderBoneCompression.uasset" 1420
"../../../Engine/Content/Animation/DefaultRecorderBoneCompression.uexp" 1421
"../../../Engine/Plugins/MetaHuman/MetaHumanCharacter/Content/Face/ARKit/AS_MetaHuman_ARKit_Mapping.uasset" 1422
"../../../Engine/Plugins/MetaHuman/MetaHumanCharacter/Content/Face/ARKit/AS_MetaHuman_ARKit_Mapping.uexp" 1423
"../../../Engine/Plugins/MetaHuman/MetaHumanCharacter/Content/Face/ARKit/PA_MetaHuman_ARKit_Mapping.uasset" 1424
"../../../Engine/Plugins/MetaHuman/MetaHumanCharacter/Content/Face/ARKit/PA_MetaHuman_ARKit_Mapping.uexp" 1425
"../../../Engine/Plugins/MetaHuman/MetaHumanCharacter/Content/Animation/ABP_MH_LiveLink.uasset" 1426
"../../../Engine/Plugins/MetaHuman/MetaHumanCharacter/Content/Animation/ABP_MH_LiveLink.uexp" 1427
"../../../Engine/Content/EditorResources/S_TriggerBox.uasset" 1428
"../../../Engine/Content/EditorResources/S_TriggerBox.uexp" 1429
"../../../Engine/Plugins/Animation/ControlRig/Content/Controls/ControlRig_Arrow_3mm.ubulk" 1430
"../../../Engine/Plugins/Animation/ControlRig/Content/Controls/ControlRig_Arrow_3mm.uasset" 1431
"../../../Engine/Plugins/Animation/ControlRig/Content/Controls/ControlRig_Arrow_3mm.uexp" 1432
"../../../Engine/Plugins/Experimental/Water/Content/Meshes/RiverMesh.ubulk" 1433
"../../../Engine/Plugins/Experimental/Water/Content/Meshes/RiverMesh.uasset" 1434
"../../../Engine/Plugins/Experimental/Water/Content/Meshes/RiverMesh.uexp" 1435
"../../../Engine/Plugins/Animation/ControlRig/Content/Controls/ControlRig_Arrow_solid.ubulk" 1436
"../../../Engine/Plugins/Animation/ControlRig/Content/Controls/ControlRig_Arrow_solid.uasset" 1437
"../../../Engine/Plugins/Animation/ControlRig/Content/Controls/ControlRig_Arrow_solid.uexp" 1438
"../../../Engine/Content/EditorResources/S_TriggerCapsule.uasset" 1439
"../../../Engine/Content/EditorResources/S_TriggerCapsule.uexp" 1440
"../../../Engine/Content/EditorResources/S_TriggerSphere.uasset" 1441
"../../../Engine/Content/EditorResources/S_TriggerSphere.uexp" 1442
"../../../Engine/Plugins/Animation/ControlRig/Content/Controls/ControlRig_Box_1mm.ubulk" 1443
"../../../Engine/Plugins/Animation/ControlRig/Content/Controls/ControlRig_Box_1mm.uasset" 1444
"../../../Engine/Plugins/Animation/ControlRig/Content/Controls/ControlRig_Box_1mm.uexp" 1445
"../../../Engine/Plugins/Animation/ControlRig/Content/Controls/ControlRig_Box_3mm.ubulk" 1446
"../../../Engine/Plugins/Animation/ControlRig/Content/Controls/ControlRig_Box_3mm.uasset" 1447
"../../../Engine/Plugins/Animation/ControlRig/Content/Controls/ControlRig_Box_3mm.uexp" 1448
"../../../Engine/Plugins/Animation/ControlRig/Content/Controls/ControlRig_Box_solid.ubulk" 1449
"../../../Engine/Plugins/Animation/ControlRig/Content/Controls/ControlRig_Box_solid.uasset" 1450
"../../../Engine/Plugins/Animation/ControlRig/Content/Controls/ControlRig_Box_solid.uexp" 1451
"../../../Engine/Plugins/Animation/ControlRig/Content/Controls/ControlRig_Circle_1mm.ubulk" 1452
"../../../Engine/Plugins/Animation/ControlRig/Content/Controls/ControlRig_Circle_1mm.uasset" 1453
"../../../Engine/Plugins/Animation/ControlRig/Content/Controls/ControlRig_Circle_1mm.uexp" 1454
"../../../Engine/Plugins/MetaHuman/MetaHumanCharacter/Content/BuildPipeline/DefaultWardobePipeline/DefaultGroomPipeline.uasset" 1455
"../../../Engine/Plugins/MetaHuman/MetaHumanCharacter/Content/BuildPipeline/DefaultWardobePipeline/DefaultGroomPipeline.uexp" 1456
"../../../Engine/Plugins/MetaHuman/MetaHumanCharacter/Content/BuildPipeline/DefaultWardobePipeline/DefaultOutfitPipeline.uasset" 1457
"../../../Engine/Plugins/MetaHuman/MetaHumanCharacter/Content/BuildPipeline/DefaultWardobePipeline/DefaultOutfitPipeline.uexp" 1458
"../../../Engine/Plugins/MetaHuman/MetaHumanCharacter/Content/BuildPipeline/DefaultWardobePipeline/DefaultSkeletalMeshPipeline.uasset" 1459
"../../../Engine/Plugins/MetaHuman/MetaHumanCharacter/Content/BuildPipeline/DefaultWardobePipeline/DefaultSkeletalMeshPipeline.uexp" 1460
"../../../Engine/Plugins/MetaHuman/MetaHumanCharacter/Content/BuildPipeline/BP_DefaultLegacyPipeline.uasset" 1461
"../../../Engine/Plugins/MetaHuman/MetaHumanCharacter/Content/BuildPipeline/BP_DefaultLegacyPipeline.uexp" 1462
"../../../Engine/Plugins/MetaHuman/MetaHumanCharacter/Content/BuildPipeline/BP_DefaultLegacyPipeline_High.uasset" 1463
"../../../Engine/Plugins/MetaHuman/MetaHumanCharacter/Content/BuildPipeline/BP_DefaultLegacyPipeline_High.uexp" 1464
"../../../Engine/Plugins/MetaHuman/MetaHumanCharacter/Content/BuildPipeline/BP_DefaultLegacyPipeline_Medium.uasset" 1465
"../../../Engine/Plugins/MetaHuman/MetaHumanCharacter/Content/BuildPipeline/BP_DefaultLegacyPipeline_Medium.uexp" 1466
"../../../Engine/Plugins/MetaHuman/MetaHumanCharacter/Content/BuildPipeline/BP_DefaultLegacyPipeline_Low.uasset" 1467
"../../../Engine/Plugins/MetaHuman/MetaHumanCharacter/Content/BuildPipeline/BP_DefaultLegacyPipeline_Low.uexp" 1468
"../../../Engine/Plugins/Animation/ControlRig/Content/Controls/ControlRig_Circle_3mm.ubulk" 1469
"../../../Engine/Plugins/Animation/ControlRig/Content/Controls/ControlRig_Circle_3mm.uasset" 1470
"../../../Engine/Plugins/Animation/ControlRig/Content/Controls/ControlRig_Circle_3mm.uexp" 1471
"../../../Engine/Content/EngineMaterials/DefaultBloomKernel.uasset" 1472
"../../../Engine/Content/EngineMaterials/DefaultBloomKernel.uexp" 1473
"../../../Engine/Content/EngineMaterials/DefaultBokeh.uasset" 1474
"../../../Engine/Content/EngineMaterials/DefaultBokeh.uexp" 1475
"../../../Engine/Plugins/Animation/ControlRig/Content/Controls/ControlRig_Circle_solid.ubulk" 1476
"../../../Engine/Plugins/Animation/ControlRig/Content/Controls/ControlRig_Circle_solid.uasset" 1477
"../../../Engine/Plugins/Animation/ControlRig/Content/Controls/ControlRig_Circle_solid.uexp" 1478
"../../../Engine/Plugins/MetaHuman/MetaHumanCharacter/Content/BuildPipeline/BP_DefaultUEFNPipeline_High.uasset" 1479
"../../../Engine/Plugins/MetaHuman/MetaHumanCharacter/Content/BuildPipeline/BP_DefaultUEFNPipeline_High.uexp" 1480
"../../../Engine/Plugins/MetaHuman/MetaHumanCharacter/Content/BuildPipeline/BP_DefaultUEFNPipeline_Medium.uasset" 1481
"../../../Engine/Plugins/MetaHuman/MetaHumanCharacter/Content/BuildPipeline/BP_DefaultUEFNPipeline_Medium.uexp" 1482
"../../../Engine/Plugins/MetaHuman/MetaHumanCharacter/Content/BuildPipeline/BP_DefaultUEFNPipeline_Low.uasset" 1483
"../../../Engine/Plugins/MetaHuman/MetaHumanCharacter/Content/BuildPipeline/BP_DefaultUEFNPipeline_Low.uexp" 1484
"../../../Engine/Plugins/Animation/ControlRig/Content/Controls/ControlRig_Diamond_1mm.ubulk" 1485
"../../../Engine/Plugins/Animation/ControlRig/Content/Controls/ControlRig_Diamond_1mm.uasset" 1486
"../../../Engine/Plugins/Animation/ControlRig/Content/Controls/ControlRig_Diamond_1mm.uexp" 1487
"../../../Engine/Plugins/Animation/ControlRig/Content/Controls/ControlRig_Diamond_3mm.ubulk" 1488
"../../../Engine/Plugins/Animation/ControlRig/Content/Controls/ControlRig_Diamond_3mm.uasset" 1489
"../../../Engine/Plugins/Animation/ControlRig/Content/Controls/ControlRig_Diamond_3mm.uexp" 1490
"../../../Engine/Plugins/Interchange/Assets/Content/Substrate/MX_SimpleVolume.uasset" 1491
"../../../Engine/Plugins/Interchange/Assets/Content/Substrate/MX_SimpleVolume.uexp" 1492
"../../../Engine/Plugins/Animation/ControlRig/Content/Controls/ControlRig_Diamond_solid.ubulk" 1493
"../../../Engine/Plugins/Animation/ControlRig/Content/Controls/ControlRig_Diamond_solid.uasset" 1494
"../../../Engine/Plugins/Animation/ControlRig/Content/Controls/ControlRig_Diamond_solid.uexp" 1495
"../../../Engine/Plugins/Animation/ControlRig/Content/Controls/ControlRig_HalfCircle_1mm.ubulk" 1496
"../../../Engine/Plugins/Animation/ControlRig/Content/Controls/ControlRig_HalfCircle_1mm.uasset" 1497
"../../../Engine/Plugins/Animation/ControlRig/Content/Controls/ControlRig_HalfCircle_1mm.uexp" 1498
"../../../Engine/Content/EngineDamageTypes/DmgTypeBP_Environmental.uasset" 1499
"../../../Engine/Content/EngineDamageTypes/DmgTypeBP_Environmental.uexp" 1500
"../../../Engine/Content/EngineMaterials/DefaultDeferredDecalMaterial.uasset" 1501
"../../../Engine/Content/EngineMaterials/DefaultDeferredDecalMaterial.uexp" 1502
"../../../Engine/Plugins/Animation/ControlRig/Content/Controls/ControlRig_HalfCircle_3mm.ubulk" 1503
"../../../Engine/Plugins/Animation/ControlRig/Content/Controls/ControlRig_HalfCircle_3mm.uasset" 1504
"../../../Engine/Plugins/Animation/ControlRig/Content/Controls/ControlRig_HalfCircle_3mm.uexp" 1505
"../../../Engine/Plugins/Animation/ControlRig/Content/Controls/ControlRig_HalfCircle_solid.ubulk" 1506
"../../../Engine/Plugins/Animation/ControlRig/Content/Controls/ControlRig_HalfCircle_solid.uasset" 1507
"../../../Engine/Plugins/Animation/ControlRig/Content/Controls/ControlRig_HalfCircle_solid.uexp" 1508
"../../../Engine/Plugins/MetaHuman/MetaHumanAnimator/Content/GenericTracker/Chin.uasset" 1509
"../../../Engine/Plugins/MetaHuman/MetaHumanAnimator/Content/GenericTracker/Chin.uexp" 1510
"../../../Engine/Plugins/MetaHuman/MetaHumanAnimator/Content/GenericTracker/FaceTracker.uasset" 1511
"../../../Engine/Plugins/MetaHuman/MetaHumanAnimator/Content/GenericTracker/FaceTracker.uexp" 1512
"../../../Engine/Plugins/MetaHuman/MetaHumanAnimator/Content/GenericTracker/LeftBrowWholeFace.uasset" 1513
"../../../Engine/Plugins/MetaHuman/MetaHumanAnimator/Content/GenericTracker/LeftBrowWholeFace.uexp" 1514
"../../../Engine/Plugins/MetaHuman/MetaHumanAnimator/Content/GenericTracker/LeftEye.uasset" 1515
"../../../Engine/Plugins/MetaHuman/MetaHumanAnimator/Content/GenericTracker/LeftEye.uexp" 1516
"../../../Engine/Plugins/MetaHuman/MetaHumanAnimator/Content/GenericTracker/Lips.uasset" 1517
"../../../Engine/Plugins/MetaHuman/MetaHumanAnimator/Content/GenericTracker/Lips.uexp" 1518
"../../../Engine/Plugins/MetaHuman/MetaHumanAnimator/Content/GenericTracker/LipZip.uasset" 1519
"../../../Engine/Plugins/MetaHuman/MetaHumanAnimator/Content/GenericTracker/LipZip.uexp" 1520
"../../../Engine/Plugins/MetaHuman/MetaHumanAnimator/Content/GenericTracker/NasolabialNose.uasset" 1521
"../../../Engine/Plugins/MetaHuman/MetaHumanAnimator/Content/GenericTracker/NasolabialNose.uexp" 1522
"../../../Engine/Plugins/MetaHuman/MetaHumanAnimator/Content/GenericTracker/Teeth.uasset" 1523
"../../../Engine/Plugins/MetaHuman/MetaHumanAnimator/Content/GenericTracker/Teeth.uexp" 1524
"../../../Engine/Plugins/MetaHuman/MetaHumanAnimator/Content/GenericTracker/TeethConfidence.uasset" 1525
"../../../Engine/Plugins/MetaHuman/MetaHumanAnimator/Content/GenericTracker/TeethConfidence.uexp" 1526
"../../../Engine/Plugins/Animation/ControlRig/Content/Controls/ControlRig_Hexagon_1mm.ubulk" 1527
"../../../Engine/Plugins/Animation/ControlRig/Content/Controls/ControlRig_Hexagon_1mm.uasset" 1528
"../../../Engine/Plugins/Animation/ControlRig/Content/Controls/ControlRig_Hexagon_1mm.uexp" 1529
"../../../Engine/Plugins/Animation/ControlRig/Content/Controls/ControlRig_Hexagon_3mm.ubulk" 1530
"../../../Engine/Plugins/Animation/ControlRig/Content/Controls/ControlRig_Hexagon_3mm.uasset" 1531
"../../../Engine/Plugins/Animation/ControlRig/Content/Controls/ControlRig_Hexagon_3mm.uexp" 1532
"../../../Engine/Content/EngineMaterials/DefaultLightFunctionMaterial.uasset" 1533
"../../../Engine/Content/EngineMaterials/DefaultLightFunctionMaterial.uexp" 1534
"../../../Engine/Plugins/Animation/ControlRig/Content/Controls/ControlRig_Hexagon_solid.ubulk" 1535
"../../../Engine/Plugins/Animation/ControlRig/Content/Controls/ControlRig_Hexagon_solid.uasset" 1536
"../../../Engine/Plugins/Animation/ControlRig/Content/Controls/ControlRig_Hexagon_solid.uexp" 1537
"../../../Engine/Plugins/Interchange/Assets/Content/Functions/MX_AbsorptionVDF.uasset" 1538
"../../../Engine/Plugins/Interchange/Assets/Content/Functions/MX_AbsorptionVDF.uexp" 1539
"../../../Engine/Plugins/Animation/ControlRig/Content/Controls/ControlRig_Line.ubulk" 1540
"../../../Engine/Plugins/Animation/ControlRig/Content/Controls/ControlRig_Line.uasset" 1541
"../../../Engine/Plugins/Animation/ControlRig/Content/Controls/ControlRig_Line.uexp" 1542
"../../../Engine/Plugins/Animation/ControlRig/Content/Controls/ControlRig_Octagon_1mm.ubulk" 1543
"../../../Engine/Plugins/Animation/ControlRig/Content/Controls/ControlRig_Octagon_1mm.uasset" 1544
"../../../Engine/Plugins/Animation/ControlRig/Content/Controls/ControlRig_Octagon_1mm.uexp" 1545
"../../../Engine/Plugins/Animation/ControlRig/Content/Controls/ControlRig_Octagon_3mm.ubulk" 1546
"../../../Engine/Plugins/Animation/ControlRig/Content/Controls/ControlRig_Octagon_3mm.uasset" 1547
"../../../Engine/Plugins/Animation/ControlRig/Content/Controls/ControlRig_Octagon_3mm.uexp" 1548
"../../../Engine/Plugins/Interchange/Assets/Content/Functions/MX_AnisotropicVDF.uasset" 1549
"../../../Engine/Plugins/Interchange/Assets/Content/Functions/MX_AnisotropicVDF.uexp" 1550
"../../../Engine/Plugins/Animation/ControlRig/Content/Controls/ControlRig_Octagon_solid.ubulk" 1551
"../../../Engine/Plugins/Animation/ControlRig/Content/Controls/ControlRig_Octagon_solid.uasset" 1552
"../../../Engine/Plugins/Animation/ControlRig/Content/Controls/ControlRig_Octagon_solid.uexp" 1553
"../../../Engine/Plugins/Animation/ControlRig/Content/Controls/ControlRig_Pyramid_1mm.ubulk" 1554
"../../../Engine/Plugins/Animation/ControlRig/Content/Controls/ControlRig_Pyramid_1mm.uasset" 1555
"../../../Engine/Plugins/Animation/ControlRig/Content/Controls/ControlRig_Pyramid_1mm.uexp" 1556
"../../../Engine/Plugins/Animation/ControlRig/Content/Controls/ControlRig_Pyramid_3mm.ubulk" 1557
"../../../Engine/Plugins/Animation/ControlRig/Content/Controls/ControlRig_Pyramid_3mm.uasset" 1558
"../../../Engine/Plugins/Animation/ControlRig/Content/Controls/ControlRig_Pyramid_3mm.uexp" 1559
"../../../Engine/Plugins/Interchange/Assets/Content/Functions/MX_BurleyDiffuseBSDF.uasset" 1560
"../../../Engine/Plugins/Interchange/Assets/Content/Functions/MX_BurleyDiffuseBSDF.uexp" 1561
"../../../Engine/Plugins/VirtualProduction/CameraCalibrationCore/Content/Materials/M_AnamorphicDistortionDisplacementMap.uasset" 1562
"../../../Engine/Plugins/VirtualProduction/CameraCalibrationCore/Content/Materials/M_AnamorphicDistortionDisplacementMap.uexp" 1563
"../../../Engine/Plugins/Runtime/AR/ARUtilities/Content/Materials/DummyExternalTexture.uasset" 1564
"../../../Engine/Plugins/Runtime/AR/ARUtilities/Content/Materials/DummyExternalTexture.uexp" 1565
"../../../Engine/Plugins/Runtime/AR/ARUtilities/Content/Materials/M_ScreenSpacePassthroughCamera.uasset" 1566
"../../../Engine/Plugins/Runtime/AR/ARUtilities/Content/Materials/M_ScreenSpacePassthroughCamera.uexp" 1567
"../../../Engine/Plugins/Runtime/AR/ARUtilities/Content/Materials/MI_ScreenSpacePassthroughCameraExternalTexture.uasset" 1568
"../../../Engine/Plugins/Runtime/AR/ARUtilities/Content/Materials/MI_ScreenSpacePassthroughCameraExternalTexture.uexp" 1569
"../../../Engine/Plugins/Runtime/AR/ARUtilities/Content/Materials/MF_DistanceColorLerp.uasset" 1570
"../../../Engine/Plugins/Runtime/AR/ARUtilities/Content/Materials/MF_DistanceColorLerp.uexp" 1571
"../../../Engine/Plugins/Runtime/AR/ARUtilities/Content/Materials/M_DepthColoration.uasset" 1572
"../../../Engine/Plugins/Runtime/AR/ARUtilities/Content/Materials/M_DepthColoration.uexp" 1573
"../../../Engine/Plugins/Animation/ControlRig/Content/Controls/ControlRig_Pyramid_solid.ubulk" 1574
"../../../Engine/Plugins/Animation/ControlRig/Content/Controls/ControlRig_Pyramid_solid.uasset" 1575
"../../../Engine/Plugins/Animation/ControlRig/Content/Controls/ControlRig_Pyramid_solid.uexp" 1576
"../../../Engine/Plugins/Runtime/AR/ARUtilities/Content/Materials/M_PassthroughCamera.uasset" 1577
"../../../Engine/Plugins/Runtime/AR/ARUtilities/Content/Materials/M_PassthroughCamera.uexp" 1578
"../../../Engine/Plugins/VirtualProduction/CameraCalibrationCore/Content/Materials/M_AnamorphicUndistortionDisplacementMap.uasset" 1579
"../../../Engine/Plugins/VirtualProduction/CameraCalibrationCore/Content/Materials/M_AnamorphicUndistortionDisplacementMap.uexp" 1580
"../../../Engine/Plugins/MetaHuman/MetaHumanCoreTechLib/Content/GenericTracker/FaceDetector.uasset" 1581
"../../../Engine/Plugins/MetaHuman/MetaHumanCoreTechLib/Content/GenericTracker/FaceDetector.uexp" 1582
"../../../Engine/Plugins/VirtualProduction/CameraCalibrationCore/Content/Materials/M_BrownConradyDUDistortionDisplacementMap.uasset" 1583
"../../../Engine/Plugins/VirtualProduction/CameraCalibrationCore/Content/Materials/M_BrownConradyDUDistortionDisplacementMap.uexp" 1584
"../../../Engine/Plugins/Interchange/Assets/Content/Functions/MX_ChiangHairBSDF.uasset" 1585
"../../../Engine/Plugins/Interchange/Assets/Content/Functions/MX_ChiangHairBSDF.uexp" 1586
"../../../Engine/Plugins/Animation/ControlRig/Content/Controls/ControlRig_QuarterCircle_1mm.ubulk" 1587
"../../../Engine/Plugins/Animation/ControlRig/Content/Controls/ControlRig_QuarterCircle_1mm.uasset" 1588
"../../../Engine/Plugins/Animation/ControlRig/Content/Controls/ControlRig_QuarterCircle_1mm.uexp" 1589
"../../../Engine/Plugins/VirtualProduction/CameraCalibrationCore/Content/Materials/M_BrownConradyDUUndistortionDisplacementMap.uasset" 1590
"../../../Engine/Plugins/VirtualProduction/CameraCalibrationCore/Content/Materials/M_BrownConradyDUUndistortionDisplacementMap.uexp" 1591
"../../../Engine/Plugins/MetaHuman/MetaHumanCoreTechLib/Content/RealtimeMono/DefaultSmoothing.uasset" 1592
"../../../Engine/Plugins/MetaHuman/MetaHumanCoreTechLib/Content/RealtimeMono/DefaultSmoothing.uexp" 1593
"../../../Engine/Plugins/MetaHuman/MetaHumanCharacter/Content/Controls/M_RigControlActor_Black.uasset" 1594
"../../../Engine/Plugins/MetaHuman/MetaHumanCharacter/Content/Controls/M_RigControlActor_Black.uexp" 1595
"../../../Engine/Plugins/MetaHuman/MetaHumanCharacter/Content/Controls/SM_MetaHuman_Faceboard_2x.ubulk" 1596
"../../../Engine/Plugins/MetaHuman/MetaHumanCharacter/Content/Controls/SM_MetaHuman_Faceboard_2x.uasset" 1597
"../../../Engine/Plugins/MetaHuman/MetaHumanCharacter/Content/Controls/SM_MetaHuman_Faceboard_2x.uexp" 1598
"../../../Engine/Plugins/Animation/ControlRig/Content/Controls/ControlRig_QuarterCircle_3mm.ubulk" 1599
"../../../Engine/Plugins/Animation/ControlRig/Content/Controls/ControlRig_QuarterCircle_3mm.uasset" 1600
"../../../Engine/Plugins/Animation/ControlRig/Content/Controls/ControlRig_QuarterCircle_3mm.uexp" 1601
"../../../Engine/Plugins/VirtualProduction/CameraCalibrationCore/Content/Materials/M_BrownConradyUDDistortionDisplacementMap.uasset" 1602
"../../../Engine/Plugins/VirtualProduction/CameraCalibrationCore/Content/Materials/M_BrownConradyUDDistortionDisplacementMap.uexp" 1603
"../../../Engine/Plugins/Animation/ControlRig/Content/Controls/ControlRig_QuarterCircle_solid.ubulk" 1604
"../../../Engine/Plugins/Animation/ControlRig/Content/Controls/ControlRig_QuarterCircle_solid.uasset" 1605
"../../../Engine/Plugins/Animation/ControlRig/Content/Controls/ControlRig_QuarterCircle_solid.uexp" 1606
"../../../Engine/Plugins/VirtualProduction/CameraCalibrationCore/Content/Materials/M_BrownConradyUDUndistortionDisplacementMap.uasset" 1607
"../../../Engine/Plugins/VirtualProduction/CameraCalibrationCore/Content/Materials/M_BrownConradyUDUndistortionDisplacementMap.uexp" 1608
"../../../Engine/Plugins/Interchange/Assets/Content/Functions/MX_ConductorBSDF.uasset" 1609
"../../../Engine/Plugins/Interchange/Assets/Content/Functions/MX_ConductorBSDF.uexp" 1610
"../../../Engine/Plugins/VirtualProduction/CameraCalibrationCore/Content/Materials/M_DefaultEvenSquare.uasset" 1611
"../../../Engine/Plugins/VirtualProduction/CameraCalibrationCore/Content/Materials/M_DefaultEvenSquare.uexp" 1612
"../../../Engine/Plugins/Interchange/Assets/Content/Functions/MX_ConicalEDF.uasset" 1613
"../../../Engine/Plugins/Interchange/Assets/Content/Functions/MX_ConicalEDF.uexp" 1614
"../../../Engine/Plugins/Animation/ControlRig/Content/Controls/ControlRig_RoundedSquare_1mm.ubulk" 1615
"../../../Engine/Plugins/Animation/ControlRig/Content/Controls/ControlRig_RoundedSquare_1mm.uasset" 1616
"../../../Engine/Plugins/Animation/ControlRig/Content/Controls/ControlRig_RoundedSquare_1mm.uexp" 1617
"../../../Engine/Plugins/VirtualProduction/CameraCalibrationCore/Content/Materials/M_DefaultOddSquare.uasset" 1618
"../../../Engine/Plugins/VirtualProduction/CameraCalibrationCore/Content/Materials/M_DefaultOddSquare.uexp" 1619
"../../../Engine/Content/Functions/Engine_MaterialFunctions02/Utility/BreakOutFloat4Components.uasset" 1620
"../../../Engine/Content/Functions/Engine_MaterialFunctions02/Utility/BreakOutFloat4Components.uexp" 1621
"../../../Engine/Plugins/VirtualProduction/CameraCalibrationCore/Content/Materials/M_DistortionPostProcess.uasset" 1622
"../../../Engine/Plugins/VirtualProduction/CameraCalibrationCore/Content/Materials/M_DistortionPostProcess.uexp" 1623
"../../../Engine/Plugins/Animation/ControlRig/Content/Controls/ControlRig_RoundedSquare_3mm.ubulk" 1624
"../../../Engine/Plugins/Animation/ControlRig/Content/Controls/ControlRig_RoundedSquare_3mm.uasset" 1625
"../../../Engine/Plugins/Animation/ControlRig/Content/Controls/ControlRig_RoundedSquare_3mm.uexp" 1626
"../../../Engine/Plugins/VirtualProduction/CameraCalibrationCore/Content/Materials/M_SphericalDistortionDisplacementMap.uasset" 1627
"../../../Engine/Plugins/VirtualProduction/CameraCalibrationCore/Content/Materials/M_SphericalDistortionDisplacementMap.uexp" 1628
"D:/UEProjects/MO57/Content/VoxelExamples/PCGScattering/VSM_ScatterSphere.uasset" 1629
"D:/UEProjects/MO57/Content/VoxelExamples/PCGScattering/VSM_ScatterSphere.uexp" 1630
"../../../Engine/Plugins/VirtualProduction/CameraCalibrationCore/Content/Materials/M_SphericalUndistortionDisplacementMap.uasset" 1631
"../../../Engine/Plugins/VirtualProduction/CameraCalibrationCore/Content/Materials/M_SphericalUndistortionDisplacementMap.uexp" 1632
"../../../Engine/Plugins/Animation/DeformerGraph/Content/DeformerFunctions/DG_Function_ComputeNormalsTangents.uasset" 1633
"../../../Engine/Plugins/Animation/DeformerGraph/Content/DeformerFunctions/DG_Function_ComputeNormalsTangents.uexp" 1634
"../../../Engine/Plugins/Animation/DeformerGraph/Content/DeformerFunctions/DG_Function_LinearBlendSkin_Morph_Cloth_PositionOnly.uasset" 1635
"../../../Engine/Plugins/Animation/DeformerGraph/Content/DeformerFunctions/DG_Function_LinearBlendSkin_Morph_Cloth_PositionOnly.uexp" 1636
"../../../Engine/Plugins/Animation/DeformerGraph/Content/Deformers/DG_LinearBlendSkin_Morph_Cloth_RecomputeNormals.uasset" 1637
"../../../Engine/Plugins/Animation/DeformerGraph/Content/Deformers/DG_LinearBlendSkin_Morph_Cloth_RecomputeNormals.uexp" 1638
"../../../Engine/Plugins/MetaHuman/MetaHumanCharacter/Content/BuildPipeline/BP_MetaHuman.uasset" 1639
"../../../Engine/Plugins/MetaHuman/MetaHumanCharacter/Content/BuildPipeline/BP_MetaHuman.uexp" 1640
"../../../Engine/Plugins/MetaHuman/MetaHumanCharacter/Content/BuildPipeline/BP_DefaultPipeline.uasset" 1641
"../../../Engine/Plugins/MetaHuman/MetaHumanCharacter/Content/BuildPipeline/BP_DefaultPipeline.uexp" 1642
"../../../Engine/Plugins/MetaHuman/MetaHumanCharacter/Content/Optional/Grooms/Bindings/Eyebrows/WI_Eyebrows_M_Dense.uasset" 1643
"../../../Engine/Plugins/MetaHuman/MetaHumanCharacter/Content/Optional/Grooms/Bindings/Eyebrows/WI_Eyebrows_M_Dense.uexp" 1644
"../../../Engine/Plugins/MetaHuman/MetaHumanCharacter/Content/Optional/Grooms/Bindings/Eyebrows/WI_Eyebrows_M_Natural.uasset" 1645
"../../../Engine/Plugins/MetaHuman/MetaHumanCharacter/Content/Optional/Grooms/Bindings/Eyebrows/WI_Eyebrows_M_Natural.uexp" 1646
"../../../Engine/Plugins/MetaHuman/MetaHumanCharacter/Content/Optional/Grooms/Bindings/Eyelashes/WI_Eyelashes_L_Curl.uasset" 1647
"../../../Engine/Plugins/MetaHuman/MetaHumanCharacter/Content/Optional/Grooms/Bindings/Eyelashes/WI_Eyelashes_L_Curl.uexp" 1648
"../../../Engine/Plugins/MetaHuman/MetaHumanCharacter/Content/Optional/Grooms/Bindings/Hair/WI_Hair_L_MessyClumps.uasset" 1649
"../../../Engine/Plugins/MetaHuman/MetaHumanCharacter/Content/Optional/Grooms/Bindings/Hair/WI_Hair_L_MessyClumps.uexp" 1650
"D:/UEProjects/MO57/Plugins/MOFramework/Content/Characters/MetaHumans/Metahuman_Female1.uasset" 1651
"D:/UEProjects/MO57/Plugins/MOFramework/Content/Characters/MetaHumans/Metahuman_Female1.uexp" 1652
"../../../Engine/Plugins/VirtualProduction/CameraCalibrationCore/Content/Materials/M_VertexColors.uasset" 1653
"../../../Engine/Plugins/VirtualProduction/CameraCalibrationCore/Content/Materials/M_VertexColors.uexp" 1654
"D:/UEProjects/MO57/Plugins/MOFramework/Content/Items/Apple01/Apple01Icon.uasset" 1655
"D:/UEProjects/MO57/Plugins/MOFramework/Content/Items/Apple01/Apple01Icon.uexp" 1656
"D:/UEProjects/MO57/Plugins/MOFramework/Content/Items/Bark01/Bark01Icon.uasset" 1657
"D:/UEProjects/MO57/Plugins/MOFramework/Content/Items/Bark01/Bark01Icon.uexp" 1658
"D:/UEProjects/MO57/Plugins/MOFramework/Content/Items/Cordage01/Cordage01Icon.uasset" 1659
"D:/UEProjects/MO57/Plugins/MOFramework/Content/Items/Cordage01/Cordage01Icon.uexp" 1660
"../../../Engine/Plugins/Animation/DeformerGraph/Content/DeformerFunctions/DG_Function_LinearBlendSkin_Morph_Cloth.uasset" 1661
"../../../Engine/Plugins/Animation/DeformerGraph/Content/DeformerFunctions/DG_Function_LinearBlendSkin_Morph_Cloth.uexp" 1662
"../../../Engine/Plugins/Animation/DeformerGraph/Content/Deformers/DG_LinearBlendSkin_Morph_Cloth.uasset" 1663
"../../../Engine/Plugins/Animation/DeformerGraph/Content/Deformers/DG_LinearBlendSkin_Morph_Cloth.uexp" 1664
"D:/UEProjects/MO57/Plugins/MOFramework/Content/Items/DiggingStick01/DiggingStick01Icon.uasset" 1665
"D:/UEProjects/MO57/Plugins/MOFramework/Content/Items/DiggingStick01/DiggingStick01Icon.uexp" 1666
"D:/UEProjects/MO57/Plugins/MOFramework/Content/Items/FlintFlake01/FlintFlake01Icon.uasset" 1667
"D:/UEProjects/MO57/Plugins/MOFramework/Content/Items/FlintFlake01/FlintFlake01Icon.uexp" 1668
"D:/UEProjects/MO57/Content/UltraDynamicSky/Particles/UDW_Niagara_Parameters.uasset" 1669
"D:/UEProjects/MO57/Content/UltraDynamicSky/Particles/UDW_Niagara_Parameters.uexp" 1670
"../../../Engine/Content/Functions/Engine_MaterialFunctions01/Coordinates/WorldUnitsInPixel.uasset" 1671
"../../../Engine/Content/Functions/Engine_MaterialFunctions01/Coordinates/WorldUnitsInPixel.uexp" 1672
"D:/UEProjects/MO57/Content/UltraDynamicSky/Textures/3D_Clouds/3D_Cells_64.uasset" 1673
"D:/UEProjects/MO57/Content/UltraDynamicSky/Textures/3D_Clouds/3D_Cells_64.uexp" 1674
"D:/UEProjects/MO57/Content/UltraDynamicSky/Textures/Weather/RainSnow_Sheet.ubulk" 1675
"D:/UEProjects/MO57/Content/UltraDynamicSky/Textures/Weather/RainSnow_Sheet.uasset" 1676
"D:/UEProjects/MO57/Content/UltraDynamicSky/Textures/Weather/RainSnow_Sheet.uexp" 1677
"../../../Engine/Content/Functions/Engine_MaterialFunctions01/Coordinates/PixelInWorldUnits.uasset" 1678
"../../../Engine/Content/Functions/Engine_MaterialFunctions01/Coordinates/PixelInWorldUnits.uexp" 1679
"D:/UEProjects/MO57/Content/UltraDynamicSky/Materials/Weather/Weather_Particle_DOF.uasset" 1680
"D:/UEProjects/MO57/Content/UltraDynamicSky/Materials/Weather/Weather_Particle_DOF.uexp" 1681
"D:/UEProjects/MO57/Content/UltraDynamicSky/Materials/Weather/WeatherParticle_DepthTest.uasset" 1682
"D:/UEProjects/MO57/Content/UltraDynamicSky/Materials/Weather/WeatherParticle_DepthTest.uexp" 1683
"D:/UEProjects/MO57/Content/UltraDynamicSky/Materials/Weather/Rain_ParticleMat.uasset" 1684
"D:/UEProjects/MO57/Content/UltraDynamicSky/Materials/Weather/Rain_ParticleMat.uexp" 1685
"D:/UEProjects/MO57/Content/UltraDynamicSky/Materials/Weather/Snow_ParticleMat.uasset" 1686
"D:/UEProjects/MO57/Content/UltraDynamicSky/Materials/Weather/Snow_ParticleMat.uexp" 1687
"D:/UEProjects/MO57/Content/UltraDynamicSky/Materials/Weather/Stuck_Snow_Decal_Mat.uasset" 1688
"D:/UEProjects/MO57/Content/UltraDynamicSky/Materials/Weather/Stuck_Snow_Decal_Mat.uexp" 1689
"D:/UEProjects/MO57/Content/UltraDynamicSky/Particles/Snow.uasset" 1690
"D:/UEProjects/MO57/Content/UltraDynamicSky/Particles/Snow.uexp" 1691
"D:/UEProjects/MO57/Plugins/MOFramework/Content/Items/FlintNodule01/FlintNodule01Icon.uasset" 1692
"D:/UEProjects/MO57/Plugins/MOFramework/Content/Items/FlintNodule01/FlintNodule01Icon.uexp" 1693
"../../../Engine/Content/EditorMaterials/Camera/CineMat.uasset" 1694
"../../../Engine/Content/EditorMaterials/Camera/CineMat.uexp" 1695
"../../../Engine/Content/EditorMaterials/Camera/MI_CineMat_Rig.uasset" 1696
"../../../Engine/Content/EditorMaterials/Camera/MI_CineMat_Rig.uexp" 1697
"../../../Engine/Content/EditorMeshes/Camera/SM_CraneRig_Arm.ubulk" 1698
"../../../Engine/Content/EditorMeshes/Camera/SM_CraneRig_Arm.uasset" 1699
"../../../Engine/Content/EditorMeshes/Camera/SM_CraneRig_Arm.uexp" 1700
"D:/UEProjects/MO57/Plugins/MOFramework/Content/Items/Hammerstone01/Hammerstone01Icon.uasset" 1701
"D:/UEProjects/MO57/Plugins/MOFramework/Content/Items/Hammerstone01/Hammerstone01Icon.uexp" 1702
"../../../Engine/Content/EditorMeshes/Camera/SM_CraneRig_Base.ubulk" 1703
"../../../Engine/Content/EditorMeshes/Camera/SM_CraneRig_Base.uasset" 1704
"../../../Engine/Content/EditorMeshes/Camera/SM_CraneRig_Base.uexp" 1705
"D:/UEProjects/MO57/Plugins/MOFramework/Content/Items/IronAxe01/ubglcesiw_tier_2Icon.uasset" 1706
"D:/UEProjects/MO57/Plugins/MOFramework/Content/Items/IronAxe01/ubglcesiw_tier_2Icon.uexp" 1707
"../../../Engine/Content/EditorMeshes/Camera/SM_CraneRig_Body.ubulk" 1708
"../../../Engine/Content/EditorMeshes/Camera/SM_CraneRig_Body.uasset" 1709
"../../../Engine/Content/EditorMeshes/Camera/SM_CraneRig_Body.uexp" 1710
"../../../Engine/Content/EditorMeshes/Camera/SM_CraneRig_Mount.ubulk" 1711
"../../../Engine/Content/EditorMeshes/Camera/SM_CraneRig_Mount.uasset" 1712
"../../../Engine/Content/EditorMeshes/Camera/SM_CraneRig_Mount.uexp" 1713
"../../../Engine/Content/EditorMeshes/Camera/SM_RailRig_Mount.ubulk" 1714
"../../../Engine/Content/EditorMeshes/Camera/SM_RailRig_Mount.uasset" 1715
"../../../Engine/Content/EditorMeshes/Camera/SM_RailRig_Mount.uexp" 1716
"D:/UEProjects/MO57/Plugins/MOFramework/Content/Items/PlantFiber01/PlantFiber01Icon.uasset" 1717
"D:/UEProjects/MO57/Plugins/MOFramework/Content/Items/PlantFiber01/PlantFiber01Icon.uexp" 1718
"../../../Engine/Content/EditorMaterials/Dataflow/DataflowTwoSidedVertexMaterial.uasset" 1719
"../../../Engine/Content/EditorMaterials/Dataflow/DataflowTwoSidedVertexMaterial.uexp" 1720
"../../../Engine/Content/EditorMeshes/Camera/SM_RailRig_Track.ubulk" 1721
"../../../Engine/Content/EditorMeshes/Camera/SM_RailRig_Track.uasset" 1722
"../../../Engine/Content/EditorMeshes/Camera/SM_RailRig_Track.uexp" 1723
"D:/UEProjects/MO57/Plugins/MOFramework/Content/Items/RawMeat01/RawMeat01Icon.uasset" 1724
"D:/UEProjects/MO57/Plugins/MOFramework/Content/Items/RawMeat01/RawMeat01Icon.uexp" 1725
"../../../Engine/Content/EditorMaterials/Dataflow/DataflowVertexMaterial.uasset" 1726
"../../../Engine/Content/EditorMaterials/Dataflow/DataflowVertexMaterial.uexp" 1727
"D:/UEProjects/MO57/Content/UltraDynamicSky/Textures/Volumetric_Clouds/Cloud_Profile.uasset" 1728
"D:/UEProjects/MO57/Content/UltraDynamicSky/Textures/Volumetric_Clouds/Cloud_Profile.uexp" 1729
"D:/UEProjects/MO57/Content/UltraDynamicSky/Textures/3D_Clouds/3D_Cells_32.uasset" 1730
"D:/UEProjects/MO57/Content/UltraDynamicSky/Textures/3D_Clouds/3D_Cells_32.uexp" 1731
"D:/UEProjects/MO57/Content/UltraDynamicSky/Materials/Material_Functions/Volumetric_Clouds_Conservative_Density.uasset" 1732
"D:/UEProjects/MO57/Content/UltraDynamicSky/Materials/Material_Functions/Volumetric_Clouds_Conservative_Density.uexp" 1733
"D:/UEProjects/MO57/Content/UltraDynamicSky/Materials/VolumetricCloud_LightRay.uasset" 1734
"D:/UEProjects/MO57/Content/UltraDynamicSky/Materials/VolumetricCloud_LightRay.uexp" 1735
"D:/UEProjects/MO57/Content/UltraDynamicSky/Particles/UDS_VolumetricClouds_Niagara_Properties.uasset" 1736
"D:/UEProjects/MO57/Content/UltraDynamicSky/Particles/UDS_VolumetricClouds_Niagara_Properties.uexp" 1737
"D:/UEProjects/MO57/Content/UltraDynamicSky/Particles/VolumetricCloud_LightRays.uasset" 1738
"D:/UEProjects/MO57/Content/UltraDynamicSky/Particles/VolumetricCloud_LightRays.uexp" 1739
"D:/UEProjects/MO57/Plugins/MOFramework/Content/Items/RiverCobble01/RiverCobble01Icon.uasset" 1740
"D:/UEProjects/MO57/Plugins/MOFramework/Content/Items/RiverCobble01/RiverCobble01Icon.uexp" 1741
"D:/UEProjects/MO57/Plugins/MOFramework/Content/Items/Stick01/Stick01Icon.uasset" 1742
"D:/UEProjects/MO57/Plugins/MOFramework/Content/Items/Stick01/Stick01Icon.uexp" 1743
"../../../Engine/Plugins/Interchange/Assets/Content/Functions/MX_DielectricBSDF.uasset" 1744
"../../../Engine/Plugins/Interchange/Assets/Content/Functions/MX_DielectricBSDF.uexp" 1745
"../../../Engine/Content/Functions/Engine_MaterialFunctions02/Utility/BlendAngleCorrectedNormals.uasset" 1746
"../../../Engine/Content/Functions/Engine_MaterialFunctions02/Utility/BlendAngleCorrectedNormals.uexp" 1747
"../../../Engine/Plugins/Interchange/Assets/Content/Functions/MX_Displacement.uasset" 1748
"../../../Engine/Plugins/Interchange/Assets/Content/Functions/MX_Displacement.uexp" 1749
"D:/UEProjects/MO57/Plugins/MOFramework/Content/Items/Stick02/Stick02Icon.uasset" 1750
"D:/UEProjects/MO57/Plugins/MOFramework/Content/Items/Stick02/Stick02Icon.uexp" 1751
"../../../Engine/Plugins/Interchange/Assets/Content/Functions/MX_GeneralizedSchlickBSDF.uasset" 1752
"../../../Engine/Plugins/Interchange/Assets/Content/Functions/MX_GeneralizedSchlickBSDF.uexp" 1753
"../../../Engine/Content/EngineMaterials/EnergyConservation/Diffuse_Energy.uasset" 1754
"../../../Engine/Content/EngineMaterials/EnergyConservation/Diffuse_Energy.uexp" 1755
"D:/UEProjects/MO57/Plugins/MOFramework/Content/UI/BuildSystem/M_BuildPreview.uasset" 1756
"D:/UEProjects/MO57/Plugins/MOFramework/Content/UI/BuildSystem/M_BuildPreview.uexp" 1757
"D:/UEProjects/MO57/Plugins/MOFramework/Content/UI/BuildSystem/MI_BuildPreview.uasset" 1758
"D:/UEProjects/MO57/Plugins/MOFramework/Content/UI/BuildSystem/MI_BuildPreview.uexp" 1759
"../../../Engine/Content/EngineMaterials/EnergyConservation/GGX_ReflectionEnergy.uasset" 1760
"../../../Engine/Content/EngineMaterials/EnergyConservation/GGX_ReflectionEnergy.uexp" 1761
"D:/UEProjects/MO57/Content/UltraDynamicSky/Textures/Weather/Debris_Twigs_and_Leaves.ubulk" 1762
"D:/UEProjects/MO57/Content/UltraDynamicSky/Textures/Weather/Debris_Twigs_and_Leaves.uasset" 1763
"D:/UEProjects/MO57/Content/UltraDynamicSky/Textures/Weather/Debris_Twigs_and_Leaves.uexp" 1764
"D:/UEProjects/MO57/Content/UltraDynamicSky/Materials/Weather/Wind_Debris.uasset" 1765
"D:/UEProjects/MO57/Content/UltraDynamicSky/Materials/Weather/Wind_Debris.uexp" 1766
"D:/UEProjects/MO57/Content/UltraDynamicSky/Particles/Wind_Debris.uasset" 1767
"D:/UEProjects/MO57/Content/UltraDynamicSky/Particles/Wind_Debris.uexp" 1768
"../../../Engine/Content/EngineMaterials/EnergyConservation/GGX_TransmissionEnergyArray.uasset" 1769
"../../../Engine/Content/EngineMaterials/EnergyConservation/GGX_TransmissionEnergyArray.uexp" 1770
"../../../Engine/Content/EngineMaterials/EnergyConservation/SheenLegacy_Energy.uasset" 1771
"../../../Engine/Content/EngineMaterials/EnergyConservation/SheenLegacy_Energy.uexp" 1772
"../../../Engine/Content/Functions/Engine_MaterialFunctions03/Math/RemapValueRange.uasset" 1773
"../../../Engine/Content/Functions/Engine_MaterialFunctions03/Math/RemapValueRange.uexp" 1774
"D:/UEProjects/MO57/Content/UltraDynamicSky/Materials/Material_Functions/Volumetric_Clouds_Extinction.uasset" 1775
"D:/UEProjects/MO57/Content/UltraDynamicSky/Materials/Material_Functions/Volumetric_Clouds_Extinction.uexp" 1776
"D:/UEProjects/MO57/Content/UltraDynamicSky/Materials/Inside_Clouds_Fog_Particle.uasset" 1777
"D:/UEProjects/MO57/Content/UltraDynamicSky/Materials/Inside_Clouds_Fog_Particle.uexp" 1778
"../../../Engine/Content/BasicShapes/Cylinder.ubulk" 1779
"../../../Engine/Content/BasicShapes/Cylinder.uasset" 1780
"../../../Engine/Content/BasicShapes/Cylinder.uexp" 1781
"../../../Engine/Plugins/Runtime/HairStrands/Content/Materials/NiagaraHairMaterial.uasset" 1782
"../../../Engine/Plugins/Runtime/HairStrands/Content/Materials/NiagaraHairMaterial.uexp" 1783
"../../../Engine/Plugins/Runtime/HairStrands/Content/Emitters/StableSpringsSystem.uasset" 1784
"../../../Engine/Plugins/Runtime/HairStrands/Content/Emitters/StableSpringsSystem.uexp" 1785
"D:/UEProjects/MO57/Content/UltraDynamicSky/Materials/Material_Functions/PathTracer_Fog_Density.uasset" 1786
"D:/UEProjects/MO57/Content/UltraDynamicSky/Materials/Material_Functions/PathTracer_Fog_Density.uexp" 1787
"D:/UEProjects/MO57/Content/UltraDynamicSky/Materials/PathTracer_ExpHeightFog.uasset" 1788
"D:/UEProjects/MO57/Content/UltraDynamicSky/Materials/PathTracer_ExpHeightFog.uexp" 1789
"../../../Engine/Content/EngineMaterials/EnergyConservation/Sheen_Energy.uasset" 1790
"../../../Engine/Content/EngineMaterials/EnergyConservation/Sheen_Energy.uexp" 1791
"../../../Engine/Content/EngineMaterials/LTC/GGX_LTCAmp.uasset" 1792
"../../../Engine/Content/EngineMaterials/LTC/GGX_LTCAmp.uexp" 1793
"../../../Engine/Plugins/MetaHuman/MetaHumanCharacter/Content/Controls/SM_MetaHuman_Faceboard_Convergence.ubulk" 1794
"../../../Engine/Plugins/MetaHuman/MetaHumanCharacter/Content/Controls/SM_MetaHuman_Faceboard_Convergence.uasset" 1795
"../../../Engine/Plugins/MetaHuman/MetaHumanCharacter/Content/Controls/SM_MetaHuman_Faceboard_Convergence.uexp" 1796
"D:/UEProjects/MO57/Content/UltraDynamicSky/Materials/Volumetric_Aurora.uasset" 1797
"D:/UEProjects/MO57/Content/UltraDynamicSky/Materials/Volumetric_Aurora.uexp" 1798
"../../../Engine/Content/EngineMaterials/LTC/GGX_LTCMat.uasset" 1799
"../../../Engine/Content/EngineMaterials/LTC/GGX_LTCMat.uexp" 1800
"../../../Engine/Plugins/MetaHuman/MetaHumanCharacter/Content/Controls/SM_MetaHuman_Faceboard_FollowGrp.ubulk" 1801
"../../../Engine/Plugins/MetaHuman/MetaHumanCharacter/Content/Controls/SM_MetaHuman_Faceboard_FollowGrp.uasset" 1802
"../../../Engine/Plugins/MetaHuman/MetaHumanCharacter/Content/Controls/SM_MetaHuman_Faceboard_FollowGrp.uexp" 1803
"../../../Engine/Content/EngineMaterials/LTC/Sheen_LTC.uasset" 1804
"../../../Engine/Content/EngineMaterials/LTC/Sheen_LTC.uexp" 1805
"../../../Engine/Plugins/Runtime/AudioWidgets/Content/Resources/ScrubHandleDown_Clamped.uasset" 1806
"../../../Engine/Plugins/Runtime/AudioWidgets/Content/Resources/ScrubHandleDown_Clamped.uexp" 1807
"../../../Engine/Plugins/Interchange/Runtime/Content/Pipelines/DefaultMaterialXPipeline.uasset" 1808
"../../../Engine/Plugins/Interchange/Runtime/Content/Pipelines/DefaultMaterialXPipeline.uexp" 1809
"../../../Engine/Plugins/Interchange/Runtime/Content/Pipelines/DefaultSceneAssetsPipeline.uasset" 1810
"../../../Engine/Plugins/Interchange/Runtime/Content/Pipelines/DefaultSceneAssetsPipeline.uexp" 1811
"../../../Engine/Plugins/Interchange/Runtime/Content/Pipelines/DefaultSceneLevelPipeline.uasset" 1812
"../../../Engine/Plugins/Interchange/Runtime/Content/Pipelines/DefaultSceneLevelPipeline.uexp" 1813
"../../../Engine/Plugins/Interchange/Runtime/Content/Pipelines/DefaultTexturePipeline.uasset" 1814
"../../../Engine/Plugins/Interchange/Runtime/Content/Pipelines/DefaultTexturePipeline.uexp" 1815
"../../../Engine/Plugins/MetaHuman/MetaHumanAnimator/Content/GenericTracker/GenericFaceContourTracker.uasset" 1816
"../../../Engine/Plugins/MetaHuman/MetaHumanAnimator/Content/GenericTracker/GenericFaceContourTracker.uexp" 1817
"../../../Engine/Plugins/Runtime/HairStrands/Content/Materials/HairCardsDefaultMaterial.uasset" 1818
"../../../Engine/Plugins/Runtime/HairStrands/Content/Materials/HairCardsDefaultMaterial.uexp" 1819
"../../../Engine/Plugins/MetaHuman/MetaHumanAnimator/Content/Solver/GenericFaceAnimationSolver.uasset" 1820
"../../../Engine/Plugins/MetaHuman/MetaHumanAnimator/Content/Solver/GenericFaceAnimationSolver.uexp" 1821
"../../../Engine/Content/EngineResources/Development/ZenLogo_64.uasset" 1822
"../../../Engine/Content/EngineResources/Development/ZenLogo_64.uexp" 1823
"../../../Engine/Content/EditorResources/SequenceRecorder/Countdown.uasset" 1824
"../../../Engine/Content/EditorResources/SequenceRecorder/Countdown.uexp" 1825
"../../../Engine/Plugins/PCG/Content/ComputeSources/PCGCS_Quaternion.uasset" 1826
"../../../Engine/Plugins/PCG/Content/ComputeSources/PCGCS_Quaternion.uexp" 1827
"../../../Engine/Plugins/PCG/Content/ComputeSources/PCGCS_ShaderUtils.uasset" 1828
"../../../Engine/Plugins/PCG/Content/ComputeSources/PCGCS_ShaderUtils.uexp" 1829
"../../../Engine/Plugins/PCG/Content/ComputeSources/PCGCS_ShaderUtilsInternal.uasset" 1830
"../../../Engine/Plugins/PCG/Content/ComputeSources/PCGCS_ShaderUtilsInternal.uexp" 1831
"../../../Engine/Content/EditorResources/SequenceRecorder/RecordingIndicator.uasset" 1832
"../../../Engine/Content/EditorResources/SequenceRecorder/RecordingIndicator.uexp" 1833
"../../../Engine/Content/Functions/Engine_MaterialFunctions02/Utility/MakeFloat2.uasset" 1834
"../../../Engine/Content/Functions/Engine_MaterialFunctions02/Utility/MakeFloat2.uexp" 1835
"../../../Engine/Content/EngineMaterials/HairColorMap.uasset" 1836
"../../../Engine/Content/EngineMaterials/HairColorMap.uexp" 1837
"../../../Engine/Content/EngineMaterials/HairDebugColor.uasset" 1838
"../../../Engine/Content/EngineMaterials/HairDebugColor.uexp" 1839
"../../../Engine/Plugins/Runtime/HairStrands/Content/Materials/HairGroupColors.uasset" 1840
"../../../Engine/Plugins/Runtime/HairStrands/Content/Materials/HairGroupColors.uexp" 1841
"../../../Engine/Plugins/Runtime/HairStrands/Content/Materials/HairDebugMaterial.uasset" 1842
"../../../Engine/Plugins/Runtime/HairStrands/Content/Materials/HairDebugMaterial.uexp" 1843
"D:/UEProjects/MO57/Plugins/Voxel/Content/Default/VoxelWorldGridMaterial.uasset" 1844
"D:/UEProjects/MO57/Plugins/Voxel/Content/Default/VoxelWorldGridMaterial.uexp" 1845
"../../../Engine/Content/EngineMaterials/DefaultNormal_Uncompressed.ubulk" 1846
"../../../Engine/Content/EngineMaterials/DefaultNormal_Uncompressed.uasset" 1847
"../../../Engine/Content/EngineMaterials/DefaultNormal_Uncompressed.uexp" 1848
"../../../Engine/Content/Functions/Engine_MaterialFunctions02/Math/CreateThirdOrthogonalVector.uasset" 1849
"../../../Engine/Content/Functions/Engine_MaterialFunctions02/Math/CreateThirdOrthogonalVector.uexp" 1850
"../../../Engine/Content/Functions/Engine_MaterialFunctions01/ImageAdjustment/CheapContrast.uasset" 1851
"../../../Engine/Content/Functions/Engine_MaterialFunctions01/ImageAdjustment/CheapContrast.uexp" 1852
"../../../Engine/Content/Functions/Engine_MaterialFunctions02/WorldAlignedNormals_HighQuality.uasset" 1853
"../../../Engine/Content/Functions/Engine_MaterialFunctions02/WorldAlignedNormals_HighQuality.uexp" 1854
"D:/UEProjects/MO57/Content/VoxelExamples/NaniteMaterials/Materials/MF_BlendLayers.uasset" 1855
"D:/UEProjects/MO57/Content/VoxelExamples/NaniteMaterials/Materials/MF_BlendLayers.uexp" 1856
"D:/UEProjects/MO57/Content/VoxelExamples/NaniteMaterials/Materials/MF_TextureSizeChanger.uasset" 1857
"D:/UEProjects/MO57/Content/VoxelExamples/NaniteMaterials/Materials/MF_TextureSizeChanger.uexp" 1858
"D:/UEProjects/MO57/Content/VoxelExamples/NaniteMaterials/Materials/Gravel/rocky_trail_diff_2k.ubulk" 1859
"D:/UEProjects/MO57/Content/VoxelExamples/NaniteMaterials/Materials/Gravel/rocky_trail_diff_2k.uasset" 1860
"D:/UEProjects/MO57/Content/VoxelExamples/NaniteMaterials/Materials/Gravel/rocky_trail_diff_2k.uexp" 1861
"D:/UEProjects/MO57/Content/VoxelExamples/NaniteMaterials/Materials/Gravel/rocky_trail_disp_2k_Heightmap.uasset" 1862
"D:/UEProjects/MO57/Content/VoxelExamples/NaniteMaterials/Materials/Gravel/rocky_trail_disp_2k_Heightmap.uexp" 1863
"D:/UEProjects/MO57/Content/VoxelExamples/NaniteMaterials/Materials/Gravel/rocky_trail_nor_gl_2k.ubulk" 1864
"D:/UEProjects/MO57/Content/VoxelExamples/NaniteMaterials/Materials/Gravel/rocky_trail_nor_gl_2k.uasset" 1865
"D:/UEProjects/MO57/Content/VoxelExamples/NaniteMaterials/Materials/Gravel/rocky_trail_nor_gl_2k.uexp" 1866
"D:/UEProjects/MO57/Content/VoxelExamples/NaniteMaterials/Materials/Gravel/rocky_trail_rough_2k.ubulk" 1867
"D:/UEProjects/MO57/Content/VoxelExamples/NaniteMaterials/Materials/Gravel/rocky_trail_rough_2k.uasset" 1868
"D:/UEProjects/MO57/Content/VoxelExamples/NaniteMaterials/Materials/Gravel/rocky_trail_rough_2k.uexp" 1869
"../../../Engine/Content/Functions/Engine_MaterialFunctions01/Texturing/WorldAlignedNormal.uasset" 1870
"../../../Engine/Content/Functions/Engine_MaterialFunctions01/Texturing/WorldAlignedNormal.uexp" 1871
"../../../Engine/Content/Functions/Engine_MaterialFunctions01/Texturing/WorldAlignedTexture.uasset" 1872
"../../../Engine/Content/Functions/Engine_MaterialFunctions01/Texturing/WorldAlignedTexture.uexp" 1873
"D:/UEProjects/MO57/Content/VoxelExamples/NaniteMaterials/Materials/Gravel/gray_rocks_diff_1k.ubulk" 1874
"D:/UEProjects/MO57/Content/VoxelExamples/NaniteMaterials/Materials/Gravel/gray_rocks_diff_1k.uasset" 1875
"D:/UEProjects/MO57/Content/VoxelExamples/NaniteMaterials/Materials/Gravel/gray_rocks_diff_1k.uexp" 1876
"D:/UEProjects/MO57/Content/VoxelExamples/NaniteMaterials/Materials/Gravel/gray_rocks_height_1k.uasset" 1877
"D:/UEProjects/MO57/Content/VoxelExamples/NaniteMaterials/Materials/Gravel/gray_rocks_height_1k.uexp" 1878
"D:/UEProjects/MO57/Content/VoxelExamples/NaniteMaterials/Materials/Gravel/gray_rocks_nor_gl_1k.ubulk" 1879
"D:/UEProjects/MO57/Content/VoxelExamples/NaniteMaterials/Materials/Gravel/gray_rocks_nor_gl_1k.uasset" 1880
"D:/UEProjects/MO57/Content/VoxelExamples/NaniteMaterials/Materials/Gravel/gray_rocks_nor_gl_1k.uexp" 1881
"D:/UEProjects/MO57/Content/VoxelExamples/NaniteMaterials/Materials/Gravel/gray_rocks_rough_1k.ubulk" 1882
"D:/UEProjects/MO57/Content/VoxelExamples/NaniteMaterials/Materials/Gravel/gray_rocks_rough_1k.uasset" 1883
"D:/UEProjects/MO57/Content/VoxelExamples/NaniteMaterials/Materials/Gravel/gray_rocks_rough_1k.uexp" 1884
"D:/UEProjects/MO57/Content/VoxelExamples/NaniteMaterials/Materials/MF_BaseLayer.uasset" 1885
"D:/UEProjects/MO57/Content/VoxelExamples/NaniteMaterials/Materials/MF_BaseLayer.uexp" 1886
"D:/UEProjects/MO57/Content/VoxelExamples/NaniteMaterials/Materials/M_QuixelBase.uasset" 1887
"D:/UEProjects/MO57/Content/VoxelExamples/NaniteMaterials/Materials/M_QuixelBase.uexp" 1888
"D:/UEProjects/MO57/Content/VoxelExamples/NaniteMaterials/Materials/Gravel/MI_Gravel.uasset" 1889
"D:/UEProjects/MO57/Content/VoxelExamples/NaniteMaterials/Materials/Gravel/MI_Gravel.uexp" 1890
"D:/UEProjects/MO57/Content/VoxelExamples/NaniteMaterials/Materials/VST_MI_Gravel.uasset" 1891
"D:/UEProjects/MO57/Content/VoxelExamples/NaniteMaterials/Materials/VST_MI_Gravel.uexp" 1892
"D:/UEProjects/MO57/Content/VoxelExamples/NaniteMaterials/Materials/MuddyLeaves/brown_mud_leaves_01_diff_1k.ubulk" 1893
"D:/UEProjects/MO57/Content/VoxelExamples/NaniteMaterials/Materials/MuddyLeaves/brown_mud_leaves_01_diff_1k.uasset" 1894
"D:/UEProjects/MO57/Content/VoxelExamples/NaniteMaterials/Materials/MuddyLeaves/brown_mud_leaves_01_diff_1k.uexp" 1895
"D:/UEProjects/MO57/Content/VoxelExamples/NaniteMaterials/Materials/MuddyLeaves/brown_mud_leaves_01_height_1k.uasset" 1896
"D:/UEProjects/MO57/Content/VoxelExamples/NaniteMaterials/Materials/MuddyLeaves/brown_mud_leaves_01_height_1k.uexp" 1897
"D:/UEProjects/MO57/Content/VoxelExamples/NaniteMaterials/Materials/MuddyLeaves/brown_mud_leaves_01_nor_gl_1k.ubulk" 1898
"D:/UEProjects/MO57/Content/VoxelExamples/NaniteMaterials/Materials/MuddyLeaves/brown_mud_leaves_01_nor_gl_1k.uasset" 1899
"D:/UEProjects/MO57/Content/VoxelExamples/NaniteMaterials/Materials/MuddyLeaves/brown_mud_leaves_01_nor_gl_1k.uexp" 1900
"D:/UEProjects/MO57/Content/VoxelExamples/NaniteMaterials/Materials/MuddyLeaves/MI_MuddyLeaves.uasset" 1901
"D:/UEProjects/MO57/Content/VoxelExamples/NaniteMaterials/Materials/MuddyLeaves/MI_MuddyLeaves.uexp" 1902
"D:/UEProjects/MO57/Content/VoxelExamples/NaniteMaterials/Materials/VST_MI_MuddyLeaves.uasset" 1903
"D:/UEProjects/MO57/Content/VoxelExamples/NaniteMaterials/Materials/VST_MI_MuddyLeaves.uexp" 1904
"D:/UEProjects/MO57/Content/VoxelExamples/NaniteMaterials/Materials/Cliff/rock_05_diff_2k.ubulk" 1905
"D:/UEProjects/MO57/Content/VoxelExamples/NaniteMaterials/Materials/Cliff/rock_05_diff_2k.uasset" 1906
"D:/UEProjects/MO57/Content/VoxelExamples/NaniteMaterials/Materials/Cliff/rock_05_diff_2k.uexp" 1907
"D:/UEProjects/MO57/Content/VoxelExamples/NaniteMaterials/Materials/Cliff/rock_05_disp_2k_H.uasset" 1908
"D:/UEProjects/MO57/Content/VoxelExamples/NaniteMaterials/Materials/Cliff/rock_05_disp_2k_H.uexp" 1909
"D:/UEProjects/MO57/Content/VoxelExamples/NaniteMaterials/Materials/Cliff/rock_05_nor_gl_2k.ubulk" 1910
"D:/UEProjects/MO57/Content/VoxelExamples/NaniteMaterials/Materials/Cliff/rock_05_nor_gl_2k.uasset" 1911
"D:/UEProjects/MO57/Content/VoxelExamples/NaniteMaterials/Materials/Cliff/rock_05_nor_gl_2k.uexp" 1912
"D:/UEProjects/MO57/Content/VoxelExamples/NaniteMaterials/Materials/Cliff/rock_05_rough_2k.ubulk" 1913
"D:/UEProjects/MO57/Content/VoxelExamples/NaniteMaterials/Materials/Cliff/rock_05_rough_2k.uasset" 1914
"D:/UEProjects/MO57/Content/VoxelExamples/NaniteMaterials/Materials/Cliff/rock_05_rough_2k.uexp" 1915
"D:/UEProjects/MO57/Content/VoxelExamples/NaniteMaterials/Materials/Cliff/MI_Cliff.uasset" 1916
"D:/UEProjects/MO57/Content/VoxelExamples/NaniteMaterials/Materials/Cliff/MI_Cliff.uexp" 1917
"D:/UEProjects/MO57/Content/VoxelExamples/NaniteMaterials/Materials/Cliff/VST_Cliff.uasset" 1918
"D:/UEProjects/MO57/Content/VoxelExamples/NaniteMaterials/Materials/Cliff/VST_Cliff.uexp" 1919
"D:/UEProjects/MO57/Content/Developers/penum/MegaMaterialCache.uasset" 1920
"D:/UEProjects/MO57/Content/Developers/penum/MegaMaterialCache.uexp" 1921
"../../../Engine/Plugins/Runtime/HairStrands/Content/Materials/HairDefaultMaterial.uasset" 1922
"../../../Engine/Plugins/Runtime/HairStrands/Content/Materials/HairDefaultMaterial.uexp" 1923
"../../../Engine/Plugins/Interchange/Assets/Content/Functions/MX_MeasuredEDF.uasset" 1924
"../../../Engine/Plugins/Interchange/Assets/Content/Functions/MX_MeasuredEDF.uexp" 1925
"../../../Engine/Content/EngineResources/FilmGrains/Marcie_Grain_v3_128_M2_000.uasset" 1926
"../../../Engine/Content/EngineResources/FilmGrains/Marcie_Grain_v3_128_M2_000.uexp" 1927
"../../../Engine/Plugins/Runtime/HairStrands/Content/Materials/HairMeshesDefaultMaterial.uasset" 1928
"../../../Engine/Plugins/Runtime/HairStrands/Content/Materials/HairMeshesDefaultMaterial.uexp" 1929
"../../../Engine/Plugins/Interchange/Assets/Content/Functions/MF_IridescenceNoLUT.uasset" 1930
"../../../Engine/Plugins/Interchange/Assets/Content/Functions/MF_IridescenceNoLUT.uexp" 1931
"../../../Engine/Plugins/Interchange/Assets/Content/Functions/MX_StandardSurface.uasset" 1932
"../../../Engine/Plugins/Interchange/Assets/Content/Functions/MX_StandardSurface.uexp" 1933
"../../../Engine/Plugins/Interchange/Assets/Content/Functions/MX_OpenPBR_Opaque.uasset" 1934
"../../../Engine/Plugins/Interchange/Assets/Content/Functions/MX_OpenPBR_Opaque.uexp" 1935
"../../../Engine/Plugins/Interchange/Assets/Content/Functions/MX_TransmissionSurface.uasset" 1936
"../../../Engine/Plugins/Interchange/Assets/Content/Functions/MX_TransmissionSurface.uexp" 1937
"../../../Engine/Plugins/Interchange/Assets/Content/Functions/MX_OpenPBR_Translucent.uasset" 1938
"../../../Engine/Plugins/Interchange/Assets/Content/Functions/MX_OpenPBR_Translucent.uexp" 1939
"D:/UEProjects/MO57/Content/UltraDynamicSky/Textures/Weather/WeatherOcclusionVolume.uasset" 1940
"D:/UEProjects/MO57/Content/UltraDynamicSky/Textures/Weather/WeatherOcclusionVolume.uexp" 1941
"D:/UEProjects/MO57/Content/UltraDynamicSky/Particles/Clear_WeatherOcclusionVolume.uasset" 1942
"D:/UEProjects/MO57/Content/UltraDynamicSky/Particles/Clear_WeatherOcclusionVolume.uexp" 1943
"../../../Engine/Plugins/Interchange/Assets/Content/Functions/MX_OrenNayarBSDF.uasset" 1944
"../../../Engine/Plugins/Interchange/Assets/Content/Functions/MX_OrenNayarBSDF.uexp" 1945
"D:/UEProjects/MO57/Content/UltraDynamicSky/Particles/DF_Occlusion_Test.uasset" 1946
"D:/UEProjects/MO57/Content/UltraDynamicSky/Particles/DF_Occlusion_Test.uexp" 1947
"D:/UEProjects/MO57/Content/UltraDynamicSky/Textures/Weather/WOV_Material_State_Target.uasset" 1948
"D:/UEProjects/MO57/Content/UltraDynamicSky/Textures/Weather/WOV_Material_State_Target.uexp" 1949
"D:/UEProjects/MO57/Content/UltraDynamicSky/Materials/Weather/Snow_Trail_Particle.uasset" 1950
"D:/UEProjects/MO57/Content/UltraDynamicSky/Materials/Weather/Snow_Trail_Particle.uexp" 1951
"D:/UEProjects/MO57/Content/UltraDynamicSky/Textures/Weather/DLWE_Noise.ubulk" 1952
"D:/UEProjects/MO57/Content/UltraDynamicSky/Textures/Weather/DLWE_Noise.uasset" 1953
"D:/UEProjects/MO57/Content/UltraDynamicSky/Textures/Weather/DLWE_Noise.uexp" 1954
"D:/UEProjects/MO57/Content/UltraDynamicSky/Particles/DLWE_Interaction_System.uasset" 1955
"D:/UEProjects/MO57/Content/UltraDynamicSky/Particles/DLWE_Interaction_System.uexp" 1956
"D:/UEProjects/MO57/Content/UltraDynamicSky/Materials/Weather/Dust_ParticleMat.uasset" 1957
"D:/UEProjects/MO57/Content/UltraDynamicSky/Materials/Weather/Dust_ParticleMat.uexp" 1958
"D:/UEProjects/MO57/Content/UltraDynamicSky/Textures/Weather/Dust_Alpha.ubulk" 1959
"D:/UEProjects/MO57/Content/UltraDynamicSky/Textures/Weather/Dust_Alpha.uasset" 1960
"D:/UEProjects/MO57/Content/UltraDynamicSky/Textures/Weather/Dust_Alpha.uexp" 1961
"D:/UEProjects/MO57/Content/UltraDynamicSky/Particles/Dust.uasset" 1962
"D:/UEProjects/MO57/Content/UltraDynamicSky/Particles/Dust.uexp" 1963
"../../../Engine/Plugins/Interchange/Assets/Content/Functions/MX_SheenBSDF.uasset" 1964
"../../../Engine/Plugins/Interchange/Assets/Content/Functions/MX_SheenBSDF.uexp" 1965
"../../../Engine/Plugins/Interchange/Assets/Content/Functions/MX_SubsurfaceBSDF.uasset" 1966
"../../../Engine/Plugins/Interchange/Assets/Content/Functions/MX_SubsurfaceBSDF.uexp" 1967
"../../../Engine/Plugins/Interchange/Assets/Content/Functions/MX_Surface.uasset" 1968
"../../../Engine/Plugins/Interchange/Assets/Content/Functions/MX_Surface.uexp" 1969
"../../../Engine/Plugins/Interchange/Assets/Content/Functions/MX_SurfaceUnlit.uasset" 1970
"../../../Engine/Plugins/Interchange/Assets/Content/Functions/MX_SurfaceUnlit.uexp" 1971
"D:/UEProjects/MO57/Content/UltraDynamicSky/Meshes/Puddle_Grid_Mesh.ubulk" 1972
"D:/UEProjects/MO57/Content/UltraDynamicSky/Meshes/Puddle_Grid_Mesh.uasset" 1973
"D:/UEProjects/MO57/Content/UltraDynamicSky/Meshes/Puddle_Grid_Mesh.uexp" 1974
"D:/UEProjects/MO57/Content/UltraDynamicSky/Textures/Weather/WhiteNoise512.ubulk" 1975
"D:/UEProjects/MO57/Content/UltraDynamicSky/Textures/Weather/WhiteNoise512.uasset" 1976
"D:/UEProjects/MO57/Content/UltraDynamicSky/Textures/Weather/WhiteNoise512.uexp" 1977
"D:/UEProjects/MO57/Content/UltraDynamicSky/Materials/Weather/Cloud_Altitude_Mask.uasset" 1978
"D:/UEProjects/MO57/Content/UltraDynamicSky/Materials/Weather/Cloud_Altitude_Mask.uexp" 1979
"D:/UEProjects/MO57/Content/UltraDynamicSky/Materials/Weather/Lightning_Color_Scaled.uasset" 1980
"D:/UEProjects/MO57/Content/UltraDynamicSky/Materials/Weather/Lightning_Color_Scaled.uexp" 1981
"D:/UEProjects/MO57/Content/UltraDynamicSky/Materials/Weather/LightningBolt_ParticleMat.uasset" 1982
"D:/UEProjects/MO57/Content/UltraDynamicSky/Materials/Weather/LightningBolt_ParticleMat.uexp" 1983
"D:/UEProjects/MO57/Content/UltraDynamicSky/Materials/Material_Functions/RadialGradientBasic.uasset" 1984
"D:/UEProjects/MO57/Content/UltraDynamicSky/Materials/Material_Functions/RadialGradientBasic.uexp" 1985
"D:/UEProjects/MO57/Content/UltraDynamicSky/Materials/Weather/Hide_Weather_Particle_With_Local_Cloud_Coverage.uasset" 1986
"D:/UEProjects/MO57/Content/UltraDynamicSky/Materials/Weather/Hide_Weather_Particle_With_Local_Cloud_Coverage.uexp" 1987
"D:/UEProjects/MO57/Content/UltraDynamicSky/Textures/Weather/ObscuredLightningSheet.ubulk" 1988
"D:/UEProjects/MO57/Content/UltraDynamicSky/Textures/Weather/ObscuredLightningSheet.uasset" 1989
"D:/UEProjects/MO57/Content/UltraDynamicSky/Textures/Weather/ObscuredLightningSheet.uexp" 1990
"D:/UEProjects/MO57/Content/UltraDynamicSky/Materials/Weather/LightningFlare_ParticleMat.uasset" 1991
"D:/UEProjects/MO57/Content/UltraDynamicSky/Materials/Weather/LightningFlare_ParticleMat.uexp" 1992
"D:/UEProjects/MO57/Content/UltraDynamicSky/Textures/Clouds/CloudsTurbulence.uasset" 1993
"D:/UEProjects/MO57/Content/UltraDynamicSky/Textures/Clouds/CloudsTurbulence.uexp" 1994
"D:/UEProjects/MO57/Content/UltraDynamicSky/Textures/Clouds/CloudsAlpha.ubulk" 1995
"D:/UEProjects/MO57/Content/UltraDynamicSky/Textures/Clouds/CloudsAlpha.uasset" 1996
"D:/UEProjects/MO57/Content/UltraDynamicSky/Textures/Clouds/CloudsAlpha.uexp" 1997
"D:/UEProjects/MO57/Content/UltraDynamicSky/Materials/Weather/Lightning_Light_Rays_Card.uasset" 1998
"D:/UEProjects/MO57/Content/UltraDynamicSky/Materials/Weather/Lightning_Light_Rays_Card.uexp" 1999
"D:/UEProjects/MO57/Content/UltraDynamicSky/Materials/Weather/Lightning_Rainfall_Particle.uasset" 2000
"D:/UEProjects/MO57/Content/UltraDynamicSky/Materials/Weather/Lightning_Rainfall_Particle.uexp" 2001
"D:/UEProjects/MO57/Content/UltraDynamicSky/Particles/Lightning_Strike.uasset" 2002
"D:/UEProjects/MO57/Content/UltraDynamicSky/Particles/Lightning_Strike.uexp" 2003
"../../../Engine/Content/EditorMaterials/ParticleSystems/PSysThumbnail_NoImage.ubulk" 2004
"../../../Engine/Content/EditorMaterials/ParticleSystems/PSysThumbnail_NoImage.uasset" 2005
"../../../Engine/Content/EditorMaterials/ParticleSystems/PSysThumbnail_NoImage.uexp" 2006
"../../../Engine/Content/EngineResources/Black_Low.uasset" 2007
"../../../Engine/Content/EngineResources/Black_Low.uexp" 2008
"D:/UEProjects/MO57/Content/UltraDynamicSky/Materials/Weather/LightningFlare_ParticleMat_Obscured.uasset" 2009
"D:/UEProjects/MO57/Content/UltraDynamicSky/Materials/Weather/LightningFlare_ParticleMat_Obscured.uexp" 2010
"D:/UEProjects/MO57/Content/UltraDynamicSky/Materials/Weather/Lightning_Glow.uasset" 2011
"D:/UEProjects/MO57/Content/UltraDynamicSky/Materials/Weather/Lightning_Glow.uexp" 2012
"D:/UEProjects/MO57/Content/UltraDynamicSky/Particles/Obscured_Lightning.uasset" 2013
"D:/UEProjects/MO57/Content/UltraDynamicSky/Particles/Obscured_Lightning.uexp" 2014
"../../../Engine/Content/EditorMaterials/ParticleSystems/PSysThumbnail_OOD.ubulk" 2015
"../../../Engine/Content/EditorMaterials/ParticleSystems/PSysThumbnail_OOD.uasset" 2016
"../../../Engine/Content/EditorMaterials/ParticleSystems/PSysThumbnail_OOD.uexp" 2017
"../../../Engine/Content/Engine_MI_Shaders/T_Emissive.uasset" 2018
"../../../Engine/Content/Engine_MI_Shaders/T_Emissive.uexp" 2019
"../../../Engine/Content/Engine_MI_Shaders/T_Reflection.uasset" 2020
"../../../Engine/Content/Engine_MI_Shaders/T_Reflection.uexp" 2021
"../../../Engine/Content/Engine_MI_Shaders/M_Shader_SimpleTranslucent.uasset" 2022
"../../../Engine/Content/Engine_MI_Shaders/M_Shader_SimpleTranslucent.uexp" 2023
"../../../Engine/Content/Engine_MI_Shaders/Instances/M_Shader_SimpleTranslucent_Invis.uasset" 2024
"../../../Engine/Content/Engine_MI_Shaders/Instances/M_Shader_SimpleTranslucent_Invis.uexp" 2025
"D:/UEProjects/MO57/Plugins/MOFramework/Content/UI/MainMenu_UI/WBP_IntroVideo.uasset" 2026
"D:/UEProjects/MO57/Plugins/MOFramework/Content/UI/MainMenu_UI/WBP_IntroVideo.uexp" 2027
"D:/UEProjects/MO57/Plugins/MOFramework/Content/UI/WBP_MOSaveSlot.uasset" 2028
"D:/UEProjects/MO57/Plugins/MOFramework/Content/UI/WBP_MOSaveSlot.uexp" 2029
"D:/UEProjects/MO57/Plugins/MOFramework/Content/UI/WBP_LoadPanel.uasset" 2030
"D:/UEProjects/MO57/Plugins/MOFramework/Content/UI/WBP_LoadPanel.uexp" 2031
"D:/UEProjects/MO57/Plugins/MOFramework/Content/UI/KeyBindingsUI/WBP_KeyBindingEntry.uasset" 2032
"D:/UEProjects/MO57/Plugins/MOFramework/Content/UI/KeyBindingsUI/WBP_KeyBindingEntry.uexp" 2033
"D:/UEProjects/MO57/Plugins/MOFramework/Content/UI/WBP_MOOptionsPanel.uasset" 2034
"D:/UEProjects/MO57/Plugins/MOFramework/Content/UI/WBP_MOOptionsPanel.uexp" 2035
"D:/UEProjects/MO57/Plugins/MOFramework/Content/UI/MainMenu_UI/WBP_MOInGameMenu1.uasset" 2036
"D:/UEProjects/MO57/Plugins/MOFramework/Content/UI/MainMenu_UI/WBP_MOInGameMenu1.uexp" 2037
"../../../Engine/Content/Functions/Engine_MaterialFunctions02/ScreenResolution.uasset" 2038
"../../../Engine/Content/Functions/Engine_MaterialFunctions02/ScreenResolution.uexp" 2039
"../../../Engine/Content/Functions/Engine_MaterialFunctions02/Math/ManualWorldToScreenUVsTransform.uasset" 2040
"../../../Engine/Content/Functions/Engine_MaterialFunctions02/Math/ManualWorldToScreenUVsTransform.uexp" 2041
"../../../Engine/Content/Functions/Engine_MaterialFunctions02/Utility/DepthFromWorldPosition.uasset" 2042
"../../../Engine/Content/Functions/Engine_MaterialFunctions02/Utility/DepthFromWorldPosition.uexp" 2043
"D:/UEProjects/MO57/Content/UltraDynamicSky/Textures/Weather/Splash_Animation.uasset" 2044
"D:/UEProjects/MO57/Content/UltraDynamicSky/Textures/Weather/Splash_Animation.uexp" 2045
"D:/UEProjects/MO57/Content/UltraDynamicSky/Materials/Material_Functions/RainSplash_Particle_Sprite.uasset" 2046
"D:/UEProjects/MO57/Content/UltraDynamicSky/Materials/Material_Functions/RainSplash_Particle_Sprite.uexp" 2047
"D:/UEProjects/MO57/Content/UltraDynamicSky/Materials/Weather/Splash_ParticleMat.uasset" 2048
"D:/UEProjects/MO57/Content/UltraDynamicSky/Materials/Weather/Splash_ParticleMat.uexp" 2049
"D:/UEProjects/MO57/Content/UltraDynamicSky/Materials/Material_Functions/Rain_Splash_Droplet_Sprite.uasset" 2050
"D:/UEProjects/MO57/Content/UltraDynamicSky/Materials/Material_Functions/Rain_Splash_Droplet_Sprite.uexp" 2051
"D:/UEProjects/MO57/Content/UltraDynamicSky/Materials/Weather/Splash_Droplet_Particle.uasset" 2052
"D:/UEProjects/MO57/Content/UltraDynamicSky/Materials/Weather/Splash_Droplet_Particle.uexp" 2053
"D:/UEProjects/MO57/Content/UltraDynamicSky/Materials/Weather/Rain_Ripple_Decal.uasset" 2054
"D:/UEProjects/MO57/Content/UltraDynamicSky/Materials/Weather/Rain_Ripple_Decal.uexp" 2055
"D:/UEProjects/MO57/Content/UltraDynamicSky/Materials/Weather/Rain_Spot_Decal.uasset" 2056
"D:/UEProjects/MO57/Content/UltraDynamicSky/Materials/Weather/Rain_Spot_Decal.uexp" 2057
"D:/UEProjects/MO57/Content/UltraDynamicSky/Particles/Rain.uasset" 2058
"D:/UEProjects/MO57/Content/UltraDynamicSky/Particles/Rain.uexp" 2059
"../../../Engine/Plugins/Interchange/Assets/Content/gltf/Textures/T_White_srgb.uasset" 2060
"../../../Engine/Plugins/Interchange/Assets/Content/gltf/Textures/T_White_srgb.uexp" 2061
"../../../Engine/Plugins/Interchange/Assets/Content/gltf/MaterialFunctions/MF_Emissive.uasset" 2062
"../../../Engine/Plugins/Interchange/Assets/Content/gltf/MaterialFunctions/MF_Emissive.uexp" 2063
"../../../Engine/Plugins/Interchange/Assets/Content/gltf/MaterialFunctions/MF_RotateNormals_TS.uasset" 2064
"../../../Engine/Plugins/Interchange/Assets/Content/gltf/MaterialFunctions/MF_RotateNormals_TS.uexp" 2065
"../../../Engine/Plugins/Interchange/Assets/Content/gltf/MaterialFunctions/MF_ScaleNormal.uasset" 2066
"../../../Engine/Plugins/Interchange/Assets/Content/gltf/MaterialFunctions/MF_ScaleNormal.uexp" 2067
"../../../Engine/Plugins/Interchange/Assets/Content/gltf/Textures/T_Generic_N.uasset" 2068
"../../../Engine/Plugins/Interchange/Assets/Content/gltf/Textures/T_Generic_N.uexp" 2069
"../../../Engine/Plugins/Interchange/Assets/Content/gltf/MaterialFunctions/MF_Normals.uasset" 2070
"../../../Engine/Plugins/Interchange/Assets/Content/gltf/MaterialFunctions/MF_Normals.uexp" 2071
"../../../Engine/Plugins/Interchange/Assets/Content/gltf/Textures/T_White_Linear.uasset" 2072
"../../../Engine/Plugins/Interchange/Assets/Content/gltf/Textures/T_White_Linear.uexp" 2073
"../../../Engine/Plugins/Interchange/Assets/Content/gltf/MaterialFunctions/MF_Occlusion.uasset" 2074
"../../../Engine/Plugins/Interchange/Assets/Content/gltf/MaterialFunctions/MF_Occlusion.uexp" 2075
"../../../Engine/Plugins/Interchange/Assets/Content/gltf/MaterialFunctions/MF_RotateV2.uasset" 2076
"../../../Engine/Plugins/Interchange/Assets/Content/gltf/MaterialFunctions/MF_RotateV2.uexp" 2077
"../../../Engine/Plugins/Interchange/Assets/Content/gltf/MaterialFunctions/MF_TransformUVs.uasset" 2078
"../../../Engine/Plugins/Interchange/Assets/Content/gltf/MaterialFunctions/MF_TransformUVs.uexp" 2079
"../../../Engine/Plugins/Interchange/Assets/Content/gltf/MaterialFunctions/MF_DiffuseSpecGloss.uasset" 2080
"../../../Engine/Plugins/Interchange/Assets/Content/gltf/MaterialFunctions/MF_DiffuseSpecGloss.uexp" 2081
"../../../Engine/Plugins/Interchange/Assets/Content/gltf/MaterialFunctions/MF_MaxComponentValue.uasset" 2082
"../../../Engine/Plugins/Interchange/Assets/Content/gltf/MaterialFunctions/MF_MaxComponentValue.uexp" 2083
"../../../Engine/Content/Functions/Engine_MaterialFunctions02/Math/AddComponents.uasset" 2084
"../../../Engine/Content/Functions/Engine_MaterialFunctions02/Math/AddComponents.uexp" 2085
"../../../Engine/Plugins/Interchange/Assets/Content/gltf/MaterialFunctions/MF_PerceivedBrightness.uasset" 2086
"../../../Engine/Plugins/Interchange/Assets/Content/gltf/MaterialFunctions/MF_PerceivedBrightness.uexp" 2087
"../../../Engine/Plugins/Interchange/Assets/Content/gltf/MaterialFunctions/MF_SpecGlossToMetalRoughness.uasset" 2088
"../../../Engine/Plugins/Interchange/Assets/Content/gltf/MaterialFunctions/MF_SpecGlossToMetalRoughness.uexp" 2089
"../../../Engine/Plugins/Interchange/Assets/Content/gltf/MaterialBodies/MF_SpecularGlossiness_Body.uasset" 2090
"../../../Engine/Plugins/Interchange/Assets/Content/gltf/MaterialBodies/MF_SpecularGlossiness_Body.uexp" 2091
"../../../Engine/Plugins/Interchange/Assets/Content/gltf/M_SpecularGlossiness.uasset" 2092
"../../../Engine/Plugins/Interchange/Assets/Content/gltf/M_SpecularGlossiness.uexp" 2093
"../../../Engine/Plugins/Interchange/Assets/Content/gltf/MaterialInstances/MI_SpecularGlossiness_Opaque.uasset" 2094
"../../../Engine/Plugins/Interchange/Assets/Content/gltf/MaterialInstances/MI_SpecularGlossiness_Opaque.uexp" 2095
"../../../Engine/Plugins/Interchange/Assets/Content/gltf/MaterialInstances/MI_SpecularGlossiness_Opaque_DS.uasset" 2096
"../../../Engine/Plugins/Interchange/Assets/Content/gltf/MaterialInstances/MI_SpecularGlossiness_Opaque_DS.uexp" 2097
"../../../Engine/Plugins/Interchange/Assets/Content/Utilities/New_LUT.uasset" 2098
"../../../Engine/Plugins/Interchange/Assets/Content/Utilities/New_LUT.uexp" 2099
"../../../Engine/Plugins/Interchange/Assets/Content/Functions/MF_Iridescence.uasset" 2100
"../../../Engine/Plugins/Interchange/Assets/Content/Functions/MF_Iridescence.uexp" 2101
"../../../Engine/Plugins/Interchange/Assets/Content/gltf/MaterialFunctions/MF_Fresnel_DS.uasset" 2102
"../../../Engine/Plugins/Interchange/Assets/Content/gltf/MaterialFunctions/MF_Fresnel_DS.uexp" 2103
"../../../Engine/Plugins/Interchange/Assets/Content/gltf/MaterialFunctions/MF_Temporal_Blur.uasset" 2104
"../../../Engine/Plugins/Interchange/Assets/Content/gltf/MaterialFunctions/MF_Temporal_Blur.uexp" 2105
"../../../Engine/Plugins/Interchange/Assets/Content/gltf/MaterialFunctions/MF_BaseColor.uasset" 2106
"../../../Engine/Plugins/Interchange/Assets/Content/gltf/MaterialFunctions/MF_BaseColor.uexp" 2107
"../../../Engine/Plugins/Interchange/Assets/Content/gltf/MaterialFunctions/MF_IOR.uasset" 2108
"../../../Engine/Plugins/Interchange/Assets/Content/gltf/MaterialFunctions/MF_IOR.uexp" 2109
"../../../Engine/Plugins/Interchange/Assets/Content/gltf/MaterialFunctions/MF_Iridescence.uasset" 2110
"../../../Engine/Plugins/Interchange/Assets/Content/gltf/MaterialFunctions/MF_Iridescence.uexp" 2111
"../../../Engine/Plugins/Interchange/Assets/Content/gltf/MaterialFunctions/MF_MetallicRoughness.uasset" 2112
"../../../Engine/Plugins/Interchange/Assets/Content/gltf/MaterialFunctions/MF_MetallicRoughness.uexp" 2113
"../../../Engine/Plugins/Interchange/Assets/Content/gltf/MaterialFunctions/MF_Specular.uasset" 2114
"../../../Engine/Plugins/Interchange/Assets/Content/gltf/MaterialFunctions/MF_Specular.uexp" 2115
"../../../Engine/Plugins/Interchange/Assets/Content/gltf/Textures/T_Anisotropy_Direction_Linear.uasset" 2116
"../../../Engine/Plugins/Interchange/Assets/Content/gltf/Textures/T_Anisotropy_Direction_Linear.uexp" 2117
"../../../Engine/Plugins/Interchange/Assets/Content/gltf/MaterialFunctions/MF_SpecularAnisotropy.uasset" 2118
"../../../Engine/Plugins/Interchange/Assets/Content/gltf/MaterialFunctions/MF_SpecularAnisotropy.uexp" 2119
"../../../Engine/Plugins/Interchange/Assets/Content/gltf/MaterialFunctions/MF_Transmission.uasset" 2120
"../../../Engine/Plugins/Interchange/Assets/Content/gltf/MaterialFunctions/MF_Transmission.uexp" 2121
"../../../Engine/Plugins/Interchange/Assets/Content/gltf/MaterialBodies/MF_Transmission_Body.uasset" 2122
"../../../Engine/Plugins/Interchange/Assets/Content/gltf/MaterialBodies/MF_Transmission_Body.uexp" 2123
"../../../Engine/Plugins/Interchange/Assets/Content/gltf/M_Transmission.uasset" 2124
"../../../Engine/Plugins/Interchange/Assets/Content/gltf/M_Transmission.uexp" 2125
"../../../Engine/Plugins/Interchange/Assets/Content/gltf/MaterialInstances/MI_Transmission.uasset" 2126
"../../../Engine/Plugins/Interchange/Assets/Content/gltf/MaterialInstances/MI_Transmission.uexp" 2127
"../../../Engine/Plugins/Interchange/Assets/Content/gltf/MaterialInstances/MI_Transmission_DS.uasset" 2128
"../../../Engine/Plugins/Interchange/Assets/Content/gltf/MaterialInstances/MI_Transmission_DS.uexp" 2129
"../../../Engine/Plugins/Interchange/Assets/Content/gltf/MaterialBodies/MF_Unlit_Body.uasset" 2130
"../../../Engine/Plugins/Interchange/Assets/Content/gltf/MaterialBodies/MF_Unlit_Body.uexp" 2131
"../../../Engine/Plugins/Interchange/Assets/Content/gltf/M_Unlit.uasset" 2132
"../../../Engine/Plugins/Interchange/Assets/Content/gltf/M_Unlit.uexp" 2133
"../../../Engine/Plugins/Interchange/Assets/Content/gltf/MaterialInstances/MI_Unlit_Blend.uasset" 2134
"../../../Engine/Plugins/Interchange/Assets/Content/gltf/MaterialInstances/MI_Unlit_Blend.uexp" 2135
"../../../Engine/Plugins/Interchange/Assets/Content/gltf/MaterialInstances/MI_Unlit_Blend_DS.uasset" 2136
"../../../Engine/Plugins/Interchange/Assets/Content/gltf/MaterialInstances/MI_Unlit_Blend_DS.uexp" 2137
"../../../Engine/Plugins/Interchange/Assets/Content/gltf/MaterialInstances/MI_Unlit_Mask.uasset" 2138
"../../../Engine/Plugins/Interchange/Assets/Content/gltf/MaterialInstances/MI_Unlit_Mask.uexp" 2139
"../../../Engine/Plugins/Interchange/Assets/Content/gltf/MaterialInstances/MI_Unlit_Mask_DS.uasset" 2140
"../../../Engine/Plugins/Interchange/Assets/Content/gltf/MaterialInstances/MI_Unlit_Mask_DS.uexp" 2141
"../../../Engine/Plugins/Interchange/Assets/Content/gltf/MaterialInstances/MI_Unlit_Opaque.uasset" 2142
"../../../Engine/Plugins/Interchange/Assets/Content/gltf/MaterialInstances/MI_Unlit_Opaque.uexp" 2143
"../../../Engine/Content/VREditor/TransformGizmo/BoundingBoxCorner.ubulk" 2144
"../../../Engine/Content/VREditor/TransformGizmo/BoundingBoxCorner.uasset" 2145
"../../../Engine/Content/VREditor/TransformGizmo/BoundingBoxCorner.uexp" 2146
"../../../Engine/Plugins/Interchange/Assets/Content/gltf/MaterialInstances/MI_Unlit_Opaque_DS.uasset" 2147
"../../../Engine/Plugins/Interchange/Assets/Content/gltf/MaterialInstances/MI_Unlit_Opaque_DS.uexp" 2148
"../../../Engine/Content/VREditor/TransformGizmo/BoundingBoxEdge.ubulk" 2149
"../../../Engine/Content/VREditor/TransformGizmo/BoundingBoxEdge.uasset" 2150
"../../../Engine/Content/VREditor/TransformGizmo/BoundingBoxEdge.uexp" 2151
"D:/UEProjects/MO57/Content/VoxelExamples/PCGScattering/Meshes/M_FoliageMaterial.uasset" 2152
"D:/UEProjects/MO57/Content/VoxelExamples/PCGScattering/Meshes/M_FoliageMaterial.uexp" 2153
"D:/UEProjects/MO57/Content/VoxelExamples/PCGScattering/FoliageCone.ubulk" 2154
"D:/UEProjects/MO57/Content/VoxelExamples/PCGScattering/FoliageCone.uasset" 2155
"D:/UEProjects/MO57/Content/VoxelExamples/PCGScattering/FoliageCone.uexp" 2156
"D:/UEProjects/MO57/Plugins/Voxel/Content/Default/DefaultHeightLayer.uasset" 2157
"D:/UEProjects/MO57/Plugins/Voxel/Content/Default/DefaultHeightLayer.uexp" 2158
"D:/UEProjects/MO57/Content/Penumbra/PCG_StampScatter.uasset" 2159
"D:/UEProjects/MO57/Content/Penumbra/PCG_StampScatter.uexp" 2160
"D:/UEProjects/MO57/Content/VoxelExamples/PCGScattering/ScatterSphere.ubulk" 2161
"D:/UEProjects/MO57/Content/VoxelExamples/PCGScattering/ScatterSphere.uasset" 2162
"D:/UEProjects/MO57/Content/VoxelExamples/PCGScattering/ScatterSphere.uexp" 2163
"../../../Engine/Content/VREditor/TransformGizmo/Main.uasset" 2164
"../../../Engine/Content/VREditor/TransformGizmo/Main.uexp" 2165
"../../../Engine/Content/VREditor/TransformGizmo/Xray.uasset" 2166
"../../../Engine/Content/VREditor/TransformGizmo/Xray.uexp" 2167
"../../../Engine/Content/VREditor/TransformGizmo/SM_Sequencer_Node.ubulk" 2168
"../../../Engine/Content/VREditor/TransformGizmo/SM_Sequencer_Node.uasset" 2169
"../../../Engine/Content/VREditor/TransformGizmo/SM_Sequencer_Node.uexp" 2170
"../../../Engine/Plugins/Animation/ControlRig/Content/Controls/DefaultGizmoLibrary.uasset" 2171
"../../../Engine/Plugins/Animation/ControlRig/Content/Controls/DefaultGizmoLibrary.uexp" 2172
"../../../Engine/Plugins/MetaHuman/MetaHumanCharacter/Content/Controls/CRSL_MetaHuman_Gizmo.uasset" 2173
"../../../Engine/Plugins/MetaHuman/MetaHumanCharacter/Content/Controls/CRSL_MetaHuman_Gizmo.uexp" 2174
"../../../Engine/Plugins/MetaHuman/MetaHumanCharacter/Content/Face/CR_MetaHuman_HeadMovement_IK_Proc.uasset" 2175
"../../../Engine/Plugins/MetaHuman/MetaHumanCharacter/Content/Face/CR_MetaHuman_HeadMovement_IK_Proc.uexp" 2176
"../../../Engine/Plugins/MetaHuman/MetaHumanCharacter/Content/Body/ABP_Body_PostProcess.uasset" 2177
"../../../Engine/Plugins/MetaHuman/MetaHumanCharacter/Content/Body/ABP_Body_PostProcess.uexp" 2178
"../../../Engine/Plugins/MetaHuman/MetaHumanCharacter/Content/Textures/T_Gray_N.uasset" 2179
"../../../Engine/Plugins/MetaHuman/MetaHumanCharacter/Content/Textures/T_Gray_N.uexp" 2180
"../../../Engine/Plugins/MetaHuman/MetaHumanCharacter/Content/Materials/MF_GrayNormal.uasset" 2181
"../../../Engine/Plugins/MetaHuman/MetaHumanCharacter/Content/Materials/MF_GrayNormal.uexp" 2182
"../../../Engine/Content/Functions/Engine_MaterialFunctions02/SmoothStep.uasset" 2183
"../../../Engine/Content/Functions/Engine_MaterialFunctions02/SmoothStep.uexp" 2184
"../../../Engine/Plugins/MetaHuman/MetaHumanCharacter/Content/Textures/T_BodyHideMask.ubulk" 2185
"../../../Engine/Plugins/MetaHuman/MetaHumanCharacter/Content/Textures/T_BodyHideMask.uasset" 2186
"../../../Engine/Plugins/MetaHuman/MetaHumanCharacter/Content/Textures/T_BodyHideMask.uexp" 2187
"../../../Engine/Plugins/MetaHuman/MetaHumanCharacter/Content/Textures/T_Default_BaseColor_White.uasset" 2188
"../../../Engine/Plugins/MetaHuman/MetaHumanCharacter/Content/Textures/T_Default_BaseColor_White.uexp" 2189
"../../../Engine/Plugins/MetaHuman/MetaHumanCharacter/Content/Textures/T_Gray_Body_D.ubulk" 2190
"../../../Engine/Plugins/MetaHuman/MetaHumanCharacter/Content/Textures/T_Gray_Body_D.uasset" 2191
"../../../Engine/Plugins/MetaHuman/MetaHumanCharacter/Content/Textures/T_Gray_Body_D.uexp" 2192
"../../../Engine/Plugins/MetaHuman/MetaHumanCharacter/Content/Textures/T_Gray_Body_R.ubulk" 2193
"../../../Engine/Plugins/MetaHuman/MetaHumanCharacter/Content/Textures/T_Gray_Body_R.uasset" 2194
"../../../Engine/Plugins/MetaHuman/MetaHumanCharacter/Content/Textures/T_Gray_Body_R.uexp" 2195
"../../../Engine/Plugins/MetaHuman/MetaHumanCharacter/Content/Materials/M_GrayTexture_Body.uasset" 2196
"../../../Engine/Plugins/MetaHuman/MetaHumanCharacter/Content/Materials/M_GrayTexture_Body.uexp" 2197
"../../../Engine/Plugins/MetaHuman/MetaHumanCharacter/Content/Body/IdentityTemplate/PHYS_Body.uasset" 2198
"../../../Engine/Plugins/MetaHuman/MetaHumanCharacter/Content/Body/IdentityTemplate/PHYS_Body.uexp" 2199
"../../../Engine/Plugins/MetaHuman/MetaHumanCharacter/Content/Body/IdentityTemplate/SKM_Body.uasset" 2200
"../../../Engine/Plugins/MetaHuman/MetaHumanCharacter/Content/Body/IdentityTemplate/SKM_Body.uexp" 2201
"../../../Engine/Content/EngineMaterials/DefaultNormal.ubulk" 2202
"../../../Engine/Content/EngineMaterials/DefaultNormal.uasset" 2203
"../../../Engine/Content/EngineMaterials/DefaultNormal.uexp" 2204
"../../../Engine/Content/EngineMaterials/DefaultDiffuse_TC_Masks.ubulk" 2205
"../../../Engine/Content/EngineMaterials/DefaultDiffuse_TC_Masks.uasset" 2206
"../../../Engine/Content/EngineMaterials/DefaultDiffuse_TC_Masks.uexp" 2207
"../../../Engine/Content/EngineMaterials/T_Default_Normal.ubulk" 2208
"../../../Engine/Content/EngineMaterials/T_Default_Normal.uasset" 2209
"../../../Engine/Content/EngineMaterials/T_Default_Normal.uexp" 2210
"../../../Engine/Content/MaterialTemplates/LayerBlends/T_DefaultMaskTexture.uasset" 2211
"../../../Engine/Content/MaterialTemplates/LayerBlends/T_DefaultMaskTexture.uexp" 2212
"../../../Engine/Content/MaterialTemplates/Textures/T_Noise01.ubulk" 2213
"../../../Engine/Content/MaterialTemplates/Textures/T_Noise01.uasset" 2214
"../../../Engine/Content/MaterialTemplates/Textures/T_Noise01.uexp" 2215
"D:/UEProjects/MO57/Content/MSPresets/MS_Foliage_Material/MaterialFunctions/Textures/T_WindNoise.ubulk" 2216
"D:/UEProjects/MO57/Content/MSPresets/MS_Foliage_Material/MaterialFunctions/Textures/T_WindNoise.uasset" 2217
"D:/UEProjects/MO57/Content/MSPresets/MS_Foliage_Material/MaterialFunctions/Textures/T_WindNoise.uexp" 2218
"../../../Engine/Content/Functions/Engine_MaterialFunctions02/ExampleContent/PivotPainter2/PP2_rgb_XVect_a_XExtent.uasset" 2219
"../../../Engine/Content/Functions/Engine_MaterialFunctions02/ExampleContent/PivotPainter2/PP2_rgb_XVect_a_XExtent.uexp" 2220
"../../../Engine/Content/Functions/Engine_MaterialFunctions02/ExampleContent/PivotPainter2/SimpExPivPos.uasset" 2221
"../../../Engine/Content/Functions/Engine_MaterialFunctions02/ExampleContent/PivotPainter2/SimpExPivPos.uexp" 2222
"../../../Engine/Content/Functions/Engine_MaterialFunctions02/ExampleContent/PivotPainter2/test2_rgb_PivotPos_a_ParentIndexInt_UV_2.uasset" 2223
"../../../Engine/Content/Functions/Engine_MaterialFunctions02/ExampleContent/PivotPainter2/test2_rgb_PivotPos_a_ParentIndexInt_UV_2.uexp" 2224
"../../../Engine/Content/Functions/Engine_MaterialFunctions02/ExampleContent/Textures/WindTurblenceVectorAndGustMagnitude.uasset" 2225
"../../../Engine/Content/Functions/Engine_MaterialFunctions02/ExampleContent/Textures/WindTurblenceVectorAndGustMagnitude.uexp" 2226
"D:/UEProjects/MO57/Content/BlackAlder/Textures/Decoration/T_BlackAlder_Decoration_Albedo.uexp" 2227
"D:/UEProjects/MO57/Content/BlackAlder/Textures/Decoration/T_BlackAlder_Decoration_Albedo.ubulk" 2228
"D:/UEProjects/MO57/Content/BlackAlder/Textures/Decoration/T_BlackAlder_Decoration_Albedo.uasset" 2229
"D:/UEProjects/MO57/Content/BlackAlder/Textures/Decoration/T_BlackAlder_Decoration_Albedo.uptnl" 2230
"D:/UEProjects/MO57/Content/BlackAlder/Textures/Decoration/T_BlackAlder_Decoration_Mask.ubulk" 2231
"D:/UEProjects/MO57/Content/BlackAlder/Textures/Decoration/T_BlackAlder_Decoration_Mask.uasset" 2232
"D:/UEProjects/MO57/Content/BlackAlder/Textures/Decoration/T_BlackAlder_Decoration_Mask.uexp" 2233
"D:/UEProjects/MO57/Content/BlackAlder/Textures/Decoration/T_BlackAlder_Decoration_Normal.ubulk" 2234
"D:/UEProjects/MO57/Content/BlackAlder/Textures/Decoration/T_BlackAlder_Decoration_Normal.uasset" 2235
"D:/UEProjects/MO57/Content/BlackAlder/Textures/Decoration/T_BlackAlder_Decoration_Normal.uexp" 2236
"../../../Engine/Content/Functions/Engine_MaterialFunctions02/Math/TimeWithSpeedVariable.uasset" 2237
"../../../Engine/Content/Functions/Engine_MaterialFunctions02/Math/TimeWithSpeedVariable.uexp" 2238
"../../../Engine/Content/Functions/Engine_MaterialFunctions02/Lerp_Multiple_Float2.uasset" 2239
"../../../Engine/Content/Functions/Engine_MaterialFunctions02/Lerp_Multiple_Float2.uexp" 2240
"../../../Engine/Content/Functions/Engine_MaterialFunctions02/ms_PivotPainter2_UnpackIntegerAsFloat.uasset" 2241
"../../../Engine/Content/Functions/Engine_MaterialFunctions02/ms_PivotPainter2_UnpackIntegerAsFloat.uexp" 2242
"D:/UEProjects/MO57/Content/MSPresets/MS_Foliage_Material/MaterialParameterCollection/MPC_GlobalFoliageActor.uasset" 2243
"D:/UEProjects/MO57/Content/MSPresets/MS_Foliage_Material/MaterialParameterCollection/MPC_GlobalFoliageActor.uexp" 2244
"../../../Engine/Content/Functions/Engine_MaterialFunctions02/PivotPainter2/ms_PivotPainter2_CalculateMeshElementIndex.uasset" 2245
"../../../Engine/Content/Functions/Engine_MaterialFunctions02/PivotPainter2/ms_PivotPainter2_CalculateMeshElementIndex.uexp" 2246
"../../../Engine/Content/Functions/Engine_MaterialFunctions02/PivotPainter2/2dArrayLookupByIndex.uasset" 2247
"../../../Engine/Content/Functions/Engine_MaterialFunctions02/PivotPainter2/2dArrayLookupByIndex.uexp" 2248
"../../../Engine/Content/Functions/Engine_MaterialFunctions02/PivotPainter2/ms_PivotPainter2_ReturnParentTextureInfo.uasset" 2249
"../../../Engine/Content/Functions/Engine_MaterialFunctions02/PivotPainter2/ms_PivotPainter2_ReturnParentTextureInfo.uexp" 2250
"../../../Engine/Content/Functions/Engine_MaterialFunctions02/FixRotateAboutAxisNormals.uasset" 2251
"../../../Engine/Content/Functions/Engine_MaterialFunctions02/FixRotateAboutAxisNormals.uexp" 2252
"../../../Engine/Content/Functions/Engine_MaterialFunctions02/PivotPainter2/ms_PivotPainter2_Decode8BitAlphaAxisExtent.uasset" 2253
"../../../Engine/Content/Functions/Engine_MaterialFunctions02/PivotPainter2/ms_PivotPainter2_Decode8BitAlphaAxisExtent.uexp" 2254
"../../../Engine/Content/Functions/Engine_MaterialFunctions02/PivotPainter2/ms_PivotPainter2_DecodeAxisVector.uasset" 2255
"../../../Engine/Content/Functions/Engine_MaterialFunctions02/PivotPainter2/ms_PivotPainter2_DecodeAxisVector.uexp" 2256
"../../../Engine/Content/Functions/Engine_MaterialFunctions02/PivotPainter2/ms_PivotPainter2_DecodePostion.uasset" 2257
"../../../Engine/Content/Functions/Engine_MaterialFunctions02/PivotPainter2/ms_PivotPainter2_DecodePostion.uexp" 2258
"D:/UEProjects/MO57/Content/MSPresets/MS_Foliage_Material/MaterialFunctions/Foliage/MF_AdvancedWind_Level.uasset" 2259
"D:/UEProjects/MO57/Content/MSPresets/MS_Foliage_Material/MaterialFunctions/Foliage/MF_AdvancedWind_Level.uexp" 2260
"D:/UEProjects/MO57/Content/MSPresets/MS_Foliage_Material/MaterialFunctions/Foliage/MF_WindGust.uasset" 2261
"D:/UEProjects/MO57/Content/MSPresets/MS_Foliage_Material/MaterialFunctions/Foliage/MF_WindGust.uexp" 2262
"D:/UEProjects/MO57/Content/MSPresets/MS_Foliage_Material/MaterialFunctions/Foliage/MF_AdvancedWind.uasset" 2263
"D:/UEProjects/MO57/Content/MSPresets/MS_Foliage_Material/MaterialFunctions/Foliage/MF_AdvancedWind.uexp" 2264
"D:/UEProjects/MO57/Content/MSPresets/MS_Foliage_Material/MaterialFunctions/Foliage/MF_adjustBaseColor.uasset" 2265
"D:/UEProjects/MO57/Content/MSPresets/MS_Foliage_Material/MaterialFunctions/Foliage/MF_adjustBaseColor.uexp" 2266
"D:/UEProjects/MO57/Content/MSPresets/MS_Foliage_Material/MaterialFunctions/Foliage/MF_adjustNormal.uasset" 2267
"D:/UEProjects/MO57/Content/MSPresets/MS_Foliage_Material/MaterialFunctions/Foliage/MF_adjustNormal.uexp" 2268
"D:/UEProjects/MO57/Content/MSPresets/MS_Foliage_Material/MaterialFunctions/Foliage/MF_BarkDetailer.uasset" 2269
"D:/UEProjects/MO57/Content/MSPresets/MS_Foliage_Material/MaterialFunctions/Foliage/MF_BarkDetailer.uexp" 2270
"D:/UEProjects/MO57/Content/MSPresets/MS_Foliage_Material/MaterialFunctions/Foliage/MF_BranchBlending.uasset" 2271
"D:/UEProjects/MO57/Content/MSPresets/MS_Foliage_Material/MaterialFunctions/Foliage/MF_BranchBlending.uexp" 2272
"D:/UEProjects/MO57/Content/MSPresets/MS_Foliage_Material/MaterialFunctions/Foliage/MF_generateSpecular.uasset" 2273
"D:/UEProjects/MO57/Content/MSPresets/MS_Foliage_Material/MaterialFunctions/Foliage/MF_generateSpecular.uexp" 2274
"D:/UEProjects/MO57/Content/MSPresets/MS_Foliage_Material/MaterialFunctions/Foliage/MF_Roughness.uasset" 2275
"D:/UEProjects/MO57/Content/MSPresets/MS_Foliage_Material/MaterialFunctions/Foliage/MF_Roughness.uexp" 2276
"D:/UEProjects/MO57/Content/MSPresets/MS_Foliage_Material/MaterialFunctions/Foliage/MF_DefaultLit_Trunk.uasset" 2277
"D:/UEProjects/MO57/Content/MSPresets/MS_Foliage_Material/MaterialFunctions/Foliage/MF_DefaultLit_Trunk.uexp" 2278
"D:/UEProjects/MO57/Content/MSPresets/MS_Foliage_Material/MaterialFunctions/Foliage/MF_SimpleWind.uasset" 2279
"D:/UEProjects/MO57/Content/MSPresets/MS_Foliage_Material/MaterialFunctions/Foliage/MF_SimpleWind.uexp" 2280
"D:/UEProjects/MO57/Content/MSPresets/MS_Foliage_Material/MaterialFunctions/Foliage/MF_DecorationBlending.uasset" 2281
"D:/UEProjects/MO57/Content/MSPresets/MS_Foliage_Material/MaterialFunctions/Foliage/MF_DecorationBlending.uexp" 2282
"D:/UEProjects/MO57/Content/MSPresets/MS_Foliage_Material/MaterialFunctions/Foliage/MF_TwoSided_Decoration.uasset" 2283
"D:/UEProjects/MO57/Content/MSPresets/MS_Foliage_Material/MaterialFunctions/Foliage/MF_TwoSided_Decoration.uexp" 2284
"D:/UEProjects/MO57/Content/MSPresets/MS_Foliage_Material/MaterialFunctions/Foliage/MF_GenerateBranchMask.uasset" 2285
"D:/UEProjects/MO57/Content/MSPresets/MS_Foliage_Material/MaterialFunctions/Foliage/MF_GenerateBranchMask.uexp" 2286
"D:/UEProjects/MO57/Content/MSPresets/MS_Foliage_Material/MaterialFunctions/Foliage/MF_adjustTwoSidedBaseColor.uasset" 2287
"D:/UEProjects/MO57/Content/MSPresets/MS_Foliage_Material/MaterialFunctions/Foliage/MF_adjustTwoSidedBaseColor.uexp" 2288
"D:/UEProjects/MO57/Content/MSPresets/MS_Foliage_Material/MaterialFunctions/Foliage/MF_adjustTwoSidedNormal.uasset" 2289
"D:/UEProjects/MO57/Content/MSPresets/MS_Foliage_Material/MaterialFunctions/Foliage/MF_adjustTwoSidedNormal.uexp" 2290
"D:/UEProjects/MO57/Content/MSPresets/MS_Foliage_Material/MaterialFunctions/Foliage/MF_DistanceBasedOpacity.uasset" 2291
"D:/UEProjects/MO57/Content/MSPresets/MS_Foliage_Material/MaterialFunctions/Foliage/MF_DistanceBasedOpacity.uexp" 2292
"D:/UEProjects/MO57/Content/MSPresets/MS_Foliage_Material/MaterialFunctions/Foliage/MF_generateTranslucency.uasset" 2293
"D:/UEProjects/MO57/Content/MSPresets/MS_Foliage_Material/MaterialFunctions/Foliage/MF_generateTranslucency.uexp" 2294
"D:/UEProjects/MO57/Content/MSPresets/MS_Foliage_Material/MaterialFunctions/Foliage/MF_generateTwoSidedSpecular.uasset" 2295
"D:/UEProjects/MO57/Content/MSPresets/MS_Foliage_Material/MaterialFunctions/Foliage/MF_generateTwoSidedSpecular.uexp" 2296
"D:/UEProjects/MO57/Content/MSPresets/MS_Foliage_Material/MaterialFunctions/Foliage/MF_HealthSeason.uasset" 2297
"D:/UEProjects/MO57/Content/MSPresets/MS_Foliage_Material/MaterialFunctions/Foliage/MF_HealthSeason.uexp" 2298
"D:/UEProjects/MO57/Content/MSPresets/MS_Foliage_Material/MaterialFunctions/Foliage/MF_LightInfluenceColorVariation.uasset" 2299
"D:/UEProjects/MO57/Content/MSPresets/MS_Foliage_Material/MaterialFunctions/Foliage/MF_LightInfluenceColorVariation.uexp" 2300
"D:/UEProjects/MO57/Content/MSPresets/MS_Foliage_Material/MaterialFunctions/Foliage/MF_TwoSidedRoughness.uasset" 2301
"D:/UEProjects/MO57/Content/MSPresets/MS_Foliage_Material/MaterialFunctions/Foliage/MF_TwoSidedRoughness.uexp" 2302
"D:/UEProjects/MO57/Content/MSPresets/MS_Foliage_Material/MaterialFunctions/Foliage/MF_WorldspaceColorVariation.uasset" 2303
"D:/UEProjects/MO57/Content/MSPresets/MS_Foliage_Material/MaterialFunctions/Foliage/MF_WorldspaceColorVariation.uexp" 2304
"D:/UEProjects/MO57/Content/MSPresets/MS_Foliage_Material/MaterialFunctions/Foliage/MF_TwoSided_Leaves.uasset" 2305
"D:/UEProjects/MO57/Content/MSPresets/MS_Foliage_Material/MaterialFunctions/Foliage/MF_TwoSided_Leaves.uexp" 2306
"D:/UEProjects/MO57/Content/MSPresets/MS_Foliage_Material/MasterMaterials/MA_Foliage.uasset" 2307
"D:/UEProjects/MO57/Content/MSPresets/MS_Foliage_Material/MasterMaterials/MA_Foliage.uexp" 2308
"D:/UEProjects/MO57/Content/BlackAlder/Textures/PivotPainter/Forest/T_BlackAlder_Forest_07_PivotPos.uasset" 2309
"D:/UEProjects/MO57/Content/BlackAlder/Textures/PivotPainter/Forest/T_BlackAlder_Forest_07_PivotPos.uexp" 2310
"D:/UEProjects/MO57/Content/BlackAlder/Textures/PivotPainter/Forest/T_BlackAlder_Forest_07_XVector.uasset" 2311
"D:/UEProjects/MO57/Content/BlackAlder/Textures/PivotPainter/Forest/T_BlackAlder_Forest_07_XVector.uexp" 2312
"D:/UEProjects/MO57/Content/BlackAlder/Materials/PivotPainter/Forest/Forest_07/MAI_BlackAlder_Forest_07.uasset" 2313
"D:/UEProjects/MO57/Content/BlackAlder/Materials/PivotPainter/Forest/Forest_07/MAI_BlackAlder_Forest_07.uexp" 2314
"D:/UEProjects/MO57/Content/BlackAlder/Materials/PivotPainter/Forest/Forest_07/MI_BlackAlder_Forest_07_Decoration.uasset" 2315
"D:/UEProjects/MO57/Content/BlackAlder/Materials/PivotPainter/Forest/Forest_07/MI_BlackAlder_Forest_07_Decoration.uexp" 2316
"D:/UEProjects/MO57/Content/BlackAlder/Textures/Tileable/T_BlackAlder_Tileable_Albedo.uexp" 2317
"D:/UEProjects/MO57/Content/BlackAlder/Textures/Tileable/T_BlackAlder_Tileable_Albedo.ubulk" 2318
"D:/UEProjects/MO57/Content/BlackAlder/Textures/Tileable/T_BlackAlder_Tileable_Albedo.uasset" 2319
"D:/UEProjects/MO57/Content/BlackAlder/Textures/Tileable/T_BlackAlder_Tileable_Albedo.uptnl" 2320
"D:/UEProjects/MO57/Content/BlackAlder/Textures/Tileable/T_BlackAlder_Tileable_Mask.ubulk" 2321
"D:/UEProjects/MO57/Content/BlackAlder/Textures/Tileable/T_BlackAlder_Tileable_Mask.uasset" 2322
"D:/UEProjects/MO57/Content/BlackAlder/Textures/Tileable/T_BlackAlder_Tileable_Mask.uexp" 2323
"D:/UEProjects/MO57/Content/BlackAlder/Textures/Tileable/T_BlackAlder_Tileable_Normal.uexp" 2324
"D:/UEProjects/MO57/Content/BlackAlder/Textures/Tileable/T_BlackAlder_Tileable_Normal.ubulk" 2325
"D:/UEProjects/MO57/Content/BlackAlder/Textures/Tileable/T_BlackAlder_Tileable_Normal.uasset" 2326
"D:/UEProjects/MO57/Content/BlackAlder/Textures/Tileable/T_BlackAlder_Tileable_Normal.uptnl" 2327
"D:/UEProjects/MO57/Content/BlackAlder/Materials/PivotPainter/Forest/Forest_07/MI_BlackAlder_Forest_07_Tileable.uasset" 2328
"D:/UEProjects/MO57/Content/BlackAlder/Materials/PivotPainter/Forest/Forest_07/MI_BlackAlder_Forest_07_Tileable.uexp" 2329
"D:/UEProjects/MO57/Content/BlackAlder/Textures/TwoSided/Summer/T_BlackAlder_TwoSided_Summer_Albedo.uexp" 2330
"D:/UEProjects/MO57/Content/BlackAlder/Textures/TwoSided/Summer/T_BlackAlder_TwoSided_Summer_Albedo.ubulk" 2331
"D:/UEProjects/MO57/Content/BlackAlder/Textures/TwoSided/Summer/T_BlackAlder_TwoSided_Summer_Albedo.uasset" 2332
"D:/UEProjects/MO57/Content/BlackAlder/Textures/TwoSided/Summer/T_BlackAlder_TwoSided_Summer_Albedo.uptnl" 2333
"D:/UEProjects/MO57/Content/BlackAlder/Textures/TwoSided/Summer/T_BlackAlder_TwoSided_Summer_Mask.ubulk" 2334
"D:/UEProjects/MO57/Content/BlackAlder/Textures/TwoSided/Summer/T_BlackAlder_TwoSided_Summer_Mask.uasset" 2335
"D:/UEProjects/MO57/Content/BlackAlder/Textures/TwoSided/Summer/T_BlackAlder_TwoSided_Summer_Mask.uexp" 2336
"D:/UEProjects/MO57/Content/BlackAlder/Textures/TwoSided/Summer/T_BlackAlder_TwoSided_Summer_Normal.ubulk" 2337
"D:/UEProjects/MO57/Content/BlackAlder/Textures/TwoSided/Summer/T_BlackAlder_TwoSided_Summer_Normal.uasset" 2338
"D:/UEProjects/MO57/Content/BlackAlder/Textures/TwoSided/Summer/T_BlackAlder_TwoSided_Summer_Normal.uexp" 2339
"D:/UEProjects/MO57/Content/BlackAlder/Textures/TwoSided/Winter/T_BlackAlder_TwoSided_Winter_Albedo.uexp" 2340
"D:/UEProjects/MO57/Content/BlackAlder/Textures/TwoSided/Winter/T_BlackAlder_TwoSided_Winter_Albedo.ubulk" 2341
"D:/UEProjects/MO57/Content/BlackAlder/Textures/TwoSided/Winter/T_BlackAlder_TwoSided_Winter_Albedo.uasset" 2342
"D:/UEProjects/MO57/Content/BlackAlder/Textures/TwoSided/Winter/T_BlackAlder_TwoSided_Winter_Albedo.uptnl" 2343
"D:/UEProjects/MO57/Content/BlackAlder/Textures/TwoSided/Winter/T_BlackAlder_TwoSided_Winter_Mask.ubulk" 2344
"D:/UEProjects/MO57/Content/BlackAlder/Textures/TwoSided/Winter/T_BlackAlder_TwoSided_Winter_Mask.uasset" 2345
"D:/UEProjects/MO57/Content/BlackAlder/Textures/TwoSided/Winter/T_BlackAlder_TwoSided_Winter_Mask.uexp" 2346
"D:/UEProjects/MO57/Content/BlackAlder/Textures/TwoSided/Winter/T_BlackAlder_TwoSided_Winter_Normal.ubulk" 2347
"D:/UEProjects/MO57/Content/BlackAlder/Textures/TwoSided/Winter/T_BlackAlder_TwoSided_Winter_Normal.uasset" 2348
"D:/UEProjects/MO57/Content/BlackAlder/Textures/TwoSided/Winter/T_BlackAlder_TwoSided_Winter_Normal.uexp" 2349
"D:/UEProjects/MO57/Content/BlackAlder/Materials/PivotPainter/Forest/Forest_07/MI_BlackAlder_Forest_07_TwoSided.uasset" 2350
"D:/UEProjects/MO57/Content/BlackAlder/Materials/PivotPainter/Forest/Forest_07/MI_BlackAlder_Forest_07_TwoSided.uexp" 2351
"D:/UEProjects/MO57/Content/BlackAlder/Geometry/PivotPainter/SM_BlackAlder_Forest_07_PP.ubulk" 2352
"D:/UEProjects/MO57/Content/BlackAlder/Geometry/PivotPainter/SM_BlackAlder_Forest_07_PP.uasset" 2353
"D:/UEProjects/MO57/Content/BlackAlder/Geometry/PivotPainter/SM_BlackAlder_Forest_07_PP.uexp" 2354
"D:/UEProjects/MO57/Content/BlackAlder/Textures/PivotPainter/Forest/T_BlackAlder_Forest_08_PivotPos.uasset" 2355
"D:/UEProjects/MO57/Content/BlackAlder/Textures/PivotPainter/Forest/T_BlackAlder_Forest_08_PivotPos.uexp" 2356
"D:/UEProjects/MO57/Content/BlackAlder/Textures/PivotPainter/Forest/T_BlackAlder_Forest_08_XVector.uasset" 2357
"D:/UEProjects/MO57/Content/BlackAlder/Textures/PivotPainter/Forest/T_BlackAlder_Forest_08_XVector.uexp" 2358
"D:/UEProjects/MO57/Content/BlackAlder/Materials/PivotPainter/Forest/Forest_08/MAI_BlackAlder_Forest_08.uasset" 2359
"D:/UEProjects/MO57/Content/BlackAlder/Materials/PivotPainter/Forest/Forest_08/MAI_BlackAlder_Forest_08.uexp" 2360
"D:/UEProjects/MO57/Content/BlackAlder/Materials/PivotPainter/Forest/Forest_08/MI_BlackAlder_Forest_08_Decoration.uasset" 2361
"D:/UEProjects/MO57/Content/BlackAlder/Materials/PivotPainter/Forest/Forest_08/MI_BlackAlder_Forest_08_Decoration.uexp" 2362
"D:/UEProjects/MO57/Content/BlackAlder/Materials/PivotPainter/Forest/Forest_08/MI_BlackAlder_Forest_08_Tileable.uasset" 2363
"D:/UEProjects/MO57/Content/BlackAlder/Materials/PivotPainter/Forest/Forest_08/MI_BlackAlder_Forest_08_Tileable.uexp" 2364
"D:/UEProjects/MO57/Content/BlackAlder/Materials/PivotPainter/Forest/Forest_08/MI_BlackAlder_Forest_08_TwoSided.uasset" 2365
"D:/UEProjects/MO57/Content/BlackAlder/Materials/PivotPainter/Forest/Forest_08/MI_BlackAlder_Forest_08_TwoSided.uexp" 2366
"D:/UEProjects/MO57/Content/BlackAlder/Geometry/PivotPainter/SM_BlackAlder_Forest_08_PP.ubulk" 2367
"D:/UEProjects/MO57/Content/BlackAlder/Geometry/PivotPainter/SM_BlackAlder_Forest_08_PP.uasset" 2368
"D:/UEProjects/MO57/Content/BlackAlder/Geometry/PivotPainter/SM_BlackAlder_Forest_08_PP.uexp" 2369
"../../../Engine/Plugins/Interchange/Assets/Content/gltf/MaterialFunctions/MF_Clearcoat.uasset" 2370
"../../../Engine/Plugins/Interchange/Assets/Content/gltf/MaterialFunctions/MF_Clearcoat.uexp" 2371
"../../../Engine/Plugins/Interchange/Assets/Content/gltf/MaterialBodies/MF_ClearCoat_Body.uasset" 2372
"../../../Engine/Plugins/Interchange/Assets/Content/gltf/MaterialBodies/MF_ClearCoat_Body.uexp" 2373
"../../../Engine/Plugins/Interchange/Assets/Content/gltf/M_ClearCoat.uasset" 2374
"../../../Engine/Plugins/Interchange/Assets/Content/gltf/M_ClearCoat.uexp" 2375
"../../../Engine/Plugins/Interchange/Assets/Content/gltf/MaterialInstances/MI_ClearCoat_Blend.uasset" 2376
"../../../Engine/Plugins/Interchange/Assets/Content/gltf/MaterialInstances/MI_ClearCoat_Blend.uexp" 2377
"D:/UEProjects/MO57/Content/BlackAlder/Textures/PivotPainter/Forest/T_BlackAlder_Forest_09_PivotPos.uasset" 2378
"D:/UEProjects/MO57/Content/BlackAlder/Textures/PivotPainter/Forest/T_BlackAlder_Forest_09_PivotPos.uexp" 2379
"D:/UEProjects/MO57/Content/BlackAlder/Textures/PivotPainter/Forest/T_BlackAlder_Forest_09_XVector.uasset" 2380
"D:/UEProjects/MO57/Content/BlackAlder/Textures/PivotPainter/Forest/T_BlackAlder_Forest_09_XVector.uexp" 2381
"D:/UEProjects/MO57/Content/BlackAlder/Materials/PivotPainter/Forest/Forest_09/MAI_BlackAlder_Forest_09.uasset" 2382
"D:/UEProjects/MO57/Content/BlackAlder/Materials/PivotPainter/Forest/Forest_09/MAI_BlackAlder_Forest_09.uexp" 2383
"D:/UEProjects/MO57/Content/BlackAlder/Materials/PivotPainter/Forest/Forest_09/MI_BlackAlder_Forest_09_Tileable.uasset" 2384
"D:/UEProjects/MO57/Content/BlackAlder/Materials/PivotPainter/Forest/Forest_09/MI_BlackAlder_Forest_09_Tileable.uexp" 2385
"D:/UEProjects/MO57/Content/BlackAlder/Materials/PivotPainter/Forest/Forest_09/MI_BlackAlder_Forest_09_TwoSided.uasset" 2386
"D:/UEProjects/MO57/Content/BlackAlder/Materials/PivotPainter/Forest/Forest_09/MI_BlackAlder_Forest_09_TwoSided.uexp" 2387
"D:/UEProjects/MO57/Content/BlackAlder/Geometry/PivotPainter/SM_BlackAlder_Forest_09_PP.ubulk" 2388
"D:/UEProjects/MO57/Content/BlackAlder/Geometry/PivotPainter/SM_BlackAlder_Forest_09_PP.uasset" 2389
"D:/UEProjects/MO57/Content/BlackAlder/Geometry/PivotPainter/SM_BlackAlder_Forest_09_PP.uexp" 2390
"../../../Engine/Plugins/Interchange/Assets/Content/gltf/MaterialInstances/MI_ClearCoat_Blend_DS.uasset" 2391
"../../../Engine/Plugins/Interchange/Assets/Content/gltf/MaterialInstances/MI_ClearCoat_Blend_DS.uexp" 2392
"../../../Engine/Plugins/Interchange/Assets/Content/gltf/MaterialInstances/MI_ClearCoat_Mask.uasset" 2393
"../../../Engine/Plugins/Interchange/Assets/Content/gltf/MaterialInstances/MI_ClearCoat_Mask.uexp" 2394
"../../../Engine/Plugins/Interchange/Assets/Content/gltf/MaterialInstances/MI_ClearCoat_Mask_DS.uasset" 2395
"../../../Engine/Plugins/Interchange/Assets/Content/gltf/MaterialInstances/MI_ClearCoat_Mask_DS.uexp" 2396
"../../../Engine/Plugins/Interchange/Assets/Content/gltf/MaterialInstances/MI_ClearCoat_Opaque.uasset" 2397
"../../../Engine/Plugins/Interchange/Assets/Content/gltf/MaterialInstances/MI_ClearCoat_Opaque.uexp" 2398
"../../../Engine/Plugins/Interchange/Assets/Content/gltf/MaterialInstances/MI_ClearCoat_Opaque_DS.uasset" 2399
"../../../Engine/Plugins/Interchange/Assets/Content/gltf/MaterialInstances/MI_ClearCoat_Opaque_DS.uexp" 2400
"../../../Engine/Plugins/Experimental/Landmass/Content/Landscape/Meshes/S_SpritePlane.ubulk" 2401
"../../../Engine/Plugins/Experimental/Landmass/Content/Landscape/Meshes/S_SpritePlane.uasset" 2402
"../../../Engine/Plugins/Experimental/Landmass/Content/Landscape/Meshes/S_SpritePlane.uexp" 2403
"../../../Engine/Plugins/Interchange/Assets/Content/gltf/MaterialBodies/MF_Default_Body.uasset" 2404
"../../../Engine/Plugins/Interchange/Assets/Content/gltf/MaterialBodies/MF_Default_Body.uexp" 2405
"../../../Engine/Plugins/Interchange/Assets/Content/gltf/M_Default.uasset" 2406
"../../../Engine/Plugins/Interchange/Assets/Content/gltf/M_Default.uexp" 2407
"../../../Engine/Plugins/Interchange/Assets/Content/gltf/MaterialInstances/MI_Default_Blend.uasset" 2408
"../../../Engine/Plugins/Interchange/Assets/Content/gltf/MaterialInstances/MI_Default_Blend.uexp" 2409
"../../../Engine/Plugins/Interchange/Assets/Content/gltf/MaterialInstances/MI_Default_Blend_DS.uasset" 2410
"../../../Engine/Plugins/Interchange/Assets/Content/gltf/MaterialInstances/MI_Default_Blend_DS.uexp" 2411
"../../../Engine/Plugins/Interchange/Assets/Content/gltf/MaterialInstances/MI_Default_Mask.uasset" 2412
"../../../Engine/Plugins/Interchange/Assets/Content/gltf/MaterialInstances/MI_Default_Mask.uexp" 2413
"../../../Engine/Plugins/Interchange/Assets/Content/gltf/MaterialInstances/MI_Default_Mask_DS.uasset" 2414
"../../../Engine/Plugins/Interchange/Assets/Content/gltf/MaterialInstances/MI_Default_Mask_DS.uexp" 2415
"../../../Engine/Plugins/Interchange/Assets/Content/gltf/MaterialInstances/MI_Default_Opaque.uasset" 2416
"../../../Engine/Plugins/Interchange/Assets/Content/gltf/MaterialInstances/MI_Default_Opaque.uexp" 2417
"../../../Engine/Plugins/Interchange/Assets/Content/gltf/MaterialFunctions/MF_Sheen.uasset" 2418
"../../../Engine/Plugins/Interchange/Assets/Content/gltf/MaterialFunctions/MF_Sheen.uexp" 2419
"../../../Engine/Plugins/Interchange/Assets/Content/gltf/MaterialBodies/MF_Sheen_Body.uasset" 2420
"../../../Engine/Plugins/Interchange/Assets/Content/gltf/MaterialBodies/MF_Sheen_Body.uexp" 2421
"../../../Engine/Plugins/Interchange/Assets/Content/gltf/M_Sheen.uasset" 2422
"../../../Engine/Plugins/Interchange/Assets/Content/gltf/M_Sheen.uexp" 2423
"../../../Engine/Plugins/Interchange/Assets/Content/gltf/MaterialInstances/MI_Sheen_Blend.uasset" 2424
"../../../Engine/Plugins/Interchange/Assets/Content/gltf/MaterialInstances/MI_Sheen_Blend.uexp" 2425
"../../../Engine/Plugins/Interchange/Assets/Content/gltf/MaterialInstances/MI_Sheen_Blend_DS.uasset" 2426
"../../../Engine/Plugins/Interchange/Assets/Content/gltf/MaterialInstances/MI_Sheen_Blend_DS.uexp" 2427
"../../../Engine/Plugins/Interchange/Assets/Content/gltf/MaterialInstances/MI_Sheen_Mask.uasset" 2428
"../../../Engine/Plugins/Interchange/Assets/Content/gltf/MaterialInstances/MI_Sheen_Mask.uexp" 2429
"../../../Engine/Plugins/Interchange/Assets/Content/gltf/MaterialInstances/MI_Sheen_Mask_DS.uasset" 2430
"../../../Engine/Plugins/Interchange/Assets/Content/gltf/MaterialInstances/MI_Sheen_Mask_DS.uexp" 2431
"../../../Engine/Plugins/Interchange/Assets/Content/gltf/MaterialInstances/MI_Sheen_Opaque.uasset" 2432
"../../../Engine/Plugins/Interchange/Assets/Content/gltf/MaterialInstances/MI_Sheen_Opaque.uexp" 2433
"../../../Engine/Plugins/Interchange/Assets/Content/gltf/MaterialInstances/MI_Sheen_Opaque_DS.uasset" 2434
"../../../Engine/Plugins/Interchange/Assets/Content/gltf/MaterialInstances/MI_Sheen_Opaque_DS.uexp" 2435
"../../../Engine/Plugins/Interchange/Assets/Content/gltf/MaterialInstances/MI_SpecularGlossiness_Blend.uasset" 2436
"../../../Engine/Plugins/Interchange/Assets/Content/gltf/MaterialInstances/MI_SpecularGlossiness_Blend.uexp" 2437
"../../../Engine/Plugins/Interchange/Assets/Content/gltf/MaterialInstances/MI_SpecularGlossiness_Blend_DS.uasset" 2438
"../../../Engine/Plugins/Interchange/Assets/Content/gltf/MaterialInstances/MI_SpecularGlossiness_Blend_DS.uexp" 2439
"../../../Engine/Plugins/Interchange/Assets/Content/gltf/MaterialInstances/MI_SpecularGlossiness_Mask.uasset" 2440
"../../../Engine/Plugins/Interchange/Assets/Content/gltf/MaterialInstances/MI_SpecularGlossiness_Mask.uexp" 2441
"../../../Engine/Plugins/Interchange/Assets/Content/gltf/MaterialInstances/MI_SpecularGlossiness_Mask_DS.uasset" 2442
"../../../Engine/Plugins/Interchange/Assets/Content/gltf/MaterialInstances/MI_SpecularGlossiness_Mask_DS.uexp" 2443
"D:/UEProjects/MO57/Content/MetaHumans/Common/Female/Medium/NormalWeight/Body/metahuman_base_skel.uasset" 2444
"D:/UEProjects/MO57/Content/MetaHumans/Common/Female/Medium/NormalWeight/Body/metahuman_base_skel.uexp" 2445
"../../../Engine/Plugins/Animation/ControlRig/Content/Controls/DefaultGizmoLibraryNormalized.uasset" 2446
"../../../Engine/Plugins/Animation/ControlRig/Content/Controls/DefaultGizmoLibraryNormalized.uexp" 2447
"D:/UEProjects/MO57/Content/MetaHumans/Common/Animation/CR_PlaceHolder.uasset" 2448
"D:/UEProjects/MO57/Content/MetaHumans/Common/Animation/CR_PlaceHolder.uexp" 2449
"D:/UEProjects/MO57/Content/MetaHumans/Common/Animation/ABP_Clothing_PostProcess.uasset" 2450
"D:/UEProjects/MO57/Content/MetaHumans/Common/Animation/ABP_Clothing_PostProcess.uexp" 2451
"D:/UEProjects/MO57/Content/UltraDynamicSky/Materials/Material_Functions/Heat_Distortion_Sample.uasset" 2452
"D:/UEProjects/MO57/Content/UltraDynamicSky/Materials/Material_Functions/Heat_Distortion_Sample.uexp" 2453
"D:/UEProjects/MO57/Content/UltraDynamicSky/Materials/Weather/Heat_Distortion.uasset" 2454
"D:/UEProjects/MO57/Content/UltraDynamicSky/Materials/Weather/Heat_Distortion.uexp" 2455
"../../../Engine/Content/Animation/DefaultAnimBoneCompressionSettings.uasset" 2456
"../../../Engine/Content/Animation/DefaultAnimBoneCompressionSettings.uexp" 2457
"D:/UEProjects/MO57/Plugins/MOFramework/Content/Characters/MetaHumans/Animations/MF_Rifle_Jog_Left.uasset" 2458
"D:/UEProjects/MO57/Plugins/MOFramework/Content/Characters/MetaHumans/Animations/MF_Rifle_Jog_Left.uexp" 2459
"D:/UEProjects/MO57/Plugins/MOFramework/Content/Characters/MetaHumans/Animations/MF_Rifle_Jog_Right.uasset" 2460
"D:/UEProjects/MO57/Plugins/MOFramework/Content/Characters/MetaHumans/Animations/MF_Rifle_Jog_Right.uexp" 2461
"D:/UEProjects/MO57/Plugins/MOFramework/Content/Characters/MetaHumans/Animations/MF_Rifle_Walk_Bwd.uasset" 2462
"D:/UEProjects/MO57/Plugins/MOFramework/Content/Characters/MetaHumans/Animations/MF_Rifle_Walk_Bwd.uexp" 2463
"D:/UEProjects/MO57/Plugins/MOFramework/Content/Characters/MetaHumans/Animations/MF_Rifle_Walk_Bwd_Left.uasset" 2464
"D:/UEProjects/MO57/Plugins/MOFramework/Content/Characters/MetaHumans/Animations/MF_Rifle_Walk_Bwd_Left.uexp" 2465
"D:/UEProjects/MO57/Content/UltraDynamicSky/Textures/Sky/Caustic_Pattern.uasset" 2466
"D:/UEProjects/MO57/Content/UltraDynamicSky/Textures/Sky/Caustic_Pattern.uexp" 2467
"D:/UEProjects/MO57/Content/UltraDynamicSky/Materials/Material_Functions/Caustic_Refraction_Light.uasset" 2468
"D:/UEProjects/MO57/Content/UltraDynamicSky/Materials/Material_Functions/Caustic_Refraction_Light.uexp" 2469
"D:/UEProjects/MO57/Content/UltraDynamicSky/Materials/Material_Functions/Sample_Weather_Mask_Brushes.uasset" 2470
"D:/UEProjects/MO57/Content/UltraDynamicSky/Materials/Material_Functions/Sample_Weather_Mask_Brushes.uexp" 2471
"D:/UEProjects/MO57/Content/UltraDynamicSky/Materials/Global_Volumetric_Fog.uasset" 2472
"D:/UEProjects/MO57/Content/UltraDynamicSky/Materials/Global_Volumetric_Fog.uexp" 2473
"D:/UEProjects/MO57/Content/UltraDynamicSky/Materials/Material_Instances/Global_Volumetric_Fog_C.uasset" 2474
"D:/UEProjects/MO57/Content/UltraDynamicSky/Materials/Material_Instances/Global_Volumetric_Fog_C.uexp" 2475
"D:/UEProjects/MO57/Content/UltraDynamicSky/Materials/Material_Instances/Global_Volumetric_Fog_GFC.uasset" 2476
"D:/UEProjects/MO57/Content/UltraDynamicSky/Materials/Material_Instances/Global_Volumetric_Fog_GFC.uexp" 2477
"D:/UEProjects/MO57/Content/UltraDynamicSky/Materials/Material_Instances/Global_Volumetric_Fog_w_Ground_Fog.uasset" 2478
"D:/UEProjects/MO57/Content/UltraDynamicSky/Materials/Material_Instances/Global_Volumetric_Fog_w_Ground_Fog.uexp" 2479
"D:/UEProjects/MO57/Plugins/MOFramework/Content/Characters/MetaHumans/Animations/MF_Rifle_Walk_Bwd_Right.uasset" 2480
"D:/UEProjects/MO57/Plugins/MOFramework/Content/Characters/MetaHumans/Animations/MF_Rifle_Walk_Bwd_Right.uexp" 2481
"D:/UEProjects/MO57/Content/UltraDynamicSky/Materials/Material_Functions/Filter_Clouds.uasset" 2482
"D:/UEProjects/MO57/Content/UltraDynamicSky/Materials/Material_Functions/Filter_Clouds.uexp" 2483
"D:/UEProjects/MO57/Content/UltraDynamicSky/Materials/Material_Functions/Aurora.uasset" 2484
"D:/UEProjects/MO57/Content/UltraDynamicSky/Materials/Material_Functions/Aurora.uexp" 2485
"D:/UEProjects/MO57/Content/UltraDynamicSky/Materials/Material_Functions/SC_DirectionalScattering.uasset" 2486
"D:/UEProjects/MO57/Content/UltraDynamicSky/Materials/Material_Functions/SC_DirectionalScattering.uexp" 2487
"D:/UEProjects/MO57/Content/UltraDynamicSky/Materials/Material_Functions/Base_Sky_Color.uasset" 2488
"D:/UEProjects/MO57/Content/UltraDynamicSky/Materials/Material_Functions/Base_Sky_Color.uexp" 2489
"D:/UEProjects/MO57/Content/UltraDynamicSky/Materials/Material_Functions/Moon_Centered_Gradient.uasset" 2490
"D:/UEProjects/MO57/Content/UltraDynamicSky/Materials/Material_Functions/Moon_Centered_Gradient.uexp" 2491
"D:/UEProjects/MO57/Content/UltraDynamicSky/Materials/Material_Functions/Sun_Centered_Gradient.uasset" 2492
"D:/UEProjects/MO57/Content/UltraDynamicSky/Materials/Material_Functions/Sun_Centered_Gradient.uexp" 2493
"D:/UEProjects/MO57/Content/UltraDynamicSky/Materials/Material_Functions/Cloud_Distribution.uasset" 2494
"D:/UEProjects/MO57/Content/UltraDynamicSky/Materials/Material_Functions/Cloud_Distribution.uexp" 2495
"D:/UEProjects/MO57/Content/UltraDynamicSky/Materials/Material_Functions/Light_and_Dark_Cloud_Colors.uasset" 2496
"D:/UEProjects/MO57/Content/UltraDynamicSky/Materials/Material_Functions/Light_and_Dark_Cloud_Colors.uexp" 2497
"D:/UEProjects/MO57/Content/UltraDynamicSky/Materials/Material_Functions/Map_Cloud_Textures.uasset" 2498
"D:/UEProjects/MO57/Content/UltraDynamicSky/Materials/Material_Functions/Map_Cloud_Textures.uexp" 2499
"D:/UEProjects/MO57/Content/UltraDynamicSky/Materials/Material_Functions/Scale_Radial_Gradient_Around_White.uasset" 2500
"D:/UEProjects/MO57/Content/UltraDynamicSky/Materials/Material_Functions/Scale_Radial_Gradient_Around_White.uexp" 2501
"D:/UEProjects/MO57/Content/UltraDynamicSky/Materials/Material_Functions/Shading_Gradients.uasset" 2502
"D:/UEProjects/MO57/Content/UltraDynamicSky/Materials/Material_Functions/Shading_Gradients.uexp" 2503
"D:/UEProjects/MO57/Content/UltraDynamicSky/Materials/Material_Functions/Sun_Shine_Edges.uasset" 2504
"D:/UEProjects/MO57/Content/UltraDynamicSky/Materials/Material_Functions/Sun_Shine_Edges.uexp" 2505
"D:/UEProjects/MO57/Content/UltraDynamicSky/Materials/Material_Functions/Cloud_Layer.uasset" 2506
"D:/UEProjects/MO57/Content/UltraDynamicSky/Materials/Material_Functions/Cloud_Layer.uexp" 2507
"D:/UEProjects/MO57/Content/UltraDynamicSky/Materials/Material_Functions/Cloud_UVs.uasset" 2508
"D:/UEProjects/MO57/Content/UltraDynamicSky/Materials/Material_Functions/Cloud_UVs.uexp" 2509
"D:/UEProjects/MO57/Content/UltraDynamicSky/Materials/Material_Functions/Cloud_Wisps.uasset" 2510
"D:/UEProjects/MO57/Content/UltraDynamicSky/Materials/Material_Functions/Cloud_Wisps.uexp" 2511
"D:/UEProjects/MO57/Content/UltraDynamicSky/Materials/Material_Functions/Composite_Cloud_Layers.uasset" 2512
"D:/UEProjects/MO57/Content/UltraDynamicSky/Materials/Material_Functions/Composite_Cloud_Layers.uexp" 2513
"D:/UEProjects/MO57/Content/UltraDynamicSky/Materials/Material_Functions/Composite_Static_Clouds.uasset" 2514
"D:/UEProjects/MO57/Content/UltraDynamicSky/Materials/Material_Functions/Composite_Static_Clouds.uexp" 2515
"D:/UEProjects/MO57/Content/UltraDynamicSky/Materials/Material_Functions/Contrast_Control.uasset" 2516
"D:/UEProjects/MO57/Content/UltraDynamicSky/Materials/Material_Functions/Contrast_Control.uexp" 2517
"D:/UEProjects/MO57/Content/UltraDynamicSky/Materials/Material_Functions/FlatOvercast_Texture.uasset" 2518
"D:/UEProjects/MO57/Content/UltraDynamicSky/Materials/Material_Functions/FlatOvercast_Texture.uexp" 2519
"D:/UEProjects/MO57/Content/UltraDynamicSky/Materials/Material_Functions/Moon.uasset" 2520
"D:/UEProjects/MO57/Content/UltraDynamicSky/Materials/Material_Functions/Moon.uexp" 2521
"D:/UEProjects/MO57/Content/UltraDynamicSky/Materials/Material_Functions/Scale_Intensity_Around_Sun.uasset" 2522
"D:/UEProjects/MO57/Content/UltraDynamicSky/Materials/Material_Functions/Scale_Intensity_Around_Sun.uexp" 2523
"D:/UEProjects/MO57/Content/UltraDynamicSky/Materials/Material_Functions/Sky_Material_Ambient_Fog.uasset" 2524
"D:/UEProjects/MO57/Content/UltraDynamicSky/Materials/Material_Functions/Sky_Material_Ambient_Fog.uexp" 2525
"D:/UEProjects/MO57/Content/UltraDynamicSky/Textures/Sky/Stars_Noise.ubulk" 2526
"D:/UEProjects/MO57/Content/UltraDynamicSky/Textures/Sky/Stars_Noise.uasset" 2527
"D:/UEProjects/MO57/Content/UltraDynamicSky/Textures/Sky/Stars_Noise.uexp" 2528
"D:/UEProjects/MO57/Content/UltraDynamicSky/Materials/Material_Functions/Stars.uasset" 2529
"D:/UEProjects/MO57/Content/UltraDynamicSky/Materials/Material_Functions/Stars.uexp" 2530
"D:/UEProjects/MO57/Content/UltraDynamicSky/Materials/Material_Functions/Sun_Disk.uasset" 2531
"D:/UEProjects/MO57/Content/UltraDynamicSky/Materials/Material_Functions/Sun_Disk.uexp" 2532
"D:/UEProjects/MO57/Content/UltraDynamicSky/Materials/Material_Functions/Tiling_Stars_UVs.uasset" 2533
"D:/UEProjects/MO57/Content/UltraDynamicSky/Materials/Material_Functions/Tiling_Stars_UVs.uexp" 2534
"D:/UEProjects/MO57/Content/UltraDynamicSky/Materials/Ultra_Dynamic_Sky_Mat.uasset" 2535
"D:/UEProjects/MO57/Content/UltraDynamicSky/Materials/Ultra_Dynamic_Sky_Mat.uexp" 2536
"D:/UEProjects/MO57/Content/UltraDynamicSky/Materials/Material_Instances/UDS_Default.uasset" 2537
"D:/UEProjects/MO57/Content/UltraDynamicSky/Materials/Material_Instances/UDS_Default.uexp" 2538
"D:/UEProjects/MO57/Content/UltraDynamicSky/Materials/Material_Instances/UDS_B.uasset" 2539
"D:/UEProjects/MO57/Content/UltraDynamicSky/Materials/Material_Instances/UDS_B.uexp" 2540
"D:/UEProjects/MO57/Content/UltraDynamicSky/Materials/Material_Instances/UDS_A.uasset" 2541
"D:/UEProjects/MO57/Content/UltraDynamicSky/Materials/Material_Instances/UDS_A.uexp" 2542
"D:/UEProjects/MO57/Content/UltraDynamicSky/Materials/Material_Instances/UDS_AD.uasset" 2543
"D:/UEProjects/MO57/Content/UltraDynamicSky/Materials/Material_Instances/UDS_AD.uexp" 2544
"D:/UEProjects/MO57/Content/UltraDynamicSky/Textures/3D_Clouds/3DCells_128.uasset" 2545
"D:/UEProjects/MO57/Content/UltraDynamicSky/Textures/3D_Clouds/3DCells_128.uexp" 2546
"D:/UEProjects/MO57/Content/UltraDynamicSky/Materials/Weather/Post_Process_Wind_Fog_Color.uasset" 2547
"D:/UEProjects/MO57/Content/UltraDynamicSky/Materials/Weather/Post_Process_Wind_Fog_Color.uexp" 2548
"D:/UEProjects/MO57/Content/UltraDynamicSky/Materials/Weather/Post_Process_Wind_Fog_Legacy.uasset" 2549
"D:/UEProjects/MO57/Content/UltraDynamicSky/Materials/Weather/Post_Process_Wind_Fog_Legacy.uexp" 2550
"D:/UEProjects/MO57/Content/UltraDynamicSky/Materials/Material_Instances/UDS_ADO.uasset" 2551
"D:/UEProjects/MO57/Content/UltraDynamicSky/Materials/Material_Instances/UDS_ADO.uexp" 2552
"D:/UEProjects/MO57/Plugins/MOFramework/Content/Characters/MetaHumans/Animations/MF_Rifle_Walk_Fwd.uasset" 2553
"D:/UEProjects/MO57/Plugins/MOFramework/Content/Characters/MetaHumans/Animations/MF_Rifle_Walk_Fwd.uexp" 2554
"D:/UEProjects/MO57/Content/UltraDynamicSky/Materials/Material_Instances/UDS_K.uasset" 2555
"D:/UEProjects/MO57/Content/UltraDynamicSky/Materials/Material_Instances/UDS_K.uexp" 2556
"D:/UEProjects/MO57/Content/UltraDynamicSky/Materials/Material_Instances/UDS_AS.uasset" 2557
"D:/UEProjects/MO57/Content/UltraDynamicSky/Materials/Material_Instances/UDS_AS.uexp" 2558
"D:/UEProjects/MO57/Content/UltraDynamicSky/Materials/Material_Instances/UDS_C.uasset" 2559
"D:/UEProjects/MO57/Content/UltraDynamicSky/Materials/Material_Instances/UDS_C.uexp" 2560
"D:/UEProjects/MO57/Plugins/MOFramework/Content/Characters/MetaHumans/Animations/MF_Rifle_Walk_Fwd_Left.uasset" 2561
"D:/UEProjects/MO57/Plugins/MOFramework/Content/Characters/MetaHumans/Animations/MF_Rifle_Walk_Fwd_Left.uexp" 2562
"D:/UEProjects/MO57/Content/UltraDynamicSky/Materials/Material_Instances/UDS_CA.uasset" 2563
"D:/UEProjects/MO57/Content/UltraDynamicSky/Materials/Material_Instances/UDS_CA.uexp" 2564
"D:/UEProjects/MO57/Content/UltraDynamicSky/Materials/Material_Instances/UDS_CAD.uasset" 2565
"D:/UEProjects/MO57/Content/UltraDynamicSky/Materials/Material_Instances/UDS_CAD.uexp" 2566
"D:/UEProjects/MO57/Plugins/MOFramework/Content/Characters/MetaHumans/Animations/MF_Rifle_Walk_Fwd_Right.uasset" 2567
"D:/UEProjects/MO57/Plugins/MOFramework/Content/Characters/MetaHumans/Animations/MF_Rifle_Walk_Fwd_Right.uexp" 2568
"D:/UEProjects/MO57/Content/UltraDynamicSky/Materials/Material_Instances/UDS_CADO.uasset" 2569
"D:/UEProjects/MO57/Content/UltraDynamicSky/Materials/Material_Instances/UDS_CADO.uexp" 2570
"D:/UEProjects/MO57/Content/UltraDynamicSky/Materials/Material_Instances/UDS_CAS.uasset" 2571
"D:/UEProjects/MO57/Content/UltraDynamicSky/Materials/Material_Instances/UDS_CAS.uexp" 2572
"D:/UEProjects/MO57/Content/UltraDynamicSky/Materials/Material_Instances/UDS_CD.uasset" 2573
"D:/UEProjects/MO57/Content/UltraDynamicSky/Materials/Material_Instances/UDS_CD.uexp" 2574
"D:/UEProjects/MO57/Plugins/MOFramework/Content/Characters/MetaHumans/Animations/MF_Rifle_Walk_Left.uasset" 2575
"D:/UEProjects/MO57/Plugins/MOFramework/Content/Characters/MetaHumans/Animations/MF_Rifle_Walk_Left.uexp" 2576
"D:/UEProjects/MO57/Content/UltraDynamicSky/Materials/Material_Instances/UDS_CDO.uasset" 2577
"D:/UEProjects/MO57/Content/UltraDynamicSky/Materials/Material_Instances/UDS_CDO.uexp" 2578
"D:/UEProjects/MO57/Content/UltraDynamicSky/Materials/Material_Instances/UDS_CS.uasset" 2579
"D:/UEProjects/MO57/Content/UltraDynamicSky/Materials/Material_Instances/UDS_CS.uexp" 2580
"D:/UEProjects/MO57/Plugins/MOFramework/Content/Characters/MetaHumans/Animations/MF_Rifle_Walk_Right.uasset" 2581
"D:/UEProjects/MO57/Plugins/MOFramework/Content/Characters/MetaHumans/Animations/MF_Rifle_Walk_Right.uexp" 2582
"D:/UEProjects/MO57/Content/UltraDynamicSky/Materials/Material_Instances/UDS_D.uasset" 2583
"D:/UEProjects/MO57/Content/UltraDynamicSky/Materials/Material_Instances/UDS_D.uexp" 2584
"D:/UEProjects/MO57/Content/UltraDynamicSky/Meshes/Brush_Cylinder.ubulk" 2585
"D:/UEProjects/MO57/Content/UltraDynamicSky/Meshes/Brush_Cylinder.uasset" 2586
"D:/UEProjects/MO57/Content/UltraDynamicSky/Meshes/Brush_Cylinder.uexp" 2587
"D:/UEProjects/MO57/Content/UltraDynamicSky/Materials/Weather/Radial_Storm_Fog_Attributes.uasset" 2588
"D:/UEProjects/MO57/Content/UltraDynamicSky/Materials/Weather/Radial_Storm_Fog_Attributes.uexp" 2589
"D:/UEProjects/MO57/Content/UltraDynamicSky/Materials/Weather/Radial_Storm_Fog_Particle.uasset" 2590
"D:/UEProjects/MO57/Content/UltraDynamicSky/Materials/Weather/Radial_Storm_Fog_Particle.uexp" 2591
"D:/UEProjects/MO57/Content/UltraDynamicSky/Materials/Weather/Radial_Storm_Shadow_Modulate.uasset" 2592
"D:/UEProjects/MO57/Content/UltraDynamicSky/Materials/Weather/Radial_Storm_Shadow_Modulate.uexp" 2593
"D:/UEProjects/MO57/Content/UltraDynamicSky/Particles/Radial_Storm.uasset" 2594
"D:/UEProjects/MO57/Content/UltraDynamicSky/Particles/Radial_Storm.uexp" 2595
"D:/UEProjects/MO57/Content/UltraDynamicSky/Blueprints/System/UDS_InterfaceActorArray_Reporter.uasset" 2596
"D:/UEProjects/MO57/Content/UltraDynamicSky/Blueprints/System/UDS_InterfaceActorArray_Reporter.uexp" 2597
"D:/UEProjects/MO57/Content/UltraDynamicSky/Materials/Weather/Radial_Storm_Fog_Particle_AboveClouds.uasset" 2598
"D:/UEProjects/MO57/Content/UltraDynamicSky/Materials/Weather/Radial_Storm_Fog_Particle_AboveClouds.uexp" 2599
"../../../Engine/Content/EngineSounds/Normal_Attack.uasset" 2600
"../../../Engine/Content/EngineSounds/Normal_Attack.uexp" 2601
"../../../Engine/Content/EngineSounds/Master.uasset" 2602
"../../../Engine/Content/EngineSounds/Master.uexp" 2603
"../../../Engine/Content/EngineSounds/Duck_Normal_Attack_MixMod.uasset" 2604
"../../../Engine/Content/EngineSounds/Duck_Normal_Attack_MixMod.uexp" 2605
"../../../Engine/Content/EngineSounds/Special_Attack_PSM.uasset" 2606
"../../../Engine/Content/EngineSounds/Special_Attack_PSM.uexp" 2607
"../../../Engine/Content/EngineSounds/SFX.uasset" 2608
"../../../Engine/Content/EngineSounds/SFX.uexp" 2609
"D:/UEProjects/MO57/Content/UltraDynamicSky/Sound/Distant_Thunder/DistantThunderLoop.uasset" 2610
"D:/UEProjects/MO57/Content/UltraDynamicSky/Sound/Distant_Thunder/DistantThunderLoop.uexp" 2611
"D:/UEProjects/MO57/Content/UltraDynamicSky/Sound/MetaSounds/UDS_LoopingSoundControl.uasset" 2612
"D:/UEProjects/MO57/Content/UltraDynamicSky/Sound/MetaSounds/UDS_LoopingSoundControl.uexp" 2613
"D:/UEProjects/MO57/Content/UltraDynamicSky/Sound/MetaSounds/UDS_Distant_Thunder_Loop.uasset" 2614
"D:/UEProjects/MO57/Content/UltraDynamicSky/Sound/MetaSounds/UDS_Distant_Thunder_Loop.uexp" 2615
"D:/UEProjects/MO57/Content/UltraDynamicSky/Sound/MetaSounds/UDS_RadialStorm_Thunder.uasset" 2616
"D:/UEProjects/MO57/Content/UltraDynamicSky/Sound/MetaSounds/UDS_RadialStorm_Thunder.uexp" 2617
"D:/UEProjects/MO57/Content/UltraDynamicSky/Blueprints/Weather_Effects/System/CloudCoverage_RGB.uasset" 2618
"D:/UEProjects/MO57/Content/UltraDynamicSky/Blueprints/Weather_Effects/System/CloudCoverage_RGB.uexp" 2619
"D:/UEProjects/MO57/Content/UltraDynamicSky/Blueprints/Weather_Effects/Radial_Storm.uasset" 2620
"D:/UEProjects/MO57/Content/UltraDynamicSky/Blueprints/Weather_Effects/Radial_Storm.uexp" 2621
"D:/UEProjects/MO57/Content/UltraDynamicSky/Materials/Material_Instances/UDS_DO.uasset" 2622
"D:/UEProjects/MO57/Content/UltraDynamicSky/Materials/Material_Instances/UDS_DO.uexp" 2623
"D:/UEProjects/MO57/Content/UltraDynamicSky/Materials/Material_Instances/UDS_KA.uasset" 2624
"D:/UEProjects/MO57/Content/UltraDynamicSky/Materials/Material_Instances/UDS_KA.uexp" 2625
"D:/UEProjects/MO57/Content/UltraDynamicSky/Materials/Material_Instances/UDS_KAD.uasset" 2626
"D:/UEProjects/MO57/Content/UltraDynamicSky/Materials/Material_Instances/UDS_KAD.uexp" 2627
"D:/UEProjects/MO57/Content/UltraDynamicSky/Materials/Material_Instances/UDS_KADO.uasset" 2628
"D:/UEProjects/MO57/Content/UltraDynamicSky/Materials/Material_Instances/UDS_KADO.uexp" 2629
"D:/UEProjects/MO57/Content/UltraDynamicSky/Materials/Material_Instances/UDS_KAS.uasset" 2630
"D:/UEProjects/MO57/Content/UltraDynamicSky/Materials/Material_Instances/UDS_KAS.uexp" 2631
"D:/UEProjects/MO57/Content/UltraDynamicSky/Materials/Material_Instances/UDS_KC.uasset" 2632
"D:/UEProjects/MO57/Content/UltraDynamicSky/Materials/Material_Instances/UDS_KC.uexp" 2633
"D:/UEProjects/MO57/Content/UltraDynamicSky/Materials/Material_Instances/UDS_KCA.uasset" 2634
"D:/UEProjects/MO57/Content/UltraDynamicSky/Materials/Material_Instances/UDS_KCA.uexp" 2635
"D:/UEProjects/MO57/Content/UltraDynamicSky/Materials/Material_Instances/UDS_KCAD.uasset" 2636
"D:/UEProjects/MO57/Content/UltraDynamicSky/Materials/Material_Instances/UDS_KCAD.uexp" 2637
"D:/UEProjects/MO57/Content/UltraDynamicSky/Materials/Material_Instances/UDS_KCADO.uasset" 2638
"D:/UEProjects/MO57/Content/UltraDynamicSky/Materials/Material_Instances/UDS_KCADO.uexp" 2639
"D:/UEProjects/MO57/Content/UltraDynamicSky/Materials/Material_Instances/UDS_KCAS.uasset" 2640
"D:/UEProjects/MO57/Content/UltraDynamicSky/Materials/Material_Instances/UDS_KCAS.uexp" 2641
"D:/UEProjects/MO57/Content/UltraDynamicSky/Materials/Material_Instances/UDS_KCD.uasset" 2642
"D:/UEProjects/MO57/Content/UltraDynamicSky/Materials/Material_Instances/UDS_KCD.uexp" 2643
"D:/UEProjects/MO57/Content/UltraDynamicSky/Textures/Weather/Rainbow_gradient.ubulk" 2644
"D:/UEProjects/MO57/Content/UltraDynamicSky/Textures/Weather/Rainbow_gradient.uasset" 2645
"D:/UEProjects/MO57/Content/UltraDynamicSky/Textures/Weather/Rainbow_gradient.uexp" 2646
"D:/UEProjects/MO57/Content/UltraDynamicSky/Materials/Weather/Rainbow_Mat.uasset" 2647
"D:/UEProjects/MO57/Content/UltraDynamicSky/Materials/Weather/Rainbow_Mat.uexp" 2648
"D:/UEProjects/MO57/Content/UltraDynamicSky/Materials/Material_Instances/UDS_KCDO.uasset" 2649
"D:/UEProjects/MO57/Content/UltraDynamicSky/Materials/Material_Instances/UDS_KCDO.uexp" 2650
"D:/UEProjects/MO57/Content/UltraDynamicSky/Materials/Material_Instances/UDS_KCS.uasset" 2651
"D:/UEProjects/MO57/Content/UltraDynamicSky/Materials/Material_Instances/UDS_KCS.uexp" 2652
"D:/UEProjects/MO57/Content/UltraDynamicSky/Textures/Sky/FlatCubemap.uasset" 2653
"D:/UEProjects/MO57/Content/UltraDynamicSky/Textures/Sky/FlatCubemap.uexp" 2654
"../../../Engine/Content/ArtTools/RenderToTexture/Meshes/S_1_Unit_Plane.ubulk" 2655
"../../../Engine/Content/ArtTools/RenderToTexture/Meshes/S_1_Unit_Plane.uasset" 2656
"../../../Engine/Content/ArtTools/RenderToTexture/Meshes/S_1_Unit_Plane.uexp" 2657
"D:/UEProjects/MO57/Content/UltraDynamicSky/Materials/Material_Instances/UDS_KD.uasset" 2658
"D:/UEProjects/MO57/Content/UltraDynamicSky/Materials/Material_Instances/UDS_KD.uexp" 2659
"D:/UEProjects/MO57/Content/UltraDynamicSky/Materials/Material_Instances/UDS_KDO.uasset" 2660
"D:/UEProjects/MO57/Content/UltraDynamicSky/Materials/Material_Instances/UDS_KDO.uexp" 2661
"D:/UEProjects/MO57/Content/UltraDynamicSky/Materials/Material_Instances/UDS_KS.uasset" 2662
"D:/UEProjects/MO57/Content/UltraDynamicSky/Materials/Material_Instances/UDS_KS.uexp" 2663
"D:/UEProjects/MO57/Content/UltraDynamicSky/Materials/Material_Instances/UDS_P.uasset" 2664
"D:/UEProjects/MO57/Content/UltraDynamicSky/Materials/Material_Instances/UDS_P.uexp" 2665
"D:/UEProjects/MO57/Content/UltraDynamicSky/Materials/Material_Instances/UDS_PC.uasset" 2666
"D:/UEProjects/MO57/Content/UltraDynamicSky/Materials/Material_Instances/UDS_PC.uexp" 2667
"D:/UEProjects/MO57/Content/UltraDynamicSky/Textures/Sky/Moon_Atmosphere_LUT_Volume.uasset" 2668
"D:/UEProjects/MO57/Content/UltraDynamicSky/Textures/Sky/Moon_Atmosphere_LUT_Volume.uexp" 2669
"D:/UEProjects/MO57/Content/UltraDynamicSky/Materials/Material_Instances/UDS_S.uasset" 2670
"D:/UEProjects/MO57/Content/UltraDynamicSky/Materials/Material_Instances/UDS_S.uexp" 2671
"D:/UEProjects/MO57/Content/MetaHumans/Common/Controls/M_RigControlActor_Black.uasset" 2672
"D:/UEProjects/MO57/Content/MetaHumans/Common/Controls/M_RigControlActor_Black.uexp" 2673
"D:/UEProjects/MO57/Content/MetaHumans/Common/Controls/SM_MetaHuman_Faceboard_2x.ubulk" 2674
"D:/UEProjects/MO57/Content/MetaHumans/Common/Controls/SM_MetaHuman_Faceboard_2x.uasset" 2675
"D:/UEProjects/MO57/Content/MetaHumans/Common/Controls/SM_MetaHuman_Faceboard_2x.uexp" 2676
"D:/UEProjects/MO57/Content/VoxelExamples/PCGScattering/Meshes/FoliageCone.ubulk" 2677
"D:/UEProjects/MO57/Content/VoxelExamples/PCGScattering/Meshes/FoliageCone.uasset" 2678
"D:/UEProjects/MO57/Content/VoxelExamples/PCGScattering/Meshes/FoliageCone.uexp" 2679
"D:/UEProjects/MO57/Content/UltraDynamicSky/Materials/Volumetric_Clouds.uasset" 2680
"D:/UEProjects/MO57/Content/UltraDynamicSky/Materials/Volumetric_Clouds.uexp" 2681
"D:/UEProjects/MO57/Content/UltraDynamicSky/Materials/Material_Instances/Volumetric_Clouds_default.uasset" 2682
"D:/UEProjects/MO57/Content/UltraDynamicSky/Materials/Material_Instances/Volumetric_Clouds_default.uexp" 2683
"D:/UEProjects/MO57/Content/UltraDynamicSky/Materials/Material_Instances/Volumetric_Clouds_2L.uasset" 2684
"D:/UEProjects/MO57/Content/UltraDynamicSky/Materials/Material_Instances/Volumetric_Clouds_2L.uexp" 2685
"../../../Engine/Content/EngineResources/Black.uasset" 2686
"../../../Engine/Content/EngineResources/Black.uexp" 2687
"../../../Engine/Content/Functions/Engine_MaterialFunctions01/Texturing/ComputeMipLevel.uasset" 2688
"../../../Engine/Content/Functions/Engine_MaterialFunctions01/Texturing/ComputeMipLevel.uexp" 2689
"../../../Engine/Content/Functions/Engine_MaterialFunctions02/ExampleContent/Textures/DebugNumberPeriod.uasset" 2690
"../../../Engine/Content/Functions/Engine_MaterialFunctions02/ExampleContent/Textures/DebugNumberPeriod.uexp" 2691
"../../../Engine/Content/Functions/Engine_MaterialFunctions02/Utility/DebugScalarValues.uasset" 2692
"../../../Engine/Content/Functions/Engine_MaterialFunctions02/Utility/DebugScalarValues.uexp" 2693
"../../../Engine/Content/Functions/Engine_MaterialFunctions02/Utility/DebugFloat2Values.uasset" 2694
"../../../Engine/Content/Functions/Engine_MaterialFunctions02/Utility/DebugFloat2Values.uexp" 2695
"../../../Engine/Content/Functions/Engine_MaterialFunctions02/WorldPositionOffset/ComponentPivotLocation.uasset" 2696
"../../../Engine/Content/Functions/Engine_MaterialFunctions02/WorldPositionOffset/ComponentPivotLocation.uexp" 2697
"../../../Engine/Content/Functions/Engine_MaterialFunctions02/WorldPositionOffset/Sprite.uasset" 2698
"../../../Engine/Content/Functions/Engine_MaterialFunctions02/WorldPositionOffset/Sprite.uexp" 2699
"../../../Engine/Content/Functions/Engine_MaterialFunctions01/Vectors/UnitVectorToOctahedron.uasset" 2700
"../../../Engine/Content/Functions/Engine_MaterialFunctions01/Vectors/UnitVectorToOctahedron.uexp" 2701
"D:/UEProjects/MO57/Content/MSPresets/MS_Foliage_Material/MaterialFunctions/Impostor/FrameBlendWeights.uasset" 2702
"D:/UEProjects/MO57/Content/MSPresets/MS_Foliage_Material/MaterialFunctions/Impostor/FrameBlendWeights.uexp" 2703
"D:/UEProjects/MO57/Content/MSPresets/MS_Foliage_Material/MaterialFunctions/Impostor/FrameBlendWeights_TextureObject.uasset" 2704
"D:/UEProjects/MO57/Content/MSPresets/MS_Foliage_Material/MaterialFunctions/Impostor/FrameBlendWeights_TextureObject.uexp" 2705
"D:/UEProjects/MO57/Content/MSPresets/MS_Foliage_Material/MaterialFunctions/Impostor/GenerateTreeMask.uasset" 2706
"D:/UEProjects/MO57/Content/MSPresets/MS_Foliage_Material/MaterialFunctions/Impostor/GenerateTreeMask.uexp" 2707
"../../../Engine/Content/Functions/Engine_MaterialFunctions02/Math/InverseTransformMatrix.uasset" 2708
"../../../Engine/Content/Functions/Engine_MaterialFunctions02/Math/InverseTransformMatrix.uexp" 2709
"D:/UEProjects/MO57/Content/MSPresets/MS_Foliage_Material/MaterialFunctions/Impostor/ImposterFrameTransform.uasset" 2710
"D:/UEProjects/MO57/Content/MSPresets/MS_Foliage_Material/MaterialFunctions/Impostor/ImposterFrameTransform.uexp" 2711
"../../../Engine/Content/Functions/Engine_MaterialFunctions01/Vectors/OctahedronToUnitVector.uasset" 2712
"../../../Engine/Content/Functions/Engine_MaterialFunctions01/Vectors/OctahedronToUnitVector.uexp" 2713
"D:/UEProjects/MO57/Content/MSPresets/MS_Foliage_Material/MaterialFunctions/Impostor/HemiOctahedronToUnitVector.uasset" 2714
"D:/UEProjects/MO57/Content/MSPresets/MS_Foliage_Material/MaterialFunctions/Impostor/HemiOctahedronToUnitVector.uexp" 2715
"D:/UEProjects/MO57/Content/MSPresets/MS_Foliage_Material/MaterialFunctions/Impostor/ImposterFrameTransform_Setup.uasset" 2716
"D:/UEProjects/MO57/Content/MSPresets/MS_Foliage_Material/MaterialFunctions/Impostor/ImposterFrameTransform_Setup.uexp" 2717
"D:/UEProjects/MO57/Content/MSPresets/MS_Foliage_Material/MaterialFunctions/Impostor/ImpostorInfo.uasset" 2718
"D:/UEProjects/MO57/Content/MSPresets/MS_Foliage_Material/MaterialFunctions/Impostor/ImpostorInfo.uexp" 2719
"D:/UEProjects/MO57/Content/MSPresets/MS_Foliage_Material/MaterialFunctions/Impostor/UnitVectorToHemiOctahedra.uasset" 2720
"D:/UEProjects/MO57/Content/MSPresets/MS_Foliage_Material/MaterialFunctions/Impostor/UnitVectorToHemiOctahedra.uexp" 2721
"D:/UEProjects/MO57/Content/MSPresets/MS_Foliage_Material/MaterialFunctions/Impostor/Impostor_SingleFrameVersion.uasset" 2722
"D:/UEProjects/MO57/Content/MSPresets/MS_Foliage_Material/MaterialFunctions/Impostor/Impostor_SingleFrameVersion.uexp" 2723
"D:/UEProjects/MO57/Content/MSPresets/MS_Foliage_Material/MaterialFunctions/Impostor/OverrideMobile.uasset" 2724
"D:/UEProjects/MO57/Content/MSPresets/MS_Foliage_Material/MaterialFunctions/Impostor/OverrideMobile.uexp" 2725
"D:/UEProjects/MO57/Content/MSPresets/MS_Foliage_Material/MaterialFunctions/Impostor/Sprite_PositionBased.uasset" 2726
"D:/UEProjects/MO57/Content/MSPresets/MS_Foliage_Material/MaterialFunctions/Impostor/Sprite_PositionBased.uexp" 2727
"D:/UEProjects/MO57/Content/MSPresets/MS_Foliage_Material/MaterialFunctions/Impostor/TriangleInterpolator.uasset" 2728
"D:/UEProjects/MO57/Content/MSPresets/MS_Foliage_Material/MaterialFunctions/Impostor/TriangleInterpolator.uexp" 2729
"D:/UEProjects/MO57/Content/MSPresets/MS_Foliage_Material/MaterialFunctions/Impostor/TriangulatedWireframe.uasset" 2730
"D:/UEProjects/MO57/Content/MSPresets/MS_Foliage_Material/MaterialFunctions/Impostor/TriangulatedWireframe.uexp" 2731
"D:/UEProjects/MO57/Content/MSPresets/MS_Foliage_Material/MaterialFunctions/Impostor/VirtualPlaneCoordinates_Imposter.uasset" 2732
"D:/UEProjects/MO57/Content/MSPresets/MS_Foliage_Material/MaterialFunctions/Impostor/VirtualPlaneCoordinates_Imposter.uexp" 2733
"D:/UEProjects/MO57/Content/MSPresets/MS_Foliage_Material/MaterialFunctions/Impostor/Impostor_MS.uasset" 2734
"D:/UEProjects/MO57/Content/MSPresets/MS_Foliage_Material/MaterialFunctions/Impostor/Impostor_MS.uexp" 2735
"D:/UEProjects/MO57/Content/MSPresets/MS_Foliage_Material/MasterMaterials/MA_Impostor_SimpleOffset_MS.uasset" 2736
"D:/UEProjects/MO57/Content/MSPresets/MS_Foliage_Material/MasterMaterials/MA_Impostor_SimpleOffset_MS.uexp" 2737
"D:/UEProjects/MO57/Content/BlackAlder/Materials/Impostor/MAI_Impostor_BlackAlder.uasset" 2738
"D:/UEProjects/MO57/Content/BlackAlder/Materials/Impostor/MAI_Impostor_BlackAlder.uexp" 2739
"D:/UEProjects/MO57/Content/BlackAlder/Textures/Impostor/Field/Field_05/T_Impostor_BaseColor_Field_05_Summer.ubulk" 2740
"D:/UEProjects/MO57/Content/BlackAlder/Textures/Impostor/Field/Field_05/T_Impostor_BaseColor_Field_05_Summer.uasset" 2741
"D:/UEProjects/MO57/Content/BlackAlder/Textures/Impostor/Field/Field_05/T_Impostor_BaseColor_Field_05_Summer.uexp" 2742
"D:/UEProjects/MO57/Content/BlackAlder/Textures/Impostor/Field/Field_05/T_Impostor_BaseColor_Field_05_Winter.ubulk" 2743
"D:/UEProjects/MO57/Content/BlackAlder/Textures/Impostor/Field/Field_05/T_Impostor_BaseColor_Field_05_Winter.uasset" 2744
"D:/UEProjects/MO57/Content/BlackAlder/Textures/Impostor/Field/Field_05/T_Impostor_BaseColor_Field_05_Winter.uexp" 2745
"D:/UEProjects/MO57/Content/BlackAlder/Textures/Impostor/Field/Field_05/T_Impostor_Normal_Field_05_Summer.ubulk" 2746
"D:/UEProjects/MO57/Content/BlackAlder/Textures/Impostor/Field/Field_05/T_Impostor_Normal_Field_05_Summer.uasset" 2747
"D:/UEProjects/MO57/Content/BlackAlder/Textures/Impostor/Field/Field_05/T_Impostor_Normal_Field_05_Summer.uexp" 2748
"D:/UEProjects/MO57/Content/BlackAlder/Textures/Impostor/Field/Field_05/T_Impostor_Normal_Field_05_Winter.ubulk" 2749
"D:/UEProjects/MO57/Content/BlackAlder/Textures/Impostor/Field/Field_05/T_Impostor_Normal_Field_05_Winter.uasset" 2750
"D:/UEProjects/MO57/Content/BlackAlder/Textures/Impostor/Field/Field_05/T_Impostor_Normal_Field_05_Winter.uexp" 2751
"D:/UEProjects/MO57/Content/BlackAlder/Materials/Impostor/MI_Impostor_Field_05.uasset" 2752
"D:/UEProjects/MO57/Content/BlackAlder/Materials/Impostor/MI_Impostor_Field_05.uexp" 2753
"D:/UEProjects/MO57/Content/BlackAlder/Textures/PivotPainter/Field/T_BlackAlder_Field_05_PivotPos.uasset" 2754
"D:/UEProjects/MO57/Content/BlackAlder/Textures/PivotPainter/Field/T_BlackAlder_Field_05_PivotPos.uexp" 2755
"D:/UEProjects/MO57/Content/BlackAlder/Textures/PivotPainter/Field/T_BlackAlder_Field_05_XVector.uasset" 2756
"D:/UEProjects/MO57/Content/BlackAlder/Textures/PivotPainter/Field/T_BlackAlder_Field_05_XVector.uexp" 2757
"D:/UEProjects/MO57/Content/BlackAlder/Materials/PivotPainter/Field/Field_05/MAI_BlackAlder_Field_05.uasset" 2758
"D:/UEProjects/MO57/Content/BlackAlder/Materials/PivotPainter/Field/Field_05/MAI_BlackAlder_Field_05.uexp" 2759
"D:/UEProjects/MO57/Content/BlackAlder/Materials/PivotPainter/Field/Field_05/MI_BlackAlder_Field_05_Decoration.uasset" 2760
"D:/UEProjects/MO57/Content/BlackAlder/Materials/PivotPainter/Field/Field_05/MI_BlackAlder_Field_05_Decoration.uexp" 2761
"D:/UEProjects/MO57/Content/BlackAlder/Materials/PivotPainter/Field/Field_05/MI_BlackAlder_Field_05_Tileable.uasset" 2762
"D:/UEProjects/MO57/Content/BlackAlder/Materials/PivotPainter/Field/Field_05/MI_BlackAlder_Field_05_Tileable.uexp" 2763
"D:/UEProjects/MO57/Content/BlackAlder/Materials/PivotPainter/Field/Field_05/MI_BlackAlder_Field_05_TwoSided.uasset" 2764
"D:/UEProjects/MO57/Content/BlackAlder/Materials/PivotPainter/Field/Field_05/MI_BlackAlder_Field_05_TwoSided.uexp" 2765
"D:/UEProjects/MO57/Content/BlackAlder/Geometry/PivotPainter/SM_BlackAlder_Field_05_PP.ubulk" 2766
"D:/UEProjects/MO57/Content/BlackAlder/Geometry/PivotPainter/SM_BlackAlder_Field_05_PP.uasset" 2767
"D:/UEProjects/MO57/Content/BlackAlder/Geometry/PivotPainter/SM_BlackAlder_Field_05_PP.uexp" 2768
"D:/UEProjects/MO57/Content/UltraDynamicSky/Materials/Material_Instances/Volumetric_Clouds_2L_S.uasset" 2769
"D:/UEProjects/MO57/Content/UltraDynamicSky/Materials/Material_Instances/Volumetric_Clouds_2L_S.uexp" 2770
"D:/UEProjects/MO57/Content/VoxelExamples/PCGScattering/Meshes/FoliageCube.ubulk" 2771
"D:/UEProjects/MO57/Content/VoxelExamples/PCGScattering/Meshes/FoliageCube.uasset" 2772
"D:/UEProjects/MO57/Content/VoxelExamples/PCGScattering/Meshes/FoliageCube.uexp" 2773
"D:/UEProjects/MO57/Content/MetaHumans/Common/Controls/SM_MetaHuman_Faceboard_Convergence.ubulk" 2774
"D:/UEProjects/MO57/Content/MetaHumans/Common/Controls/SM_MetaHuman_Faceboard_Convergence.uasset" 2775
"D:/UEProjects/MO57/Content/MetaHumans/Common/Controls/SM_MetaHuman_Faceboard_Convergence.uexp" 2776
"../../../Engine/Content/Functions/Engine_MaterialFunctions02/Texturing/ScreenAlignedUVs.uasset" 2777
"../../../Engine/Content/Functions/Engine_MaterialFunctions02/Texturing/ScreenAlignedUVs.uexp" 2778
"D:/UEProjects/MO57/Content/UltraDynamicSky/Textures/Weather/WaterDroplets_Small.uasset" 2779
"D:/UEProjects/MO57/Content/UltraDynamicSky/Textures/Weather/WaterDroplets_Small.uexp" 2780
"D:/UEProjects/MO57/Content/UltraDynamicSky/Materials/Material_Functions/Screen_Droplet_Sample.uasset" 2781
"D:/UEProjects/MO57/Content/UltraDynamicSky/Materials/Material_Functions/Screen_Droplet_Sample.uexp" 2782
"D:/UEProjects/MO57/Content/UltraDynamicSky/Textures/Weather/Drips_Vertical_Mask.uasset" 2783
"D:/UEProjects/MO57/Content/UltraDynamicSky/Textures/Weather/Drips_Vertical_Mask.uexp" 2784
"D:/UEProjects/MO57/Content/UltraDynamicSky/Materials/Weather/Screen_Droplets.uasset" 2785
"D:/UEProjects/MO57/Content/UltraDynamicSky/Materials/Weather/Screen_Droplets.uexp" 2786
"D:/UEProjects/MO57/Content/BlackAlder/Geometry/PivotPainter/SM_BlackAlder_Field_05_PP1.ubulk" 2787
"D:/UEProjects/MO57/Content/BlackAlder/Geometry/PivotPainter/SM_BlackAlder_Field_05_PP1.uasset" 2788
"D:/UEProjects/MO57/Content/BlackAlder/Geometry/PivotPainter/SM_BlackAlder_Field_05_PP1.uexp" 2789
"D:/UEProjects/MO57/Content/UltraDynamicSky/Materials/Weather/Screen_Frost.uasset" 2790
"D:/UEProjects/MO57/Content/UltraDynamicSky/Materials/Weather/Screen_Frost.uexp" 2791
"D:/UEProjects/MO57/Content/VoxelExamples/PCGScattering/Meshes/FoliageSphere.ubulk" 2792
"D:/UEProjects/MO57/Content/VoxelExamples/PCGScattering/Meshes/FoliageSphere.uasset" 2793
"D:/UEProjects/MO57/Content/VoxelExamples/PCGScattering/Meshes/FoliageSphere.uexp" 2794
"D:/UEProjects/MO57/Content/UltraDynamicSky/Textures/Sky/Real_Stars.uasset" 2795
"D:/UEProjects/MO57/Content/UltraDynamicSky/Textures/Sky/Real_Stars.uexp" 2796
"D:/UEProjects/MO57/Content/MetaHumans/Common/Controls/SM_MetaHuman_Faceboard_FollowGrp.ubulk" 2797
"D:/UEProjects/MO57/Content/MetaHumans/Common/Controls/SM_MetaHuman_Faceboard_FollowGrp.uasset" 2798
"D:/UEProjects/MO57/Content/MetaHumans/Common/Controls/SM_MetaHuman_Faceboard_FollowGrp.uexp" 2799
"D:/UEProjects/MO57/Content/UltraDynamicSky/Textures/Clouds/Aurora_Clouds.uasset" 2800
"D:/UEProjects/MO57/Content/UltraDynamicSky/Textures/Clouds/Aurora_Clouds.uexp" 2801
"D:/UEProjects/MO57/Content/UltraDynamicSky/Materials/Space/Nebula_Layer.uasset" 2802
"D:/UEProjects/MO57/Content/UltraDynamicSky/Materials/Space/Nebula_Layer.uexp" 2803
"D:/UEProjects/MO57/Content/Characters/Mannequins/Rigs/CR_Mannequin_FootIK.uasset" 2804
"D:/UEProjects/MO57/Content/Characters/Mannequins/Rigs/CR_Mannequin_FootIK.uexp" 2805
"D:/UEProjects/MO57/Plugins/MOFramework/Content/Characters/MetaHumans/Animations/MM_Idle.uasset" 2806
"D:/UEProjects/MO57/Plugins/MOFramework/Content/Characters/MetaHumans/Animations/MM_Idle.uexp" 2807
"D:/UEProjects/MO57/Plugins/MOFramework/Content/Characters/MetaHumans/Animations/MF_Unarmed_Jog_Bwd.uasset" 2808
"D:/UEProjects/MO57/Plugins/MOFramework/Content/Characters/MetaHumans/Animations/MF_Unarmed_Jog_Bwd.uexp" 2809
"D:/UEProjects/MO57/Plugins/MOFramework/Content/Characters/MetaHumans/Animations/MF_Unarmed_Jog_Bwd_Left.uasset" 2810
"D:/UEProjects/MO57/Plugins/MOFramework/Content/Characters/MetaHumans/Animations/MF_Unarmed_Jog_Bwd_Left.uexp" 2811
"D:/UEProjects/MO57/Plugins/MOFramework/Content/Characters/MetaHumans/Animations/MF_Unarmed_Jog_Bwd_Right.uasset" 2812
"D:/UEProjects/MO57/Plugins/MOFramework/Content/Characters/MetaHumans/Animations/MF_Unarmed_Jog_Bwd_Right.uexp" 2813
"D:/UEProjects/MO57/Plugins/MOFramework/Content/Characters/MetaHumans/Animations/MF_Unarmed_Jog_Fwd.uasset" 2814
"D:/UEProjects/MO57/Plugins/MOFramework/Content/Characters/MetaHumans/Animations/MF_Unarmed_Jog_Fwd.uexp" 2815
"D:/UEProjects/MO57/Plugins/MOFramework/Content/Characters/MetaHumans/Animations/MF_Unarmed_Jog_Fwd_Left.uasset" 2816
"D:/UEProjects/MO57/Plugins/MOFramework/Content/Characters/MetaHumans/Animations/MF_Unarmed_Jog_Fwd_Left.uexp" 2817
"D:/UEProjects/MO57/Plugins/MOFramework/Content/Characters/MetaHumans/Animations/MF_Unarmed_Jog_Fwd_Right.uasset" 2818
"D:/UEProjects/MO57/Plugins/MOFramework/Content/Characters/MetaHumans/Animations/MF_Unarmed_Jog_Fwd_Right.uexp" 2819
"D:/UEProjects/MO57/Plugins/MOFramework/Content/Characters/MetaHumans/Animations/MF_Unarmed_Jog_Left.uasset" 2820
"D:/UEProjects/MO57/Plugins/MOFramework/Content/Characters/MetaHumans/Animations/MF_Unarmed_Jog_Left.uexp" 2821
"D:/UEProjects/MO57/Plugins/MOFramework/Content/Characters/MetaHumans/Animations/MF_Unarmed_Jog_Right.uasset" 2822
"D:/UEProjects/MO57/Plugins/MOFramework/Content/Characters/MetaHumans/Animations/MF_Unarmed_Jog_Right.uexp" 2823
"D:/UEProjects/MO57/Plugins/MOFramework/Content/Characters/MetaHumans/Animations/MF_Unarmed_Walk_Bwd.uasset" 2824
"D:/UEProjects/MO57/Plugins/MOFramework/Content/Characters/MetaHumans/Animations/MF_Unarmed_Walk_Bwd.uexp" 2825
"D:/UEProjects/MO57/Plugins/MOFramework/Content/Characters/MetaHumans/Animations/MF_Unarmed_Walk_Bwd_Left.uasset" 2826
"D:/UEProjects/MO57/Plugins/MOFramework/Content/Characters/MetaHumans/Animations/MF_Unarmed_Walk_Bwd_Left.uexp" 2827
"D:/UEProjects/MO57/Plugins/MOFramework/Content/Characters/MetaHumans/Animations/MF_Unarmed_Walk_Bwd_Right.uasset" 2828
"D:/UEProjects/MO57/Plugins/MOFramework/Content/Characters/MetaHumans/Animations/MF_Unarmed_Walk_Bwd_Right.uexp" 2829
"D:/UEProjects/MO57/Plugins/MOFramework/Content/Characters/MetaHumans/Animations/MF_Unarmed_Walk_Fwd.uasset" 2830
"D:/UEProjects/MO57/Plugins/MOFramework/Content/Characters/MetaHumans/Animations/MF_Unarmed_Walk_Fwd.uexp" 2831
"D:/UEProjects/MO57/Plugins/MOFramework/Content/Characters/MetaHumans/Animations/MF_Unarmed_Walk_Fwd_Left.uasset" 2832
"D:/UEProjects/MO57/Plugins/MOFramework/Content/Characters/MetaHumans/Animations/MF_Unarmed_Walk_Fwd_Left.uexp" 2833
"D:/UEProjects/MO57/Plugins/MOFramework/Content/Characters/MetaHumans/Animations/MF_Unarmed_Walk_Fwd_Right.uasset" 2834
"D:/UEProjects/MO57/Plugins/MOFramework/Content/Characters/MetaHumans/Animations/MF_Unarmed_Walk_Fwd_Right.uexp" 2835
"D:/UEProjects/MO57/Plugins/MOFramework/Content/Characters/MetaHumans/Animations/MF_Unarmed_Walk_Left.uasset" 2836
"D:/UEProjects/MO57/Plugins/MOFramework/Content/Characters/MetaHumans/Animations/MF_Unarmed_Walk_Left.uexp" 2837
"D:/UEProjects/MO57/Plugins/MOFramework/Content/Characters/MetaHumans/Animations/MF_Unarmed_Walk_Right.uasset" 2838
"D:/UEProjects/MO57/Plugins/MOFramework/Content/Characters/MetaHumans/Animations/MF_Unarmed_Walk_Right.uexp" 2839
"D:/UEProjects/MO57/Plugins/MOFramework/Content/Characters/MetaHumans/Animations/BS_Idle_Walk_Run_MHF.uasset" 2840
"D:/UEProjects/MO57/Plugins/MOFramework/Content/Characters/MetaHumans/Animations/BS_Idle_Walk_Run_MHF.uexp" 2841
"D:/UEProjects/MO57/Plugins/MOFramework/Content/Characters/MetaHumans/Animations/MM_Fall_Loop.uasset" 2842
"D:/UEProjects/MO57/Plugins/MOFramework/Content/Characters/MetaHumans/Animations/MM_Fall_Loop.uexp" 2843
"D:/UEProjects/MO57/Plugins/MOFramework/Content/Characters/MetaHumans/Animations/MM_Jump.uasset" 2844
"D:/UEProjects/MO57/Plugins/MOFramework/Content/Characters/MetaHumans/Animations/MM_Jump.uexp" 2845
"D:/UEProjects/MO57/Plugins/MOFramework/Content/Characters/MetaHumans/Animations/MM_Land.uasset" 2846
"D:/UEProjects/MO57/Plugins/MOFramework/Content/Characters/MetaHumans/Animations/MM_Land.uexp" 2847
"D:/UEProjects/MO57/Plugins/MOFramework/Content/Characters/MetaHumans/Animations/ABP_Manny_Combat.uasset" 2848
"D:/UEProjects/MO57/Plugins/MOFramework/Content/Characters/MetaHumans/Animations/ABP_Manny_Combat.uexp" 2849
"D:/UEProjects/MO57/Content/UltraDynamicSky/Textures/Sky/Static_Overcast.uasset" 2850
"D:/UEProjects/MO57/Content/UltraDynamicSky/Textures/Sky/Static_Overcast.uexp" 2851
"D:/UEProjects/MO57/Content/UltraDynamicSky/Textures/Clouds/clouds_diverse.uasset" 2852
"D:/UEProjects/MO57/Content/UltraDynamicSky/Textures/Clouds/clouds_diverse.uexp" 2853
"D:/UEProjects/MO57/Content/UltraDynamicSky/Materials/Weather/Splash_Droplet_Particle_Translucent.uasset" 2854
"D:/UEProjects/MO57/Content/UltraDynamicSky/Materials/Weather/Splash_Droplet_Particle_Translucent.uexp" 2855
"D:/UEProjects/MO57/Plugins/MOFramework/Content/Characters/MetaHumans/Animations/MM_WallJump.uasset" 2856
"D:/UEProjects/MO57/Plugins/MOFramework/Content/Characters/MetaHumans/Animations/MM_WallJump.uexp" 2857
"D:/UEProjects/MO57/Plugins/MOFramework/Content/Characters/MetaHumans/Animations/ABP_Manny_Platforming.uasset" 2858
"D:/UEProjects/MO57/Plugins/MOFramework/Content/Characters/MetaHumans/Animations/ABP_Manny_Platforming.uexp" 2859
"D:/UEProjects/MO57/Content/UltraDynamicSky/Textures/Sky/Sun_Atmosphere_LUT_Volume.uasset" 2860
"D:/UEProjects/MO57/Content/UltraDynamicSky/Textures/Sky/Sun_Atmosphere_LUT_Volume.uexp" 2861
"D:/UEProjects/MO57/Content/UltraDynamicSky/Materials/Weather/Splash_ParticleMat_Translucent.uasset" 2862
"D:/UEProjects/MO57/Content/UltraDynamicSky/Materials/Weather/Splash_ParticleMat_Translucent.uexp" 2863
"D:/UEProjects/MO57/Plugins/MOFramework/Content/Characters/MetaHumans/Animations/ABP_Manny_SideScroller.uasset" 2864
"D:/UEProjects/MO57/Plugins/MOFramework/Content/Characters/MetaHumans/Animations/ABP_Manny_SideScroller.uexp" 2865
"D:/UEProjects/MO57/Content/UltraDynamicSky/Textures/StaticClouds/StaticClouds_A.uasset" 2866
"D:/UEProjects/MO57/Content/UltraDynamicSky/Textures/StaticClouds/StaticClouds_A.uexp" 2867
"D:/UEProjects/MO57/Content/Characters/Mannequins/Meshes/SK_Mannequin.uasset" 2868
"D:/UEProjects/MO57/Content/Characters/Mannequins/Meshes/SK_Mannequin.uexp" 2869
"D:/UEProjects/MO57/Content/Characters/Mannequins/Anims/Unarmed/Attack/MM_ChargedAttack.uasset" 2870
"D:/UEProjects/MO57/Content/Characters/Mannequins/Anims/Unarmed/Attack/MM_ChargedAttack.uexp" 2871
"D:/UEProjects/MO57/Plugins/MOFramework/Content/Characters/MetaHumans/Animations/MM_ChargedAttack.uasset" 2872
"D:/UEProjects/MO57/Plugins/MOFramework/Content/Characters/MetaHumans/Animations/MM_ChargedAttack.uexp" 2873
"D:/UEProjects/MO57/Plugins/MOFramework/Content/Characters/MetaHumans/Animations/AM_ChargedAttack.uasset" 2874
"D:/UEProjects/MO57/Plugins/MOFramework/Content/Characters/MetaHumans/Animations/AM_ChargedAttack.uexp" 2875
"D:/UEProjects/MO57/Content/Characters/Mannequins/Anims/Unarmed/Attack/MM_Attack_01.uasset" 2876
"D:/UEProjects/MO57/Content/Characters/Mannequins/Anims/Unarmed/Attack/MM_Attack_01.uexp" 2877
"D:/UEProjects/MO57/Content/Characters/Mannequins/Anims/Unarmed/Attack/MM_Attack_02.uasset" 2878
"D:/UEProjects/MO57/Content/Characters/Mannequins/Anims/Unarmed/Attack/MM_Attack_02.uexp" 2879
"D:/UEProjects/MO57/Content/Characters/Mannequins/Anims/Unarmed/Attack/MM_Attack_03.uasset" 2880
"D:/UEProjects/MO57/Content/Characters/Mannequins/Anims/Unarmed/Attack/MM_Attack_03.uexp" 2881
"D:/UEProjects/MO57/Plugins/MOFramework/Content/Characters/MetaHumans/Animations/MM_Attack_01.uasset" 2882
"D:/UEProjects/MO57/Plugins/MOFramework/Content/Characters/MetaHumans/Animations/MM_Attack_01.uexp" 2883
"D:/UEProjects/MO57/Plugins/MOFramework/Content/Characters/MetaHumans/Animations/MM_Attack_02.uasset" 2884
"D:/UEProjects/MO57/Plugins/MOFramework/Content/Characters/MetaHumans/Animations/MM_Attack_02.uexp" 2885
"D:/UEProjects/MO57/Plugins/MOFramework/Content/Characters/MetaHumans/Animations/MM_Attack_03.uasset" 2886
"D:/UEProjects/MO57/Plugins/MOFramework/Content/Characters/MetaHumans/Animations/MM_Attack_03.uexp" 2887
"D:/UEProjects/MO57/Plugins/MOFramework/Content/Characters/MetaHumans/Animations/AM_ComboAttack.uasset" 2888
"D:/UEProjects/MO57/Plugins/MOFramework/Content/Characters/MetaHumans/Animations/AM_ComboAttack.uexp" 2889
"D:/UEProjects/MO57/Content/Characters/Mannequins/Anims/Unarmed/Jump/MM_Dash.uasset" 2890
"D:/UEProjects/MO57/Content/Characters/Mannequins/Anims/Unarmed/Jump/MM_Dash.uexp" 2891
"D:/UEProjects/MO57/Plugins/MOFramework/Content/Characters/MetaHumans/Animations/MM_Dash.uasset" 2892
"D:/UEProjects/MO57/Plugins/MOFramework/Content/Characters/MetaHumans/Animations/MM_Dash.uexp" 2893
"D:/UEProjects/MO57/Plugins/MOFramework/Content/Characters/MetaHumans/Animations/AM_Dash.uasset" 2894
"D:/UEProjects/MO57/Plugins/MOFramework/Content/Characters/MetaHumans/Animations/AM_Dash.uexp" 2895
"D:/UEProjects/MO57/Plugins/MOFramework/Content/Characters/MetaHumans/Animations/MF_Pistol_Idle_ADS.uasset" 2896
"D:/UEProjects/MO57/Plugins/MOFramework/Content/Characters/MetaHumans/Animations/MF_Pistol_Idle_ADS.uexp" 2897
"D:/UEProjects/MO57/Plugins/MOFramework/Content/Characters/MetaHumans/Animations/MF_Pistol_Idle_ADS1.uasset" 2898
"D:/UEProjects/MO57/Plugins/MOFramework/Content/Characters/MetaHumans/Animations/MF_Pistol_Idle_ADS1.uexp" 2899
"D:/UEProjects/MO57/Plugins/MOFramework/Content/Characters/MetaHumans/Animations/MF_Pistol_Idle_ADS_AO_CD.uasset" 2900
"D:/UEProjects/MO57/Plugins/MOFramework/Content/Characters/MetaHumans/Animations/MF_Pistol_Idle_ADS_AO_CD.uexp" 2901
"D:/UEProjects/MO57/Plugins/MOFramework/Content/Characters/MetaHumans/Animations/MF_Pistol_Idle_ADS_AO_CU.uasset" 2902
"D:/UEProjects/MO57/Plugins/MOFramework/Content/Characters/MetaHumans/Animations/MF_Pistol_Idle_ADS_AO_CU.uexp" 2903
"D:/UEProjects/MO57/Plugins/MOFramework/Content/Characters/MetaHumans/Animations/AO_Pistol.uasset" 2904
"D:/UEProjects/MO57/Plugins/MOFramework/Content/Characters/MetaHumans/Animations/AO_Pistol.uexp" 2905
"D:/UEProjects/MO57/Plugins/MOFramework/Content/Characters/MetaHumans/Animations/MF_Rifle_Idle_ADS.uasset" 2906
"D:/UEProjects/MO57/Plugins/MOFramework/Content/Characters/MetaHumans/Animations/MF_Rifle_Idle_ADS.uexp" 2907
"D:/UEProjects/MO57/Plugins/MOFramework/Content/Characters/MetaHumans/Animations/MM_Rifle_Idle_ADS_AO_CC.uasset" 2908
"D:/UEProjects/MO57/Plugins/MOFramework/Content/Characters/MetaHumans/Animations/MM_Rifle_Idle_ADS_AO_CC.uexp" 2909
"D:/UEProjects/MO57/Plugins/MOFramework/Content/Characters/MetaHumans/Animations/MM_Rifle_Idle_ADS_AO_CD.uasset" 2910
"D:/UEProjects/MO57/Plugins/MOFramework/Content/Characters/MetaHumans/Animations/MM_Rifle_Idle_ADS_AO_CD.uexp" 2911
"D:/UEProjects/MO57/Plugins/MOFramework/Content/Characters/MetaHumans/Animations/MM_Rifle_Idle_ADS_AO_CU.uasset" 2912
"D:/UEProjects/MO57/Plugins/MOFramework/Content/Characters/MetaHumans/Animations/MM_Rifle_Idle_ADS_AO_CU.uexp" 2913
"D:/UEProjects/MO57/Plugins/MOFramework/Content/Characters/MetaHumans/Animations/AO_Rifle.uasset" 2914
"D:/UEProjects/MO57/Plugins/MOFramework/Content/Characters/MetaHumans/Animations/AO_Rifle.uexp" 2915
"../../../Engine/Content/EngineMaterials/Substrate/GLints/AGlintTex2dArray.uasset" 2916
"../../../Engine/Content/EngineMaterials/Substrate/GLints/AGlintTex2dArray.uexp" 2917
"D:/UEProjects/MO57/Plugins/MOFramework/Content/Characters/MetaHumans/Animations/MM_Death_Back_01.uasset" 2918
"D:/UEProjects/MO57/Plugins/MOFramework/Content/Characters/MetaHumans/Animations/MM_Death_Back_01.uexp" 2919
"D:/UEProjects/MO57/Content/UltraDynamicSky/Textures/Weather/Frost_Scatter.uasset" 2920
"D:/UEProjects/MO57/Content/UltraDynamicSky/Textures/Weather/Frost_Scatter.uexp" 2921
"D:/UEProjects/MO57/Content/Characters/Mannequins/Rigs/PA_Mannequin.uasset" 2922
"D:/UEProjects/MO57/Content/Characters/Mannequins/Rigs/PA_Mannequin.uexp" 2923
"D:/UEProjects/MO57/Content/Characters/Mannequins/Textures/Manny/T_Manny_01_BN.ubulk" 2924
"D:/UEProjects/MO57/Content/Characters/Mannequins/Textures/Manny/T_Manny_01_BN.uasset" 2925
"D:/UEProjects/MO57/Content/Characters/Mannequins/Textures/Manny/T_Manny_01_BN.uexp" 2926
"D:/UEProjects/MO57/Content/Characters/Mannequins/Textures/Manny/T_Manny_01_D.ubulk" 2927
"D:/UEProjects/MO57/Content/Characters/Mannequins/Textures/Manny/T_Manny_01_D.uasset" 2928
"D:/UEProjects/MO57/Content/Characters/Mannequins/Textures/Manny/T_Manny_01_D.uexp" 2929
"D:/UEProjects/MO57/Content/Characters/Mannequins/Textures/Manny/T_Manny_01_MRA.ubulk" 2930
"D:/UEProjects/MO57/Content/Characters/Mannequins/Textures/Manny/T_Manny_01_MRA.uasset" 2931
"D:/UEProjects/MO57/Content/Characters/Mannequins/Textures/Manny/T_Manny_01_MRA.uexp" 2932
"D:/UEProjects/MO57/Content/Characters/Mannequins/Textures/Shared/T_UE_Logo_M.uasset" 2933
"D:/UEProjects/MO57/Content/Characters/Mannequins/Textures/Shared/T_UE_Logo_M.uexp" 2934
"D:/UEProjects/MO57/Content/Characters/Mannequins/Materials/M_Mannequin.uasset" 2935
"D:/UEProjects/MO57/Content/Characters/Mannequins/Materials/M_Mannequin.uexp" 2936
"D:/UEProjects/MO57/Content/Characters/Mannequins/Materials/Manny/MI_Manny_01_New.uasset" 2937
"D:/UEProjects/MO57/Content/Characters/Mannequins/Materials/Manny/MI_Manny_01_New.uexp" 2938
"D:/UEProjects/MO57/Content/Characters/Mannequins/Textures/Manny/T_Manny_02_BN.ubulk" 2939
"D:/UEProjects/MO57/Content/Characters/Mannequins/Textures/Manny/T_Manny_02_BN.uasset" 2940
"D:/UEProjects/MO57/Content/Characters/Mannequins/Textures/Manny/T_Manny_02_BN.uexp" 2941
"D:/UEProjects/MO57/Content/Characters/Mannequins/Textures/Manny/T_Manny_02_D.ubulk" 2942
"D:/UEProjects/MO57/Content/Characters/Mannequins/Textures/Manny/T_Manny_02_D.uasset" 2943
"D:/UEProjects/MO57/Content/Characters/Mannequins/Textures/Manny/T_Manny_02_D.uexp" 2944
"D:/UEProjects/MO57/Content/Characters/Mannequins/Textures/Manny/T_Manny_02_MRA.ubulk" 2945
"D:/UEProjects/MO57/Content/Characters/Mannequins/Textures/Manny/T_Manny_02_MRA.uasset" 2946
"D:/UEProjects/MO57/Content/Characters/Mannequins/Textures/Manny/T_Manny_02_MRA.uexp" 2947
"D:/UEProjects/MO57/Content/Characters/Mannequins/Materials/Manny/MI_Manny_02_New.uasset" 2948
"D:/UEProjects/MO57/Content/Characters/Mannequins/Materials/Manny/MI_Manny_02_New.uexp" 2949
"D:/UEProjects/MO57/Content/Characters/Mannequins/Meshes/SKM_Manny_Simple.uasset" 2950
"D:/UEProjects/MO57/Content/Characters/Mannequins/Meshes/SKM_Manny_Simple.uexp" 2951
"D:/UEProjects/MO57/Plugins/MOFramework/Content/Characters/MetaHumans/Animations/MM_Death_Front_01.uasset" 2952
"D:/UEProjects/MO57/Plugins/MOFramework/Content/Characters/MetaHumans/Animations/MM_Death_Front_01.uexp" 2953
"D:/UEProjects/MO57/Plugins/MOFramework/Content/Characters/MetaHumans/Animations/MM_Death_Front_02.uasset" 2954
"D:/UEProjects/MO57/Plugins/MOFramework/Content/Characters/MetaHumans/Animations/MM_Death_Front_02.uexp" 2955
"D:/UEProjects/MO57/Plugins/MOFramework/Content/Characters/MetaHumans/Animations/MF_Pistol_Jog_Bwd.uasset" 2956
"D:/UEProjects/MO57/Plugins/MOFramework/Content/Characters/MetaHumans/Animations/MF_Pistol_Jog_Bwd.uexp" 2957
"D:/UEProjects/MO57/Plugins/MOFramework/Content/Characters/MetaHumans/Animations/MM_Death_Front_03.uasset" 2958
"D:/UEProjects/MO57/Plugins/MOFramework/Content/Characters/MetaHumans/Animations/MM_Death_Front_03.uexp" 2959
"D:/UEProjects/MO57/Plugins/MOFramework/Content/Characters/MetaHumans/Animations/MF_Pistol_Jog_Bwd_Left.uasset" 2960
"D:/UEProjects/MO57/Plugins/MOFramework/Content/Characters/MetaHumans/Animations/MF_Pistol_Jog_Bwd_Left.uexp" 2961
"D:/UEProjects/MO57/Plugins/MOFramework/Content/Characters/MetaHumans/Animations/MM_Death_Left_01.uasset" 2962
"D:/UEProjects/MO57/Plugins/MOFramework/Content/Characters/MetaHumans/Animations/MM_Death_Left_01.uexp" 2963
"D:/UEProjects/MO57/Plugins/MOFramework/Content/Characters/MetaHumans/Animations/MF_Pistol_Jog_Bwd_Right.uasset" 2964
"D:/UEProjects/MO57/Plugins/MOFramework/Content/Characters/MetaHumans/Animations/MF_Pistol_Jog_Bwd_Right.uexp" 2965
"D:/UEProjects/MO57/Plugins/MOFramework/Content/Characters/MetaHumans/Animations/MM_Death_Right_01.uasset" 2966
"D:/UEProjects/MO57/Plugins/MOFramework/Content/Characters/MetaHumans/Animations/MM_Death_Right_01.uexp" 2967
"D:/UEProjects/MO57/Content/UltraDynamicSky/Textures/Weather/Snow_Normal.ubulk" 2968
"D:/UEProjects/MO57/Content/UltraDynamicSky/Textures/Weather/Snow_Normal.uasset" 2969
"D:/UEProjects/MO57/Content/UltraDynamicSky/Textures/Weather/Snow_Normal.uexp" 2970
"D:/UEProjects/MO57/Plugins/MOFramework/Content/Characters/MetaHumans/Animations/MF_Pistol_Jog_Fwd.uasset" 2971
"D:/UEProjects/MO57/Plugins/MOFramework/Content/Characters/MetaHumans/Animations/MF_Pistol_Jog_Fwd.uexp" 2972
"D:/UEProjects/MO57/Plugins/MOFramework/Content/Characters/MetaHumans/Animations/MM_HitReact_Back_Med_01.uasset" 2973
"D:/UEProjects/MO57/Plugins/MOFramework/Content/Characters/MetaHumans/Animations/MM_HitReact_Back_Med_01.uexp" 2974
"D:/UEProjects/MO57/Plugins/MOFramework/Content/Characters/MetaHumans/Animations/MF_Pistol_Jog_Fwd_Left.uasset" 2975
"D:/UEProjects/MO57/Plugins/MOFramework/Content/Characters/MetaHumans/Animations/MF_Pistol_Jog_Fwd_Left.uexp" 2976
"D:/UEProjects/MO57/Plugins/MOFramework/Content/Characters/MetaHumans/Animations/MM_HitReact_Front_Hvy_01.uasset" 2977
"D:/UEProjects/MO57/Plugins/MOFramework/Content/Characters/MetaHumans/Animations/MM_HitReact_Front_Hvy_01.uexp" 2978
"D:/UEProjects/MO57/Plugins/MOFramework/Content/Characters/MetaHumans/Animations/MF_Pistol_Jog_Fwd_Right.uasset" 2979
"D:/UEProjects/MO57/Plugins/MOFramework/Content/Characters/MetaHumans/Animations/MF_Pistol_Jog_Fwd_Right.uexp" 2980
"D:/UEProjects/MO57/Plugins/MOFramework/Content/Characters/MetaHumans/Animations/MM_HitReact_Front_Lgt_01.uasset" 2981
"D:/UEProjects/MO57/Plugins/MOFramework/Content/Characters/MetaHumans/Animations/MM_HitReact_Front_Lgt_01.uexp" 2982
"D:/UEProjects/MO57/Plugins/MOFramework/Content/Characters/MetaHumans/Animations/MF_Pistol_Jog_Left.uasset" 2983
"D:/UEProjects/MO57/Plugins/MOFramework/Content/Characters/MetaHumans/Animations/MF_Pistol_Jog_Left.uexp" 2984
"D:/UEProjects/MO57/Plugins/MOFramework/Content/Characters/MetaHumans/Animations/MM_HitReact_Front_Lgt_02.uasset" 2985
"D:/UEProjects/MO57/Plugins/MOFramework/Content/Characters/MetaHumans/Animations/MM_HitReact_Front_Lgt_02.uexp" 2986
"D:/UEProjects/MO57/Plugins/MOFramework/Content/Characters/MetaHumans/Animations/MM_HitReact_Front_Lgt_03.uasset" 2987
"D:/UEProjects/MO57/Plugins/MOFramework/Content/Characters/MetaHumans/Animations/MM_HitReact_Front_Lgt_03.uexp" 2988
"D:/UEProjects/MO57/Plugins/MOFramework/Content/Characters/MetaHumans/Animations/MF_Pistol_Jog_Right.uasset" 2989
"D:/UEProjects/MO57/Plugins/MOFramework/Content/Characters/MetaHumans/Animations/MF_Pistol_Jog_Right.uexp" 2990
"D:/UEProjects/MO57/Plugins/MOFramework/Content/Characters/MetaHumans/Animations/MM_HitReact_Front_Lgt_04.uasset" 2991
"D:/UEProjects/MO57/Plugins/MOFramework/Content/Characters/MetaHumans/Animations/MM_HitReact_Front_Lgt_04.uexp" 2992
"D:/UEProjects/MO57/Plugins/MOFramework/Content/Characters/MetaHumans/Animations/MF_Pistol_Walk_Bwd.uasset" 2993
"D:/UEProjects/MO57/Plugins/MOFramework/Content/Characters/MetaHumans/Animations/MF_Pistol_Walk_Bwd.uexp" 2994
"D:/UEProjects/MO57/Plugins/MOFramework/Content/Characters/MetaHumans/Animations/MM_HitReact_Front_Med_01.uasset" 2995
"D:/UEProjects/MO57/Plugins/MOFramework/Content/Characters/MetaHumans/Animations/MM_HitReact_Front_Med_01.uexp" 2996
"D:/UEProjects/MO57/Plugins/MOFramework/Content/Characters/MetaHumans/Animations/MF_Pistol_Walk_Bwd_Left.uasset" 2997
"D:/UEProjects/MO57/Plugins/MOFramework/Content/Characters/MetaHumans/Animations/MF_Pistol_Walk_Bwd_Left.uexp" 2998
"D:/UEProjects/MO57/Plugins/MOFramework/Content/Characters/MetaHumans/Animations/MM_HitReact_Front_Med_02.uasset" 2999
"D:/UEProjects/MO57/Plugins/MOFramework/Content/Characters/MetaHumans/Animations/MM_HitReact_Front_Med_02.uexp" 3000
"D:/UEProjects/MO57/Plugins/MOFramework/Content/Characters/MetaHumans/Animations/MF_Pistol_Walk_Bwd_Right.uasset" 3001
"D:/UEProjects/MO57/Plugins/MOFramework/Content/Characters/MetaHumans/Animations/MF_Pistol_Walk_Bwd_Right.uexp" 3002
"D:/UEProjects/MO57/Plugins/MOFramework/Content/Characters/MetaHumans/Animations/MF_Pistol_Walk_Fwd.uasset" 3003
"D:/UEProjects/MO57/Plugins/MOFramework/Content/Characters/MetaHumans/Animations/MF_Pistol_Walk_Fwd.uexp" 3004
"D:/UEProjects/MO57/Plugins/MOFramework/Content/Characters/MetaHumans/Animations/MF_Pistol_Walk_Fwd_Left.uasset" 3005
"D:/UEProjects/MO57/Plugins/MOFramework/Content/Characters/MetaHumans/Animations/MF_Pistol_Walk_Fwd_Left.uexp" 3006
"D:/UEProjects/MO57/Plugins/MOFramework/Content/Characters/MetaHumans/Animations/MM_Pistol_DryFire.uasset" 3007
"D:/UEProjects/MO57/Plugins/MOFramework/Content/Characters/MetaHumans/Animations/MM_Pistol_DryFire.uexp" 3008
"D:/UEProjects/MO57/Plugins/MOFramework/Content/Characters/MetaHumans/Animations/MF_Pistol_Walk_Fwd_Right.uasset" 3009
"D:/UEProjects/MO57/Plugins/MOFramework/Content/Characters/MetaHumans/Animations/MF_Pistol_Walk_Fwd_Right.uexp" 3010
"D:/UEProjects/MO57/Plugins/MOFramework/Content/Characters/MetaHumans/Animations/MM_Pistol_Equip.uasset" 3011
"D:/UEProjects/MO57/Plugins/MOFramework/Content/Characters/MetaHumans/Animations/MM_Pistol_Equip.uexp" 3012
"D:/UEProjects/MO57/Plugins/MOFramework/Content/Characters/MetaHumans/Animations/MF_Pistol_Walk_Left.uasset" 3013
"D:/UEProjects/MO57/Plugins/MOFramework/Content/Characters/MetaHumans/Animations/MF_Pistol_Walk_Left.uexp" 3014
"D:/UEProjects/MO57/Plugins/MOFramework/Content/Characters/MetaHumans/Animations/MF_Pistol_Walk_Right.uasset" 3015
"D:/UEProjects/MO57/Plugins/MOFramework/Content/Characters/MetaHumans/Animations/MF_Pistol_Walk_Right.uexp" 3016
"D:/UEProjects/MO57/Plugins/MOFramework/Content/Characters/MetaHumans/Animations/MM_Pistol_Fire.uasset" 3017
"D:/UEProjects/MO57/Plugins/MOFramework/Content/Characters/MetaHumans/Animations/MM_Pistol_Fire.uexp" 3018
"D:/UEProjects/MO57/Content/Characters/Mannequins/Anims/Pistol/MM_Pistol_Fire.uasset" 3019
"D:/UEProjects/MO57/Content/Characters/Mannequins/Anims/Pistol/MM_Pistol_Fire.uexp" 3020
"D:/UEProjects/MO57/Plugins/MOFramework/Content/Characters/MetaHumans/Animations/MM_Pistol_Fire_Montage.uasset" 3021
"D:/UEProjects/MO57/Plugins/MOFramework/Content/Characters/MetaHumans/Animations/MM_Pistol_Fire_Montage.uexp" 3022
"D:/UEProjects/MO57/Content/MetaHumans/Common/Face/Face_Archetype_Skeleton.uasset" 3023
"D:/UEProjects/MO57/Content/MetaHumans/Common/Face/Face_Archetype_Skeleton.uexp" 3024
"D:/UEProjects/MO57/Content/MetaHumans/Common/Face/PHYS_Face.uasset" 3025
"D:/UEProjects/MO57/Content/MetaHumans/Common/Face/PHYS_Face.uexp" 3026
"D:/UEProjects/MO57/Content/MetaHumans/Common/Textures/T_Gray_Eyes_D.ubulk" 3027
"D:/UEProjects/MO57/Content/MetaHumans/Common/Textures/T_Gray_Eyes_D.uasset" 3028
"D:/UEProjects/MO57/Content/MetaHumans/Common/Textures/T_Gray_Eyes_D.uexp" 3029
"D:/UEProjects/MO57/Content/MetaHumans/Common/Materials/M_GrayTexture_Eyes.uasset" 3030
"D:/UEProjects/MO57/Content/MetaHumans/Common/Materials/M_GrayTexture_Eyes.uexp" 3031
"D:/UEProjects/MO57/Content/MetaHumans/Common/Textures/T_Gray_N.uasset" 3032
"D:/UEProjects/MO57/Content/MetaHumans/Common/Textures/T_Gray_N.uexp" 3033
"D:/UEProjects/MO57/Content/MetaHumans/Common/Materials/MF_GrayNormal.uasset" 3034
"D:/UEProjects/MO57/Content/MetaHumans/Common/Materials/MF_GrayNormal.uexp" 3035
"D:/UEProjects/MO57/Content/MetaHumans/Common/Textures/T_Gray_Head_D.ubulk" 3036
"D:/UEProjects/MO57/Content/MetaHumans/Common/Textures/T_Gray_Head_D.uasset" 3037
"D:/UEProjects/MO57/Content/MetaHumans/Common/Textures/T_Gray_Head_D.uexp" 3038
"D:/UEProjects/MO57/Content/MetaHumans/Common/Materials/M_GrayTexture_Head.uasset" 3039
"D:/UEProjects/MO57/Content/MetaHumans/Common/Materials/M_GrayTexture_Head.uexp" 3040
"D:/UEProjects/MO57/Content/MetaHumans/Common/Textures/T_Gray_Teeth_D.ubulk" 3041
"D:/UEProjects/MO57/Content/MetaHumans/Common/Textures/T_Gray_Teeth_D.uasset" 3042
"D:/UEProjects/MO57/Content/MetaHumans/Common/Textures/T_Gray_Teeth_D.uexp" 3043
"D:/UEProjects/MO57/Content/MetaHumans/Common/Materials/M_GrayTexture_Teeth.uasset" 3044
"D:/UEProjects/MO57/Content/MetaHumans/Common/Materials/M_GrayTexture_Teeth.uexp" 3045
"D:/UEProjects/MO57/Content/MetaHumans/Common/Materials/M_Hide.uasset" 3046
"D:/UEProjects/MO57/Content/MetaHumans/Common/Materials/M_Hide.uexp" 3047
"D:/UEProjects/MO57/Content/MetaHumans/Common/Face/SKM_Face.uasset" 3048
"D:/UEProjects/MO57/Content/MetaHumans/Common/Face/SKM_Face.uexp" 3049
"D:/UEProjects/MO57/Plugins/MOFramework/Content/Characters/MetaHumans/Animations/MM_Pistol_Jump_Fall_Loop.uasset" 3050
"D:/UEProjects/MO57/Plugins/MOFramework/Content/Characters/MetaHumans/Animations/MM_Pistol_Jump_Fall_Loop.uexp" 3051
"D:/UEProjects/MO57/Plugins/MOFramework/Content/Characters/MetaHumans/Animations/MM_Pistol_Jump_RecoveryAdditive.uasset" 3052
"D:/UEProjects/MO57/Plugins/MOFramework/Content/Characters/MetaHumans/Animations/MM_Pistol_Jump_RecoveryAdditive.uexp" 3053
"D:/UEProjects/MO57/Plugins/MOFramework/Content/Characters/MetaHumans/Animations/MF_Rifle_Jog_Bwd.uasset" 3054
"D:/UEProjects/MO57/Plugins/MOFramework/Content/Characters/MetaHumans/Animations/MF_Rifle_Jog_Bwd.uexp" 3055
"D:/UEProjects/MO57/Plugins/MOFramework/Content/Characters/MetaHumans/Animations/MM_Pistol_Jump_Start.uasset" 3056
"D:/UEProjects/MO57/Plugins/MOFramework/Content/Characters/MetaHumans/Animations/MM_Pistol_Jump_Start.uexp" 3057
"D:/UEProjects/MO57/Plugins/MOFramework/Content/Characters/MetaHumans/Animations/MF_Rifle_Jog_Bwd_Left.uasset" 3058
"D:/UEProjects/MO57/Plugins/MOFramework/Content/Characters/MetaHumans/Animations/MF_Rifle_Jog_Bwd_Left.uexp" 3059
"D:/UEProjects/MO57/Plugins/MOFramework/Content/Characters/MetaHumans/Animations/MM_Pistol_Reload.uasset" 3060
"D:/UEProjects/MO57/Plugins/MOFramework/Content/Characters/MetaHumans/Animations/MM_Pistol_Reload.uexp" 3061
"D:/UEProjects/MO57/Plugins/MOFramework/Content/Characters/MetaHumans/Animations/MM_Rifle_DryFire.uasset" 3062
"D:/UEProjects/MO57/Plugins/MOFramework/Content/Characters/MetaHumans/Animations/MM_Rifle_DryFire.uexp" 3063
"D:/UEProjects/MO57/Plugins/MOFramework/Content/Characters/MetaHumans/Animations/MF_Rifle_Jog_Bwd_Right.uasset" 3064
"D:/UEProjects/MO57/Plugins/MOFramework/Content/Characters/MetaHumans/Animations/MF_Rifle_Jog_Bwd_Right.uexp" 3065
"D:/UEProjects/MO57/Plugins/MOFramework/Content/Characters/MetaHumans/Animations/MM_Rifle_Equip.uasset" 3066
"D:/UEProjects/MO57/Plugins/MOFramework/Content/Characters/MetaHumans/Animations/MM_Rifle_Equip.uexp" 3067
"D:/UEProjects/MO57/Plugins/MOFramework/Content/Characters/MetaHumans/Animations/MF_Rifle_Jog_Fwd.uasset" 3068
"D:/UEProjects/MO57/Plugins/MOFramework/Content/Characters/MetaHumans/Animations/MF_Rifle_Jog_Fwd.uexp" 3069
"D:/UEProjects/MO57/Plugins/MOFramework/Content/Characters/MetaHumans/Animations/MM_Rifle_Fire.uasset" 3070
"D:/UEProjects/MO57/Plugins/MOFramework/Content/Characters/MetaHumans/Animations/MM_Rifle_Fire.uexp" 3071
"D:/UEProjects/MO57/Plugins/MOFramework/Content/Characters/MetaHumans/Animations/MF_Rifle_Jog_Fwd_Left.uasset" 3072
"D:/UEProjects/MO57/Plugins/MOFramework/Content/Characters/MetaHumans/Animations/MF_Rifle_Jog_Fwd_Left.uexp" 3073
"D:/UEProjects/MO57/Plugins/MOFramework/Content/Characters/MetaHumans/Animations/MF_Rifle_Jog_Fwd_Right.uasset" 3074
"D:/UEProjects/MO57/Plugins/MOFramework/Content/Characters/MetaHumans/Animations/MF_Rifle_Jog_Fwd_Right.uexp" 3075
"D:/UEProjects/MO57/Plugins/MOFramework/Content/Characters/MetaHumans/Animations/MM_Rifle_Jump_Apex.uasset" 3076
"D:/UEProjects/MO57/Plugins/MOFramework/Content/Characters/MetaHumans/Animations/MM_Rifle_Jump_Apex.uexp" 3077
"D:/UEProjects/MO57/Plugins/MOFramework/Content/Characters/MetaHumans/Animations/MM_Rifle_Jump_Fall_Land.uasset" 3078
"D:/UEProjects/MO57/Plugins/MOFramework/Content/Characters/MetaHumans/Animations/MM_Rifle_Jump_Fall_Land.uexp" 3079
"D:/UEProjects/MO57/Plugins/MOFramework/Content/Characters/MetaHumans/Animations/MM_Rifle_Jump_Fall_Loop.uasset" 3080
"D:/UEProjects/MO57/Plugins/MOFramework/Content/Characters/MetaHumans/Animations/MM_Rifle_Jump_Fall_Loop.uexp" 3081
"D:/UEProjects/MO57/Plugins/MOFramework/Content/Characters/MetaHumans/Animations/MM_Rifle_Jump_RecoveryAdditive.uasset" 3082
"D:/UEProjects/MO57/Plugins/MOFramework/Content/Characters/MetaHumans/Animations/MM_Rifle_Jump_RecoveryAdditive.uexp" 3083
"D:/UEProjects/MO57/Plugins/MOFramework/Content/Characters/MetaHumans/Animations/MM_Rifle_Jump_Start.uasset" 3084
"D:/UEProjects/MO57/Plugins/MOFramework/Content/Characters/MetaHumans/Animations/MM_Rifle_Jump_Start.uexp" 3085
"D:/UEProjects/MO57/Plugins/MOFramework/Content/Characters/MetaHumans/Animations/MM_Rifle_Jump_Start_Loop.uasset" 3086
"D:/UEProjects/MO57/Plugins/MOFramework/Content/Characters/MetaHumans/Animations/MM_Rifle_Jump_Start_Loop.uexp" 3087
"D:/UEProjects/MO57/Plugins/MOFramework/Content/Characters/MetaHumans/Animations/MM_Rifle_Reload.uasset" 3088
"D:/UEProjects/MO57/Plugins/MOFramework/Content/Characters/MetaHumans/Animations/MM_Rifle_Reload.uexp" 3089
"../../../Engine/Plugins/Interchange/Assets/Content/gltf/MaterialInstances/MI_Default_Opaque_DS.uasset" 3090
"../../../Engine/Plugins/Interchange/Assets/Content/gltf/MaterialInstances/MI_Default_Opaque_DS.uexp" 3091
"D:/UEProjects/MO57/Plugins/MOFramework/Content/Items/FlintFlake01/StoneTool4/stone_age_tools_texture_6.ubulk" 3092
"D:/UEProjects/MO57/Plugins/MOFramework/Content/Items/FlintFlake01/StoneTool4/stone_age_tools_texture_6.uasset" 3093
"D:/UEProjects/MO57/Plugins/MOFramework/Content/Items/FlintFlake01/StoneTool4/stone_age_tools_texture_6.uexp" 3094
"D:/UEProjects/MO57/Plugins/MOFramework/Content/Items/FlintFlake01/StoneTool4/stone_age_tools_texture_7.ubulk" 3095
"D:/UEProjects/MO57/Plugins/MOFramework/Content/Items/FlintFlake01/StoneTool4/stone_age_tools_texture_7.uasset" 3096
"D:/UEProjects/MO57/Plugins/MOFramework/Content/Items/FlintFlake01/StoneTool4/stone_age_tools_texture_7.uexp" 3097
"D:/UEProjects/MO57/Plugins/MOFramework/Content/Items/FlintFlake01/StoneTool4/M_StoneTool4.uasset" 3098
"D:/UEProjects/MO57/Plugins/MOFramework/Content/Items/FlintFlake01/StoneTool4/M_StoneTool4.uexp" 3099
"D:/UEProjects/MO57/Plugins/MOFramework/Content/Items/FlintFlake01/StoneTool4/stone_tool_4.ubulk" 3100
"D:/UEProjects/MO57/Plugins/MOFramework/Content/Items/FlintFlake01/StoneTool4/stone_tool_4.uasset" 3101
"D:/UEProjects/MO57/Plugins/MOFramework/Content/Items/FlintFlake01/StoneTool4/stone_tool_4.uexp" 3102
"D:/UEProjects/MO57/Plugins/MOFramework/Content/Items/FlintNodule01/stone_tool_6/stone_age_tools_texture_10.ubulk" 3103
"D:/UEProjects/MO57/Plugins/MOFramework/Content/Items/FlintNodule01/stone_tool_6/stone_age_tools_texture_10.uasset" 3104
"D:/UEProjects/MO57/Plugins/MOFramework/Content/Items/FlintNodule01/stone_tool_6/stone_age_tools_texture_10.uexp" 3105
"D:/UEProjects/MO57/Plugins/MOFramework/Content/Items/FlintNodule01/stone_tool_6/stone_age_tools_texture_11.ubulk" 3106
"D:/UEProjects/MO57/Plugins/MOFramework/Content/Items/FlintNodule01/stone_tool_6/stone_age_tools_texture_11.uasset" 3107
"D:/UEProjects/MO57/Plugins/MOFramework/Content/Items/FlintNodule01/stone_tool_6/stone_age_tools_texture_11.uexp" 3108
"D:/UEProjects/MO57/Plugins/MOFramework/Content/Items/FlintNodule01/stone_tool_6/M_StoneTool6.uasset" 3109
"D:/UEProjects/MO57/Plugins/MOFramework/Content/Items/FlintNodule01/stone_tool_6/M_StoneTool6.uexp" 3110
"D:/UEProjects/MO57/Plugins/MOFramework/Content/Items/FlintNodule01/stone_tool_6/stone_tool_6.ubulk" 3111
"D:/UEProjects/MO57/Plugins/MOFramework/Content/Items/FlintNodule01/stone_tool_6/stone_tool_6.uasset" 3112
"D:/UEProjects/MO57/Plugins/MOFramework/Content/Items/FlintNodule01/stone_tool_6/stone_tool_6.uexp" 3113
"../../../Engine/Content/EngineMaterials/Substrate/Glints2/AGlintTex2dArray2.uasset" 3114
"../../../Engine/Content/EngineMaterials/Substrate/Glints2/AGlintTex2dArray2.uexp" 3115
"../../../Engine/Content/EngineMaterials/Substrate/Volume/SubstrateSimpleVolumeEnvLUT3D.uasset" 3116
"../../../Engine/Content/EngineMaterials/Substrate/Volume/SubstrateSimpleVolumeEnvLUT3D.uexp" 3117
"../../../Engine/Content/EngineMaterials/Substrate/Volume/SubstrateSimpleVolumeLUT3D.uasset" 3118
"../../../Engine/Content/EngineMaterials/Substrate/Volume/SubstrateSimpleVolumeLUT3D.uexp" 3119
"../../../Engine/Content/Functions/Engine_MaterialFunctions01/Shading/ConvertFromDiffSpec.uasset" 3120
"../../../Engine/Content/Functions/Engine_MaterialFunctions01/Shading/ConvertFromDiffSpec.uexp" 3121
"../../../Engine/Content/Functions/Engine_MaterialFunctions01/Shading/PowerToRoughness.uasset" 3122
"../../../Engine/Content/Functions/Engine_MaterialFunctions01/Shading/PowerToRoughness.uexp" 3123
"D:/UEProjects/MO57/Content/CommonHazel/Materials/Impostor/MAI_Impostor_CommonHazel.uasset" 3124
"D:/UEProjects/MO57/Content/CommonHazel/Materials/Impostor/MAI_Impostor_CommonHazel.uexp" 3125
"D:/UEProjects/MO57/Content/CommonHazel/Textures/Impostor/Field/Field_03/T_Impostor_BaseColor_Field_03_Summer.uasset" 3126
"D:/UEProjects/MO57/Content/CommonHazel/Textures/Impostor/Field/Field_03/T_Impostor_BaseColor_Field_03_Summer.uexp" 3127
"D:/UEProjects/MO57/Content/CommonHazel/Textures/Impostor/Field/Field_03/T_Impostor_BaseColor_Field_03_Winter.uasset" 3128
"D:/UEProjects/MO57/Content/CommonHazel/Textures/Impostor/Field/Field_03/T_Impostor_BaseColor_Field_03_Winter.uexp" 3129
"D:/UEProjects/MO57/Content/CommonHazel/Textures/Impostor/Field/Field_03/T_Impostor_Normal_Field_03_Summer.ubulk" 3130
"D:/UEProjects/MO57/Content/CommonHazel/Textures/Impostor/Field/Field_03/T_Impostor_Normal_Field_03_Summer.uasset" 3131
"D:/UEProjects/MO57/Content/CommonHazel/Textures/Impostor/Field/Field_03/T_Impostor_Normal_Field_03_Summer.uexp" 3132
"D:/UEProjects/MO57/Content/CommonHazel/Textures/Impostor/Field/Field_03/T_Impostor_Normal_Field_03_Winter.ubulk" 3133
"D:/UEProjects/MO57/Content/CommonHazel/Textures/Impostor/Field/Field_03/T_Impostor_Normal_Field_03_Winter.uasset" 3134
"D:/UEProjects/MO57/Content/CommonHazel/Textures/Impostor/Field/Field_03/T_Impostor_Normal_Field_03_Winter.uexp" 3135
"D:/UEProjects/MO57/Content/CommonHazel/Materials/Impostor/MI_Impostor_Field_03.uasset" 3136
"D:/UEProjects/MO57/Content/CommonHazel/Materials/Impostor/MI_Impostor_Field_03.uexp" 3137
"D:/UEProjects/MO57/Content/CommonHazel/Textures/Tileable/T_CommonHazel_Albedo.uexp" 3138
"D:/UEProjects/MO57/Content/CommonHazel/Textures/Tileable/T_CommonHazel_Albedo.ubulk" 3139
"D:/UEProjects/MO57/Content/CommonHazel/Textures/Tileable/T_CommonHazel_Albedo.uasset" 3140
"D:/UEProjects/MO57/Content/CommonHazel/Textures/Tileable/T_CommonHazel_Albedo.uptnl" 3141
"D:/UEProjects/MO57/Content/CommonHazel/Textures/Tileable/T_CommonHazel_Mask.uexp" 3142
"D:/UEProjects/MO57/Content/CommonHazel/Textures/Tileable/T_CommonHazel_Mask.ubulk" 3143
"D:/UEProjects/MO57/Content/CommonHazel/Textures/Tileable/T_CommonHazel_Mask.uasset" 3144
"D:/UEProjects/MO57/Content/CommonHazel/Textures/Tileable/T_CommonHazel_Mask.uptnl" 3145
"D:/UEProjects/MO57/Content/CommonHazel/Textures/Tileable/T_CommonHazel_Normal.uexp" 3146
"D:/UEProjects/MO57/Content/CommonHazel/Textures/Tileable/T_CommonHazel_Normal.ubulk" 3147
"D:/UEProjects/MO57/Content/CommonHazel/Textures/Tileable/T_CommonHazel_Normal.uasset" 3148
"D:/UEProjects/MO57/Content/CommonHazel/Textures/Tileable/T_CommonHazel_Normal.uptnl" 3149
"D:/UEProjects/MO57/Content/CommonHazel/Textures/PivotPainter/Field/T_CommonHazel_Field_03_DirLen.uasset" 3150
"D:/UEProjects/MO57/Content/CommonHazel/Textures/PivotPainter/Field/T_CommonHazel_Field_03_DirLen.uexp" 3151
"D:/UEProjects/MO57/Content/CommonHazel/Textures/PivotPainter/Field/T_CommonHazel_Field_03_PosParent.uasset" 3152
"D:/UEProjects/MO57/Content/CommonHazel/Textures/PivotPainter/Field/T_CommonHazel_Field_03_PosParent.uexp" 3153
"D:/UEProjects/MO57/Content/CommonHazel/Materials/PivotPainter/Field/Field_03/MAI_CommonHazel_Field_03.uasset" 3154
"D:/UEProjects/MO57/Content/CommonHazel/Materials/PivotPainter/Field/Field_03/MAI_CommonHazel_Field_03.uexp" 3155
"D:/UEProjects/MO57/Content/CommonHazel/Materials/PivotPainter/Field/Field_03/MI_EuropeanHazel_Field_03_Tileable.uasset" 3156
"D:/UEProjects/MO57/Content/CommonHazel/Materials/PivotPainter/Field/Field_03/MI_EuropeanHazel_Field_03_Tileable.uexp" 3157
"D:/UEProjects/MO57/Content/CommonHazel/Textures/Twosided/Summer/T_CommonHazel_Twosided_Summer_Albedo.uexp" 3158
"D:/UEProjects/MO57/Content/CommonHazel/Textures/Twosided/Summer/T_CommonHazel_Twosided_Summer_Albedo.ubulk" 3159
"D:/UEProjects/MO57/Content/CommonHazel/Textures/Twosided/Summer/T_CommonHazel_Twosided_Summer_Albedo.uasset" 3160
"D:/UEProjects/MO57/Content/CommonHazel/Textures/Twosided/Summer/T_CommonHazel_Twosided_Summer_Albedo.uptnl" 3161
"D:/UEProjects/MO57/Content/CommonHazel/Textures/Twosided/Summer/T_CommonHazel_Twosided_Summer_Mask.ubulk" 3162
"D:/UEProjects/MO57/Content/CommonHazel/Textures/Twosided/Summer/T_CommonHazel_Twosided_Summer_Mask.uasset" 3163
"D:/UEProjects/MO57/Content/CommonHazel/Textures/Twosided/Summer/T_CommonHazel_Twosided_Summer_Mask.uexp" 3164
"D:/UEProjects/MO57/Content/CommonHazel/Textures/Twosided/Summer/T_CommonHazel_Twosided_Summer_Normal.ubulk" 3165
"D:/UEProjects/MO57/Content/CommonHazel/Textures/Twosided/Summer/T_CommonHazel_Twosided_Summer_Normal.uasset" 3166
"D:/UEProjects/MO57/Content/CommonHazel/Textures/Twosided/Summer/T_CommonHazel_Twosided_Summer_Normal.uexp" 3167
"D:/UEProjects/MO57/Content/CommonHazel/Textures/Twosided/Winter/T_CommonHazel_Twosided_Winter_Albedo.uexp" 3168
"D:/UEProjects/MO57/Content/CommonHazel/Textures/Twosided/Winter/T_CommonHazel_Twosided_Winter_Albedo.ubulk" 3169
"D:/UEProjects/MO57/Content/CommonHazel/Textures/Twosided/Winter/T_CommonHazel_Twosided_Winter_Albedo.uasset" 3170
"D:/UEProjects/MO57/Content/CommonHazel/Textures/Twosided/Winter/T_CommonHazel_Twosided_Winter_Albedo.uptnl" 3171
"D:/UEProjects/MO57/Content/CommonHazel/Textures/Twosided/Winter/T_CommonHazel_Twosided_Winter_Mask.ubulk" 3172
"D:/UEProjects/MO57/Content/CommonHazel/Textures/Twosided/Winter/T_CommonHazel_Twosided_Winter_Mask.uasset" 3173
"D:/UEProjects/MO57/Content/CommonHazel/Textures/Twosided/Winter/T_CommonHazel_Twosided_Winter_Mask.uexp" 3174
"D:/UEProjects/MO57/Content/CommonHazel/Textures/Twosided/Winter/T_CommonHazel_Twosided_Winter_Normal.ubulk" 3175
"D:/UEProjects/MO57/Content/CommonHazel/Textures/Twosided/Winter/T_CommonHazel_Twosided_Winter_Normal.uasset" 3176
"D:/UEProjects/MO57/Content/CommonHazel/Textures/Twosided/Winter/T_CommonHazel_Twosided_Winter_Normal.uexp" 3177
"D:/UEProjects/MO57/Content/CommonHazel/Materials/PivotPainter/Field/Field_03/MI_EuropeanHazel_Field_03_TwoSided.uasset" 3178
"D:/UEProjects/MO57/Content/CommonHazel/Materials/PivotPainter/Field/Field_03/MI_EuropeanHazel_Field_03_TwoSided.uexp" 3179
"D:/UEProjects/MO57/Content/CommonHazel/Geometry/PivotPainter/SM_CommonHazel_Field_03_PP.ubulk" 3180
"D:/UEProjects/MO57/Content/CommonHazel/Geometry/PivotPainter/SM_CommonHazel_Field_03_PP.uasset" 3181
"D:/UEProjects/MO57/Content/CommonHazel/Geometry/PivotPainter/SM_CommonHazel_Field_03_PP.uexp" 3182
"D:/UEProjects/MO57/Content/CommonHazel/Textures/Impostor/Forest/Forest_03/T_Impostor_BaseColor_Forest_03_Summer.uasset" 3183
"D:/UEProjects/MO57/Content/CommonHazel/Textures/Impostor/Forest/Forest_03/T_Impostor_BaseColor_Forest_03_Summer.uexp" 3184
"D:/UEProjects/MO57/Content/CommonHazel/Textures/Impostor/Forest/Forest_03/T_Impostor_BaseColor_Forest_03_Winter.uasset" 3185
"D:/UEProjects/MO57/Content/CommonHazel/Textures/Impostor/Forest/Forest_03/T_Impostor_BaseColor_Forest_03_Winter.uexp" 3186
"D:/UEProjects/MO57/Content/CommonHazel/Textures/Impostor/Forest/Forest_03/T_Impostor_Normal_Forest_01_Summer.ubulk" 3187
"D:/UEProjects/MO57/Content/CommonHazel/Textures/Impostor/Forest/Forest_03/T_Impostor_Normal_Forest_01_Summer.uasset" 3188
"D:/UEProjects/MO57/Content/CommonHazel/Textures/Impostor/Forest/Forest_03/T_Impostor_Normal_Forest_01_Summer.uexp" 3189
"D:/UEProjects/MO57/Content/CommonHazel/Textures/Impostor/Forest/Forest_03/T_Impostor_Normal_Forest_01_Winter.ubulk" 3190
"D:/UEProjects/MO57/Content/CommonHazel/Textures/Impostor/Forest/Forest_03/T_Impostor_Normal_Forest_01_Winter.uasset" 3191
"D:/UEProjects/MO57/Content/CommonHazel/Textures/Impostor/Forest/Forest_03/T_Impostor_Normal_Forest_01_Winter.uexp" 3192
"D:/UEProjects/MO57/Content/CommonHazel/Materials/Impostor/MI_Impostor_Forest_03.uasset" 3193
"D:/UEProjects/MO57/Content/CommonHazel/Materials/Impostor/MI_Impostor_Forest_03.uexp" 3194
"D:/UEProjects/MO57/Content/CommonHazel/Textures/PivotPainter/Forest/T_CommonHazel_Forest_03_DirLen.uasset" 3195
"D:/UEProjects/MO57/Content/CommonHazel/Textures/PivotPainter/Forest/T_CommonHazel_Forest_03_DirLen.uexp" 3196
"D:/UEProjects/MO57/Content/CommonHazel/Textures/PivotPainter/Forest/T_CommonHazel_Forest_03_PosParent.uasset" 3197
"D:/UEProjects/MO57/Content/CommonHazel/Textures/PivotPainter/Forest/T_CommonHazel_Forest_03_PosParent.uexp" 3198
"D:/UEProjects/MO57/Content/CommonHazel/Materials/PivotPainter/Forest/Forest_03/MAI_CommonHazel_Forest_03.uasset" 3199
"D:/UEProjects/MO57/Content/CommonHazel/Materials/PivotPainter/Forest/Forest_03/MAI_CommonHazel_Forest_03.uexp" 3200
"D:/UEProjects/MO57/Content/CommonHazel/Materials/PivotPainter/Forest/Forest_03/MI_EuropeanHazel_Forest_03_Tileable.uasset" 3201
"D:/UEProjects/MO57/Content/CommonHazel/Materials/PivotPainter/Forest/Forest_03/MI_EuropeanHazel_Forest_03_Tileable.uexp" 3202
"D:/UEProjects/MO57/Content/CommonHazel/Materials/PivotPainter/Forest/Forest_03/MI_EuropeanHazel_Forest_03_TwoSided.uasset" 3203
"D:/UEProjects/MO57/Content/CommonHazel/Materials/PivotPainter/Forest/Forest_03/MI_EuropeanHazel_Forest_03_TwoSided.uexp" 3204
"D:/UEProjects/MO57/Content/CommonHazel/Geometry/PivotPainter/SM_CommonHazel_Forest_03_PP.ubulk" 3205
"D:/UEProjects/MO57/Content/CommonHazel/Geometry/PivotPainter/SM_CommonHazel_Forest_03_PP.uasset" 3206
"D:/UEProjects/MO57/Content/CommonHazel/Geometry/PivotPainter/SM_CommonHazel_Forest_03_PP.uexp" 3207
"D:/UEProjects/MO57/Content/CommonHazel/Textures/Impostor/Forest/Forest_04/T_Impostor_BaseColor_Forest_04_Summer.uasset" 3208
"D:/UEProjects/MO57/Content/CommonHazel/Textures/Impostor/Forest/Forest_04/T_Impostor_BaseColor_Forest_04_Summer.uexp" 3209
"D:/UEProjects/MO57/Content/CommonHazel/Textures/Impostor/Forest/Forest_04/T_Impostor_BaseColor_Forest_04_Winter.uasset" 3210
"D:/UEProjects/MO57/Content/CommonHazel/Textures/Impostor/Forest/Forest_04/T_Impostor_BaseColor_Forest_04_Winter.uexp" 3211
"D:/UEProjects/MO57/Content/CommonHazel/Textures/Impostor/Forest/Forest_04/T_Impostor_Normal_Forest_01_Summer.ubulk" 3212
"D:/UEProjects/MO57/Content/CommonHazel/Textures/Impostor/Forest/Forest_04/T_Impostor_Normal_Forest_01_Summer.uasset" 3213
"D:/UEProjects/MO57/Content/CommonHazel/Textures/Impostor/Forest/Forest_04/T_Impostor_Normal_Forest_01_Summer.uexp" 3214
"D:/UEProjects/MO57/Content/CommonHazel/Textures/Impostor/Forest/Forest_04/T_Impostor_Normal_Forest_01_Winter.ubulk" 3215
"D:/UEProjects/MO57/Content/CommonHazel/Textures/Impostor/Forest/Forest_04/T_Impostor_Normal_Forest_01_Winter.uasset" 3216
"D:/UEProjects/MO57/Content/CommonHazel/Textures/Impostor/Forest/Forest_04/T_Impostor_Normal_Forest_01_Winter.uexp" 3217
"D:/UEProjects/MO57/Content/CommonHazel/Materials/Impostor/MI_Impostor_Forest_04.uasset" 3218
"D:/UEProjects/MO57/Content/CommonHazel/Materials/Impostor/MI_Impostor_Forest_04.uexp" 3219
"D:/UEProjects/MO57/Content/CommonHazel/Textures/PivotPainter/Forest/T_CommonHazel_Forest_04_DirLen.uasset" 3220
"D:/UEProjects/MO57/Content/CommonHazel/Textures/PivotPainter/Forest/T_CommonHazel_Forest_04_DirLen.uexp" 3221
"D:/UEProjects/MO57/Content/CommonHazel/Textures/PivotPainter/Forest/T_CommonHazel_Forest_04_PosParent.uasset" 3222
"D:/UEProjects/MO57/Content/CommonHazel/Textures/PivotPainter/Forest/T_CommonHazel_Forest_04_PosParent.uexp" 3223
"D:/UEProjects/MO57/Content/CommonHazel/Materials/PivotPainter/Forest/Forest_04/MAI_CommonHazel_Forest_04.uasset" 3224
"D:/UEProjects/MO57/Content/CommonHazel/Materials/PivotPainter/Forest/Forest_04/MAI_CommonHazel_Forest_04.uexp" 3225
"D:/UEProjects/MO57/Content/CommonHazel/Materials/PivotPainter/Forest/Forest_04/MI_EuropeanHazel_Forest_04_Tileable.uasset" 3226
"D:/UEProjects/MO57/Content/CommonHazel/Materials/PivotPainter/Forest/Forest_04/MI_EuropeanHazel_Forest_04_Tileable.uexp" 3227
"D:/UEProjects/MO57/Content/CommonHazel/Materials/PivotPainter/Forest/Forest_04/MI_EuropeanHazel_Forest_04_TwoSided.uasset" 3228
"D:/UEProjects/MO57/Content/CommonHazel/Materials/PivotPainter/Forest/Forest_04/MI_EuropeanHazel_Forest_04_TwoSided.uexp" 3229
"D:/UEProjects/MO57/Content/CommonHazel/Geometry/PivotPainter/SM_CommonHazel_Forest_04_PP.ubulk" 3230
"D:/UEProjects/MO57/Content/CommonHazel/Geometry/PivotPainter/SM_CommonHazel_Forest_04_PP.uasset" 3231
"D:/UEProjects/MO57/Content/CommonHazel/Geometry/PivotPainter/SM_CommonHazel_Forest_04_PP.uexp" 3232
"D:/UEProjects/MO57/Content/UltraDynamicSky/Textures/Icons/Weather/Light_Snow.uasset" 3233
"D:/UEProjects/MO57/Content/UltraDynamicSky/Textures/Icons/Weather/Light_Snow.uexp" 3234
"D:/UEProjects/MO57/Content/UltraDynamicSky/Materials/Material_Functions/DLWE_PuddleMask.uasset" 3235
"D:/UEProjects/MO57/Content/UltraDynamicSky/Materials/Material_Functions/DLWE_PuddleMask.uexp" 3236
"D:/UEProjects/MO57/Content/UltraDynamicSky/Materials/Material_Functions/DLWE_VariationClouds.uasset" 3237
"D:/UEProjects/MO57/Content/UltraDynamicSky/Materials/Material_Functions/DLWE_VariationClouds.uexp" 3238
"D:/UEProjects/MO57/Content/UltraDynamicSky/Materials/Material_Functions/Sample_WOV_Target.uasset" 3239
"D:/UEProjects/MO57/Content/UltraDynamicSky/Materials/Material_Functions/Sample_WOV_Target.uexp" 3240
"D:/UEProjects/MO57/Content/UltraDynamicSky/Materials/Weather/Sample_UDW_Material_State.uasset" 3241
"D:/UEProjects/MO57/Content/UltraDynamicSky/Materials/Weather/Sample_UDW_Material_State.uexp" 3242
"D:/UEProjects/MO57/Content/UltraDynamicSky/Materials/Weather/PuddleRipple_Decal.uasset" 3243
"D:/UEProjects/MO57/Content/UltraDynamicSky/Materials/Weather/PuddleRipple_Decal.uexp" 3244
"D:/UEProjects/MO57/Content/UltraDynamicSky/Particles/Puddle_Ripple.uasset" 3245
"D:/UEProjects/MO57/Content/UltraDynamicSky/Particles/Puddle_Ripple.uexp" 3246
"D:/UEProjects/MO57/Content/UltraDynamicSky/Textures/Weather/PuddleSplashParticle.ubulk" 3247
"D:/UEProjects/MO57/Content/UltraDynamicSky/Textures/Weather/PuddleSplashParticle.uasset" 3248
"D:/UEProjects/MO57/Content/UltraDynamicSky/Textures/Weather/PuddleSplashParticle.uexp" 3249
"D:/UEProjects/MO57/Content/UltraDynamicSky/Materials/Weather/PuddleSplash_Particle.uasset" 3250
"D:/UEProjects/MO57/Content/UltraDynamicSky/Materials/Weather/PuddleSplash_Particle.uexp" 3251
"D:/UEProjects/MO57/Content/UltraDynamicSky/Particles/Puddle_Splash.uasset" 3252
"D:/UEProjects/MO57/Content/UltraDynamicSky/Particles/Puddle_Splash.uexp" 3253
"D:/UEProjects/MO57/Content/UltraDynamicSky/Blueprints/System/UDW_Actor_Reference_Manager.uasset" 3254
"D:/UEProjects/MO57/Content/UltraDynamicSky/Blueprints/System/UDW_Actor_Reference_Manager.uexp" 3255
"D:/UEProjects/MO57/Content/UltraDynamicSky/Sound/Attenuation/UDS_Interact_Sound_Attenuation.uasset" 3256
"D:/UEProjects/MO57/Content/UltraDynamicSky/Sound/Attenuation/UDS_Interact_Sound_Attenuation.uexp" 3257
"D:/UEProjects/MO57/Content/UltraDynamicSky/Sound/Dust/Dust_1.ubulk" 3258
"D:/UEProjects/MO57/Content/UltraDynamicSky/Sound/Dust/Dust_1.uasset" 3259
"D:/UEProjects/MO57/Content/UltraDynamicSky/Sound/Dust/Dust_1.uexp" 3260
"D:/UEProjects/MO57/Content/UltraDynamicSky/Sound/Dust/Dust_2.ubulk" 3261
"D:/UEProjects/MO57/Content/UltraDynamicSky/Sound/Dust/Dust_2.uasset" 3262
"D:/UEProjects/MO57/Content/UltraDynamicSky/Sound/Dust/Dust_2.uexp" 3263
"D:/UEProjects/MO57/Content/UltraDynamicSky/Sound/Dust/Dust_3.ubulk" 3264
"D:/UEProjects/MO57/Content/UltraDynamicSky/Sound/Dust/Dust_3.uasset" 3265
"D:/UEProjects/MO57/Content/UltraDynamicSky/Sound/Dust/Dust_3.uexp" 3266
"D:/UEProjects/MO57/Content/UltraDynamicSky/Sound/Dust/Dust_4.ubulk" 3267
"D:/UEProjects/MO57/Content/UltraDynamicSky/Sound/Dust/Dust_4.uasset" 3268
"D:/UEProjects/MO57/Content/UltraDynamicSky/Sound/Dust/Dust_4.uexp" 3269
"D:/UEProjects/MO57/Content/UltraDynamicSky/Sound/Dust/Dust_5.ubulk" 3270
"D:/UEProjects/MO57/Content/UltraDynamicSky/Sound/Dust/Dust_5.uasset" 3271
"D:/UEProjects/MO57/Content/UltraDynamicSky/Sound/Dust/Dust_5.uexp" 3272
"D:/UEProjects/MO57/Content/UltraDynamicSky/Sound/Dust/Dust_6.ubulk" 3273
"D:/UEProjects/MO57/Content/UltraDynamicSky/Sound/Dust/Dust_6.uasset" 3274
"D:/UEProjects/MO57/Content/UltraDynamicSky/Sound/Dust/Dust_6.uexp" 3275
"D:/UEProjects/MO57/Content/UltraDynamicSky/Sound/Puddles/Puddle_01.ubulk" 3276
"D:/UEProjects/MO57/Content/UltraDynamicSky/Sound/Puddles/Puddle_01.uasset" 3277
"D:/UEProjects/MO57/Content/UltraDynamicSky/Sound/Puddles/Puddle_01.uexp" 3278
"D:/UEProjects/MO57/Content/UltraDynamicSky/Sound/Puddles/Puddle_02.ubulk" 3279
"D:/UEProjects/MO57/Content/UltraDynamicSky/Sound/Puddles/Puddle_02.uasset" 3280
"D:/UEProjects/MO57/Content/UltraDynamicSky/Sound/Puddles/Puddle_02.uexp" 3281
"D:/UEProjects/MO57/Content/UltraDynamicSky/Sound/Puddles/Puddle_03.ubulk" 3282
"D:/UEProjects/MO57/Content/UltraDynamicSky/Sound/Puddles/Puddle_03.uasset" 3283
"D:/UEProjects/MO57/Content/UltraDynamicSky/Sound/Puddles/Puddle_03.uexp" 3284
"D:/UEProjects/MO57/Content/UltraDynamicSky/Sound/Puddles/Puddle_04.ubulk" 3285
"D:/UEProjects/MO57/Content/UltraDynamicSky/Sound/Puddles/Puddle_04.uasset" 3286
"D:/UEProjects/MO57/Content/UltraDynamicSky/Sound/Puddles/Puddle_04.uexp" 3287
"D:/UEProjects/MO57/Content/UltraDynamicSky/Sound/Puddles/Water_Movement.ubulk" 3288
"D:/UEProjects/MO57/Content/UltraDynamicSky/Sound/Puddles/Water_Movement.uasset" 3289
"D:/UEProjects/MO57/Content/UltraDynamicSky/Sound/Puddles/Water_Movement.uexp" 3290
"D:/UEProjects/MO57/Content/UltraDynamicSky/Sound/Snow/Snow_Compress_1.ubulk" 3291
"D:/UEProjects/MO57/Content/UltraDynamicSky/Sound/Snow/Snow_Compress_1.uasset" 3292
"D:/UEProjects/MO57/Content/UltraDynamicSky/Sound/Snow/Snow_Compress_1.uexp" 3293
"D:/UEProjects/MO57/Content/UltraDynamicSky/Sound/Snow/Snow_Compress_2.ubulk" 3294
"D:/UEProjects/MO57/Content/UltraDynamicSky/Sound/Snow/Snow_Compress_2.uasset" 3295
"D:/UEProjects/MO57/Content/UltraDynamicSky/Sound/Snow/Snow_Compress_2.uexp" 3296
"D:/UEProjects/MO57/Content/UltraDynamicSky/Sound/Snow/Snow_Compress_3.ubulk" 3297
"D:/UEProjects/MO57/Content/UltraDynamicSky/Sound/Snow/Snow_Compress_3.uasset" 3298
"D:/UEProjects/MO57/Content/UltraDynamicSky/Sound/Snow/Snow_Compress_3.uexp" 3299
"D:/UEProjects/MO57/Content/UltraDynamicSky/Sound/Snow/Snow_Compress_4.ubulk" 3300
"D:/UEProjects/MO57/Content/UltraDynamicSky/Sound/Snow/Snow_Compress_4.uasset" 3301
"D:/UEProjects/MO57/Content/UltraDynamicSky/Sound/Snow/Snow_Compress_4.uexp" 3302
"D:/UEProjects/MO57/Content/UltraDynamicSky/Sound/Snow/Snow_Compress_5.ubulk" 3303
"D:/UEProjects/MO57/Content/UltraDynamicSky/Sound/Snow/Snow_Compress_5.uasset" 3304
"D:/UEProjects/MO57/Content/UltraDynamicSky/Sound/Snow/Snow_Compress_5.uexp" 3305
"D:/UEProjects/MO57/Content/UltraDynamicSky/Sound/Snow/Snow_Compress_6.ubulk" 3306
"D:/UEProjects/MO57/Content/UltraDynamicSky/Sound/Snow/Snow_Compress_6.uasset" 3307
"D:/UEProjects/MO57/Content/UltraDynamicSky/Sound/Snow/Snow_Compress_6.uexp" 3308
"D:/UEProjects/MO57/Content/UltraDynamicSky/Sound/Snow/Snow_Movement.ubulk" 3309
"D:/UEProjects/MO57/Content/UltraDynamicSky/Sound/Snow/Snow_Movement.uasset" 3310
"D:/UEProjects/MO57/Content/UltraDynamicSky/Sound/Snow/Snow_Movement.uexp" 3311
"D:/UEProjects/MO57/Content/UltraDynamicSky/Sound/MetaSounds/UDS_DLWE_Interaction_Sounds.uasset" 3312
"D:/UEProjects/MO57/Content/UltraDynamicSky/Sound/MetaSounds/UDS_DLWE_Interaction_Sounds.uexp" 3313
"D:/UEProjects/MO57/Content/UltraDynamicSky/Blueprints/Weather_Effects/System/Puddle_Fluid_Volume_Interface.uasset" 3314
"D:/UEProjects/MO57/Content/UltraDynamicSky/Blueprints/Weather_Effects/System/Puddle_Fluid_Volume_Interface.uexp" 3315
"D:/UEProjects/MO57/Content/UltraDynamicSky/Blueprints/Weather_Effects/System/UDS_DLWE_Interaction_Settings.uasset" 3316
"D:/UEProjects/MO57/Content/UltraDynamicSky/Blueprints/Weather_Effects/System/UDS_DLWE_Interaction_Settings.uexp" 3317
"D:/UEProjects/MO57/Content/UltraDynamicSky/Blueprints/Weather_Effects/System/Interaction_Settings/Standard_DLWE_Interaction_Settings.uasset" 3318
"D:/UEProjects/MO57/Content/UltraDynamicSky/Blueprints/Weather_Effects/System/Interaction_Settings/Standard_DLWE_Interaction_Settings.uexp" 3319
"D:/UEProjects/MO57/Content/UltraDynamicSky/Blueprints/Weather_Effects/DLWE_Interaction.uasset" 3320
"D:/UEProjects/MO57/Content/UltraDynamicSky/Blueprints/Weather_Effects/DLWE_Interaction.uexp" 3321
"D:/UEProjects/MO57/Content/UltraDynamicSky/Blueprints/Weather_Effects/System/DLWE_OneShot_Interaction.uasset" 3322
"D:/UEProjects/MO57/Content/UltraDynamicSky/Blueprints/Weather_Effects/System/DLWE_OneShot_Interaction.uexp" 3323
"D:/UEProjects/MO57/Content/UltraDynamicSky/Textures/Icons/Weather/Overcast.uasset" 3324
"D:/UEProjects/MO57/Content/UltraDynamicSky/Textures/Icons/Weather/Overcast.uexp" 3325
"D:/UEProjects/MO57/Plugins/MOFramework/Content/MOBS/Deer/DeerStagAndDoe/Meshes/SK_DeerStag_Skeleton.uasset" 3326
"D:/UEProjects/MO57/Plugins/MOFramework/Content/MOBS/Deer/DeerStagAndDoe/Meshes/SK_DeerStag_Skeleton.uexp" 3327
"D:/UEProjects/MO57/Plugins/MOFramework/Content/MOBS/Deer/DeerStagAndDoe/Animations/ANIM_DeerStag_Walk.uasset" 3328
"D:/UEProjects/MO57/Plugins/MOFramework/Content/MOBS/Deer/DeerStagAndDoe/Animations/ANIM_DeerStag_Walk.uexp" 3329
"D:/UEProjects/MO57/Content/UltraDynamicSky/Textures/Icons/Weather/PartlyCloudy.uasset" 3330
"D:/UEProjects/MO57/Content/UltraDynamicSky/Textures/Icons/Weather/PartlyCloudy.uexp" 3331
"D:/UEProjects/MO57/Content/UltraDynamicSky/Textures/Icons/Weather/Rain.uasset" 3332
"D:/UEProjects/MO57/Content/UltraDynamicSky/Textures/Icons/Weather/Rain.uexp" 3333
"D:/UEProjects/MO57/Content/UltraDynamicSky/Textures/Icons/Weather/Snow.uasset" 3334
"D:/UEProjects/MO57/Content/UltraDynamicSky/Textures/Icons/Weather/Snow.uexp" 3335
"D:/UEProjects/MO57/Plugins/MOFramework/Content/MOBS/Deer/DeerStagAndDoe/Animations/ANIM_DeerStag_WalkGraze_RM.uasset" 3336
"D:/UEProjects/MO57/Plugins/MOFramework/Content/MOBS/Deer/DeerStagAndDoe/Animations/ANIM_DeerStag_WalkGraze_RM.uexp" 3337
"D:/UEProjects/MO57/Content/UltraDynamicSky/Textures/Icons/Weather/Thunderstorms.uasset" 3338
"D:/UEProjects/MO57/Content/UltraDynamicSky/Textures/Icons/Weather/Thunderstorms.uexp" 3339
"D:/UEProjects/MO57/Content/UltraDynamicSky/Textures/Icons/Weather/Weather_Icon_BG.uasset" 3340
"D:/UEProjects/MO57/Content/UltraDynamicSky/Textures/Icons/Weather/Weather_Icon_BG.uexp" 3341
"D:/UEProjects/MO57/Plugins/MOFramework/Content/MOBS/Deer/DeerStagAndDoe/Animations/ANIM_DeerStag_WalkTurnL.uasset" 3342
"D:/UEProjects/MO57/Plugins/MOFramework/Content/MOBS/Deer/DeerStagAndDoe/Animations/ANIM_DeerStag_WalkTurnL.uexp" 3343
"D:/UEProjects/MO57/Plugins/MOFramework/Content/MOBS/Deer/DeerStagAndDoe/Animations/ANIM_DeerStag_WalkTurnL_RM.uasset" 3344
"D:/UEProjects/MO57/Plugins/MOFramework/Content/MOBS/Deer/DeerStagAndDoe/Animations/ANIM_DeerStag_WalkTurnL_RM.uexp" 3345
"D:/UEProjects/MO57/Plugins/MOFramework/Content/MOBS/Deer/DeerStagAndDoe/Animations/ANIM_DeerStag_WalkTurnR.uasset" 3346
"D:/UEProjects/MO57/Plugins/MOFramework/Content/MOBS/Deer/DeerStagAndDoe/Animations/ANIM_DeerStag_WalkTurnR.uexp" 3347
"D:/UEProjects/MO57/Plugins/MOFramework/Content/MOBS/Deer/DeerStagAndDoe/Animations/ANIM_DeerStag_WalkTurnR_RM.uasset" 3348
"D:/UEProjects/MO57/Plugins/MOFramework/Content/MOBS/Deer/DeerStagAndDoe/Animations/ANIM_DeerStag_WalkTurnR_RM.uexp" 3349
"D:/UEProjects/MO57/Plugins/MOFramework/Content/MOBS/Deer/DeerStagAndDoe/Animations/ANIM_DeerStag_Walk_RM.uasset" 3350
"D:/UEProjects/MO57/Plugins/MOFramework/Content/MOBS/Deer/DeerStagAndDoe/Animations/ANIM_DeerStag_Walk_RM.uexp" 3351
"../../../Engine/Plugins/MetaHuman/MetaHumanCharacter/Content/Optional/Grooms/GroomMesh/SKM_Groom_Head_Legacy02_Skeleton.uasset" 3352
"../../../Engine/Plugins/MetaHuman/MetaHumanCharacter/Content/Optional/Grooms/GroomMesh/SKM_Groom_Head_Legacy02_Skeleton.uexp" 3353
"../../../Engine/Plugins/MetaHuman/MetaHumanCharacter/Content/Optional/Grooms/GroomMesh/SKM_Groom_Head_Legacy02.uasset" 3354
"../../../Engine/Plugins/MetaHuman/MetaHumanCharacter/Content/Optional/Grooms/GroomMesh/SKM_Groom_Head_Legacy02.uexp" 3355
"../../../Engine/Content/Functions/Engine_MaterialFunctions02/Lerp_Multiple_Float.uasset" 3356
"../../../Engine/Content/Functions/Engine_MaterialFunctions02/Lerp_Multiple_Float.uexp" 3357
"../../../Engine/Content/Functions/Engine_MaterialFunctions02/Math/Pi.uasset" 3358
"../../../Engine/Content/Functions/Engine_MaterialFunctions02/Math/Pi.uexp" 3359
"../../../Engine/Plugins/MetaHuman/MetaHumanCharacter/Content/Textures/T_TilingNoise_005.ubulk" 3360
"../../../Engine/Plugins/MetaHuman/MetaHumanCharacter/Content/Textures/T_TilingNoise_005.uasset" 3361
"../../../Engine/Plugins/MetaHuman/MetaHumanCharacter/Content/Textures/T_TilingNoise_005.uexp" 3362
"../../../Engine/Plugins/MetaHuman/MetaHumanCharacter/Content/Materials/MF_HairAnisotropic.uasset" 3363
"../../../Engine/Plugins/MetaHuman/MetaHumanCharacter/Content/Materials/MF_HairAnisotropic.uexp" 3364
"../../../Engine/Plugins/MetaHuman/MetaHumanCharacter/Content/Materials/MF_Variation.uasset" 3365
"../../../Engine/Plugins/MetaHuman/MetaHumanCharacter/Content/Materials/MF_Variation.uexp" 3366
"../../../Engine/Plugins/MetaHuman/MetaHumanCharacter/Content/Materials/MF_Hair_Color.uasset" 3367
"../../../Engine/Plugins/MetaHuman/MetaHumanCharacter/Content/Materials/MF_Hair_Color.uexp" 3368
"../../../Engine/Plugins/MetaHuman/MetaHumanCharacter/Content/Materials/MF_Hair_ColorBlending.uasset" 3369
"../../../Engine/Plugins/MetaHuman/MetaHumanCharacter/Content/Materials/MF_Hair_ColorBlending.uexp" 3370
"../../../Engine/Plugins/MetaHuman/MetaHumanCharacter/Content/Materials/MF_Hair_SaltAndPeper.uasset" 3371
"../../../Engine/Plugins/MetaHuman/MetaHumanCharacter/Content/Materials/MF_Hair_SaltAndPeper.uexp" 3372
"../../../Engine/Plugins/MetaHuman/MetaHumanCharacter/Content/Materials/MF_Hair_SecondaryColors.uasset" 3373
"../../../Engine/Plugins/MetaHuman/MetaHumanCharacter/Content/Materials/MF_Hair_SecondaryColors.uexp" 3374
"../../../Engine/Plugins/MetaHuman/MetaHumanCharacter/Content/Materials/MF_RGB2YCbCr.uasset" 3375
"../../../Engine/Plugins/MetaHuman/MetaHumanCharacter/Content/Materials/MF_RGB2YCbCr.uexp" 3376
"../../../Engine/Plugins/MetaHuman/MetaHumanCharacter/Content/Materials/MF_YCbCr2RGB.uasset" 3377
"../../../Engine/Plugins/MetaHuman/MetaHumanCharacter/Content/Materials/MF_YCbCr2RGB.uexp" 3378
"../../../Engine/Plugins/MetaHuman/MetaHumanCharacter/Content/Materials/MF_YCbCrAdjustments_BoostRedness.uasset" 3379
"../../../Engine/Plugins/MetaHuman/MetaHumanCharacter/Content/Materials/MF_YCbCrAdjustments_BoostRedness.uexp" 3380
"../../../Engine/Plugins/MetaHuman/MetaHumanCharacter/Content/Materials/MF_RedHairBoost.uasset" 3381
"../../../Engine/Plugins/MetaHuman/MetaHumanCharacter/Content/Materials/MF_RedHairBoost.uexp" 3382
"../../../Engine/Plugins/MetaHuman/MetaHumanCharacter/Content/Textures/T_Black_Linear.uasset" 3383
"../../../Engine/Plugins/MetaHuman/MetaHumanCharacter/Content/Textures/T_Black_Linear.uexp" 3384
"../../../Engine/Plugins/MetaHuman/MetaHumanCharacter/Content/Materials/M_Facial_Hair.uasset" 3385
"../../../Engine/Plugins/MetaHuman/MetaHumanCharacter/Content/Materials/M_Facial_Hair.uexp" 3386
"../../../Engine/Plugins/MetaHuman/MetaHumanCharacter/Content/Materials/MI_Facial_Hair.uasset" 3387
"../../../Engine/Plugins/MetaHuman/MetaHumanCharacter/Content/Materials/MI_Facial_Hair.uexp" 3388
"../../../Engine/Plugins/MetaHuman/MetaHumanCharacter/Content/Materials/M_hair_v4.uasset" 3389
"../../../Engine/Plugins/MetaHuman/MetaHumanCharacter/Content/Materials/M_hair_v4.uexp" 3390
"../../../Engine/Plugins/MetaHuman/MetaHumanCharacter/Content/Materials/MI_Hair.uasset" 3391
"../../../Engine/Plugins/MetaHuman/MetaHumanCharacter/Content/Materials/MI_Hair.uexp" 3392
"../../../Engine/Plugins/MetaHuman/MetaHumanCharacter/Content/Optional/Grooms/GroomAssets/Eyebrows/Eyebrows_M_Dense/Eyebrows_M_Dense_CardMesh_Group0_LOD0.ubulk" 3393
"../../../Engine/Plugins/MetaHuman/MetaHumanCharacter/Content/Optional/Grooms/GroomAssets/Eyebrows/Eyebrows_M_Dense/Eyebrows_M_Dense_CardMesh_Group0_LOD0.uasset" 3394
"../../../Engine/Plugins/MetaHuman/MetaHumanCharacter/Content/Optional/Grooms/GroomAssets/Eyebrows/Eyebrows_M_Dense/Eyebrows_M_Dense_CardMesh_Group0_LOD0.uexp" 3395
"../../../Engine/Plugins/MetaHuman/MetaHumanCharacter/Content/Optional/Grooms/GroomAssets/Eyebrows/Eyebrows_M_Dense/Eyebrows_M_Dense_CardMesh_Group0_LOD1.ubulk" 3396
"../../../Engine/Plugins/MetaHuman/MetaHumanCharacter/Content/Optional/Grooms/GroomAssets/Eyebrows/Eyebrows_M_Dense/Eyebrows_M_Dense_CardMesh_Group0_LOD1.uasset" 3397
"../../../Engine/Plugins/MetaHuman/MetaHumanCharacter/Content/Optional/Grooms/GroomAssets/Eyebrows/Eyebrows_M_Dense/Eyebrows_M_Dense_CardMesh_Group0_LOD1.uexp" 3398
"../../../Engine/Plugins/MetaHuman/MetaHumanCharacter/Content/Optional/Grooms/GroomAssets/Eyebrows/Eyebrows_M_Dense/Eyebrows_M_Dense_CardMesh_Group0_LOD2.ubulk" 3399
"../../../Engine/Plugins/MetaHuman/MetaHumanCharacter/Content/Optional/Grooms/GroomAssets/Eyebrows/Eyebrows_M_Dense/Eyebrows_M_Dense_CardMesh_Group0_LOD2.uasset" 3400
"../../../Engine/Plugins/MetaHuman/MetaHumanCharacter/Content/Optional/Grooms/GroomAssets/Eyebrows/Eyebrows_M_Dense/Eyebrows_M_Dense_CardMesh_Group0_LOD2.uexp" 3401
"../../../Engine/Plugins/MetaHuman/MetaHumanCharacter/Content/Optional/Grooms/GroomAssets/Eyebrows/Eyebrows_M_Dense/Eyebrows_M_Dense_CardMesh_Group0_LOD3.ubulk" 3402
"../../../Engine/Plugins/MetaHuman/MetaHumanCharacter/Content/Optional/Grooms/GroomAssets/Eyebrows/Eyebrows_M_Dense/Eyebrows_M_Dense_CardMesh_Group0_LOD3.uasset" 3403
"../../../Engine/Plugins/MetaHuman/MetaHumanCharacter/Content/Optional/Grooms/GroomAssets/Eyebrows/Eyebrows_M_Dense/Eyebrows_M_Dense_CardMesh_Group0_LOD3.uexp" 3404
"../../../Engine/Plugins/MetaHuman/MetaHumanCharacter/Content/Optional/Grooms/GroomAssets/Eyebrows/Eyebrows_M_Dense/Eyebrows_M_Dense_CardMesh_Group0_LOD4.ubulk" 3405
"../../../Engine/Plugins/MetaHuman/MetaHumanCharacter/Content/Optional/Grooms/GroomAssets/Eyebrows/Eyebrows_M_Dense/Eyebrows_M_Dense_CardMesh_Group0_LOD4.uasset" 3406
"../../../Engine/Plugins/MetaHuman/MetaHumanCharacter/Content/Optional/Grooms/GroomAssets/Eyebrows/Eyebrows_M_Dense/Eyebrows_M_Dense_CardMesh_Group0_LOD4.uexp" 3407
"../../../Engine/Plugins/MetaHuman/MetaHumanCharacter/Content/Optional/Grooms/GroomAssets/Eyebrows/Eyebrows_M_Dense/Eyebrows_M_Dense_CardsAtlas_Attribute.ubulk" 3408
"../../../Engine/Plugins/MetaHuman/MetaHumanCharacter/Content/Optional/Grooms/GroomAssets/Eyebrows/Eyebrows_M_Dense/Eyebrows_M_Dense_CardsAtlas_Attribute.uasset" 3409
"../../../Engine/Plugins/MetaHuman/MetaHumanCharacter/Content/Optional/Grooms/GroomAssets/Eyebrows/Eyebrows_M_Dense/Eyebrows_M_Dense_CardsAtlas_Attribute.uexp" 3410
"../../../Engine/Plugins/MetaHuman/MetaHumanCharacter/Content/Optional/Grooms/GroomAssets/Eyebrows/Eyebrows_M_Dense/Eyebrows_M_Dense_CardsAtlas_Tangent.ubulk" 3411
"../../../Engine/Plugins/MetaHuman/MetaHumanCharacter/Content/Optional/Grooms/GroomAssets/Eyebrows/Eyebrows_M_Dense/Eyebrows_M_Dense_CardsAtlas_Tangent.uasset" 3412
"../../../Engine/Plugins/MetaHuman/MetaHumanCharacter/Content/Optional/Grooms/GroomAssets/Eyebrows/Eyebrows_M_Dense/Eyebrows_M_Dense_CardsAtlas_Tangent.uexp" 3413
"../../../Engine/Plugins/MetaHuman/MetaHumanCharacter/Content/Optional/Grooms/GroomAssets/Eyebrows/Eyebrows_M_Dense/Eyebrows_M_Dense.ubulk" 3414
"../../../Engine/Plugins/MetaHuman/MetaHumanCharacter/Content/Optional/Grooms/GroomAssets/Eyebrows/Eyebrows_M_Dense/Eyebrows_M_Dense.uasset" 3415
"../../../Engine/Plugins/MetaHuman/MetaHumanCharacter/Content/Optional/Grooms/GroomAssets/Eyebrows/Eyebrows_M_Dense/Eyebrows_M_Dense.uexp" 3416
"../../../Engine/Plugins/MetaHuman/MetaHumanCharacter/Content/Optional/Grooms/Bindings/Eyebrows/Eyebrows_M_Dense_Binding.ubulk" 3417
"../../../Engine/Plugins/MetaHuman/MetaHumanCharacter/Content/Optional/Grooms/Bindings/Eyebrows/Eyebrows_M_Dense_Binding.uasset" 3418
"../../../Engine/Plugins/MetaHuman/MetaHumanCharacter/Content/Optional/Grooms/Bindings/Eyebrows/Eyebrows_M_Dense_Binding.uexp" 3419
"../../../Engine/Plugins/MetaHuman/MetaHumanCharacter/Content/Optional/Grooms/GroomMesh/SKM_Groom_Head_Legacy01_Skeleton.uasset" 3420
"../../../Engine/Plugins/MetaHuman/MetaHumanCharacter/Content/Optional/Grooms/GroomMesh/SKM_Groom_Head_Legacy01_Skeleton.uexp" 3421
"../../../Engine/Plugins/MetaHuman/MetaHumanCharacter/Content/Optional/Grooms/GroomMesh/SKM_Groom_Head_Legacy01.uasset" 3422
"../../../Engine/Plugins/MetaHuman/MetaHumanCharacter/Content/Optional/Grooms/GroomMesh/SKM_Groom_Head_Legacy01.uexp" 3423
"../../../Engine/Plugins/MetaHuman/MetaHumanCharacter/Content/Optional/Grooms/GroomAssets/Eyebrows/Eyebrows_M_Natural/Eyebrows_M_Natural_CardsAtlas_Attribute.ubulk" 3424
"../../../Engine/Plugins/MetaHuman/MetaHumanCharacter/Content/Optional/Grooms/GroomAssets/Eyebrows/Eyebrows_M_Natural/Eyebrows_M_Natural_CardsAtlas_Attribute.uasset" 3425
"../../../Engine/Plugins/MetaHuman/MetaHumanCharacter/Content/Optional/Grooms/GroomAssets/Eyebrows/Eyebrows_M_Natural/Eyebrows_M_Natural_CardsAtlas_Attribute.uexp" 3426
"../../../Engine/Plugins/MetaHuman/MetaHumanCharacter/Content/Optional/Grooms/GroomAssets/Eyebrows/Eyebrows_M_Natural/Eyebrows_M_Natural_CardsAtlas_Tangent.ubulk" 3427
"../../../Engine/Plugins/MetaHuman/MetaHumanCharacter/Content/Optional/Grooms/GroomAssets/Eyebrows/Eyebrows_M_Natural/Eyebrows_M_Natural_CardsAtlas_Tangent.uasset" 3428
"../../../Engine/Plugins/MetaHuman/MetaHumanCharacter/Content/Optional/Grooms/GroomAssets/Eyebrows/Eyebrows_M_Natural/Eyebrows_M_Natural_CardsAtlas_Tangent.uexp" 3429
"../../../Engine/Plugins/MetaHuman/MetaHumanCharacter/Content/Optional/Grooms/GroomAssets/Eyebrows/Eyebrows_M_Natural/Eyebrows_M_Natural_CardsMesh_Group0_LOD0.ubulk" 3430
"../../../Engine/Plugins/MetaHuman/MetaHumanCharacter/Content/Optional/Grooms/GroomAssets/Eyebrows/Eyebrows_M_Natural/Eyebrows_M_Natural_CardsMesh_Group0_LOD0.uasset" 3431
"../../../Engine/Plugins/MetaHuman/MetaHumanCharacter/Content/Optional/Grooms/GroomAssets/Eyebrows/Eyebrows_M_Natural/Eyebrows_M_Natural_CardsMesh_Group0_LOD0.uexp" 3432
"../../../Engine/Plugins/MetaHuman/MetaHumanCharacter/Content/Optional/Grooms/GroomAssets/Eyebrows/Eyebrows_M_Natural/Eyebrows_M_Natural_CardsMesh_Group0_LOD1.ubulk" 3433
"../../../Engine/Plugins/MetaHuman/MetaHumanCharacter/Content/Optional/Grooms/GroomAssets/Eyebrows/Eyebrows_M_Natural/Eyebrows_M_Natural_CardsMesh_Group0_LOD1.uasset" 3434
"../../../Engine/Plugins/MetaHuman/MetaHumanCharacter/Content/Optional/Grooms/GroomAssets/Eyebrows/Eyebrows_M_Natural/Eyebrows_M_Natural_CardsMesh_Group0_LOD1.uexp" 3435
"../../../Engine/Plugins/MetaHuman/MetaHumanCharacter/Content/Optional/Grooms/GroomAssets/Eyebrows/Eyebrows_M_Natural/Eyebrows_M_Natural_CardsMesh_Group0_LOD2.ubulk" 3436
"../../../Engine/Plugins/MetaHuman/MetaHumanCharacter/Content/Optional/Grooms/GroomAssets/Eyebrows/Eyebrows_M_Natural/Eyebrows_M_Natural_CardsMesh_Group0_LOD2.uasset" 3437
"../../../Engine/Plugins/MetaHuman/MetaHumanCharacter/Content/Optional/Grooms/GroomAssets/Eyebrows/Eyebrows_M_Natural/Eyebrows_M_Natural_CardsMesh_Group0_LOD2.uexp" 3438
"../../../Engine/Plugins/MetaHuman/MetaHumanCharacter/Content/Optional/Grooms/GroomAssets/Eyebrows/Eyebrows_M_Natural/Eyebrows_M_Natural_CardsMesh_Group0_LOD3.ubulk" 3439
"../../../Engine/Plugins/MetaHuman/MetaHumanCharacter/Content/Optional/Grooms/GroomAssets/Eyebrows/Eyebrows_M_Natural/Eyebrows_M_Natural_CardsMesh_Group0_LOD3.uasset" 3440
"../../../Engine/Plugins/MetaHuman/MetaHumanCharacter/Content/Optional/Grooms/GroomAssets/Eyebrows/Eyebrows_M_Natural/Eyebrows_M_Natural_CardsMesh_Group0_LOD3.uexp" 3441
"../../../Engine/Plugins/MetaHuman/MetaHumanCharacter/Content/Optional/Grooms/GroomAssets/Eyebrows/Eyebrows_M_Natural/Eyebrows_M_Natural_CardsMesh_Group0_LOD4.ubulk" 3442
"../../../Engine/Plugins/MetaHuman/MetaHumanCharacter/Content/Optional/Grooms/GroomAssets/Eyebrows/Eyebrows_M_Natural/Eyebrows_M_Natural_CardsMesh_Group0_LOD4.uasset" 3443
"../../../Engine/Plugins/MetaHuman/MetaHumanCharacter/Content/Optional/Grooms/GroomAssets/Eyebrows/Eyebrows_M_Natural/Eyebrows_M_Natural_CardsMesh_Group0_LOD4.uexp" 3444
"../../../Engine/Plugins/MetaHuman/MetaHumanCharacter/Content/Optional/Grooms/GroomAssets/Eyebrows/Eyebrows_M_Natural/Eyebrows_M_Natural.ubulk" 3445
"../../../Engine/Plugins/MetaHuman/MetaHumanCharacter/Content/Optional/Grooms/GroomAssets/Eyebrows/Eyebrows_M_Natural/Eyebrows_M_Natural.uasset" 3446
"../../../Engine/Plugins/MetaHuman/MetaHumanCharacter/Content/Optional/Grooms/GroomAssets/Eyebrows/Eyebrows_M_Natural/Eyebrows_M_Natural.uexp" 3447
"../../../Engine/Plugins/MetaHuman/MetaHumanCharacter/Content/Optional/Grooms/Bindings/Eyebrows/Eyebrows_M_Natural_Binding.ubulk" 3448
"../../../Engine/Plugins/MetaHuman/MetaHumanCharacter/Content/Optional/Grooms/Bindings/Eyebrows/Eyebrows_M_Natural_Binding.uasset" 3449
"../../../Engine/Plugins/MetaHuman/MetaHumanCharacter/Content/Optional/Grooms/Bindings/Eyebrows/Eyebrows_M_Natural_Binding.uexp" 3450
"../../../Engine/Plugins/MetaHuman/MetaHumanCharacter/Content/Optional/Grooms/GroomAssets/Eyelashes/Eyelashes_L_Curl/Eyelashes_L_Curl.ubulk" 3451
"../../../Engine/Plugins/MetaHuman/MetaHumanCharacter/Content/Optional/Grooms/GroomAssets/Eyelashes/Eyelashes_L_Curl/Eyelashes_L_Curl.uasset" 3452
"../../../Engine/Plugins/MetaHuman/MetaHumanCharacter/Content/Optional/Grooms/GroomAssets/Eyelashes/Eyelashes_L_Curl/Eyelashes_L_Curl.uexp" 3453
"../../../Engine/Plugins/MetaHuman/MetaHumanCharacter/Content/Optional/Grooms/Bindings/Eyelashes/Eyelashes_L_Curl_Binding.ubulk" 3454
"../../../Engine/Plugins/MetaHuman/MetaHumanCharacter/Content/Optional/Grooms/Bindings/Eyelashes/Eyelashes_L_Curl_Binding.uasset" 3455
"../../../Engine/Plugins/MetaHuman/MetaHumanCharacter/Content/Optional/Grooms/Bindings/Eyelashes/Eyelashes_L_Curl_Binding.uexp" 3456
"../../../Engine/Plugins/MetaHuman/MetaHumanCharacter/Content/Materials/MI_Hair_Cards.uasset" 3457
"../../../Engine/Plugins/MetaHuman/MetaHumanCharacter/Content/Materials/MI_Hair_Cards.uexp" 3458
"../../../Engine/Plugins/MetaHuman/MetaHumanCharacter/Content/Materials/MI_Hair_Helmet.uasset" 3459
"../../../Engine/Plugins/MetaHuman/MetaHumanCharacter/Content/Materials/MI_Hair_Helmet.uexp" 3460
"../../../Engine/Plugins/MetaHuman/MetaHumanCharacter/Content/Optional/Grooms/GroomAssets/Hair/Hair_L_MessyClumps/Hair_L_MessyClumps_CardsAtlas_Attribute.ubulk" 3461
"../../../Engine/Plugins/MetaHuman/MetaHumanCharacter/Content/Optional/Grooms/GroomAssets/Hair/Hair_L_MessyClumps/Hair_L_MessyClumps_CardsAtlas_Attribute.uasset" 3462
"../../../Engine/Plugins/MetaHuman/MetaHumanCharacter/Content/Optional/Grooms/GroomAssets/Hair/Hair_L_MessyClumps/Hair_L_MessyClumps_CardsAtlas_Attribute.uexp" 3463
"../../../Engine/Plugins/MetaHuman/MetaHumanCharacter/Content/Optional/Grooms/GroomAssets/Hair/Hair_L_MessyClumps/Hair_L_MessyClumps_CardsAtlas_Tangent.ubulk" 3464
"../../../Engine/Plugins/MetaHuman/MetaHumanCharacter/Content/Optional/Grooms/GroomAssets/Hair/Hair_L_MessyClumps/Hair_L_MessyClumps_CardsAtlas_Tangent.uasset" 3465
"../../../Engine/Plugins/MetaHuman/MetaHumanCharacter/Content/Optional/Grooms/GroomAssets/Hair/Hair_L_MessyClumps/Hair_L_MessyClumps_CardsAtlas_Tangent.uexp" 3466
"../../../Engine/Plugins/MetaHuman/MetaHumanCharacter/Content/Optional/Grooms/GroomAssets/Hair/Hair_L_MessyClumps/Hair_L_MessyClumps_CardsMesh_Group0_LOD0.ubulk" 3467
"../../../Engine/Plugins/MetaHuman/MetaHumanCharacter/Content/Optional/Grooms/GroomAssets/Hair/Hair_L_MessyClumps/Hair_L_MessyClumps_CardsMesh_Group0_LOD0.uasset" 3468
"../../../Engine/Plugins/MetaHuman/MetaHumanCharacter/Content/Optional/Grooms/GroomAssets/Hair/Hair_L_MessyClumps/Hair_L_MessyClumps_CardsMesh_Group0_LOD0.uexp" 3469
"../../../Engine/Plugins/MetaHuman/MetaHumanCharacter/Content/Optional/Grooms/GroomAssets/Hair/Hair_L_MessyClumps/Hair_L_MessyClumps_CardsMesh_Group0_LOD1.ubulk" 3470
"../../../Engine/Plugins/MetaHuman/MetaHumanCharacter/Content/Optional/Grooms/GroomAssets/Hair/Hair_L_MessyClumps/Hair_L_MessyClumps_CardsMesh_Group0_LOD1.uasset" 3471
"../../../Engine/Plugins/MetaHuman/MetaHumanCharacter/Content/Optional/Grooms/GroomAssets/Hair/Hair_L_MessyClumps/Hair_L_MessyClumps_CardsMesh_Group0_LOD1.uexp" 3472
"../../../Engine/Plugins/MetaHuman/MetaHumanCharacter/Content/Optional/Grooms/GroomAssets/Hair/Hair_L_MessyClumps/Hair_L_MessyClumps_CardsMesh_Group0_LOD2.ubulk" 3473
"../../../Engine/Plugins/MetaHuman/MetaHumanCharacter/Content/Optional/Grooms/GroomAssets/Hair/Hair_L_MessyClumps/Hair_L_MessyClumps_CardsMesh_Group0_LOD2.uasset" 3474
"../../../Engine/Plugins/MetaHuman/MetaHumanCharacter/Content/Optional/Grooms/GroomAssets/Hair/Hair_L_MessyClumps/Hair_L_MessyClumps_CardsMesh_Group0_LOD2.uexp" 3475
"../../../Engine/Plugins/MetaHuman/MetaHumanCharacter/Content/Optional/Grooms/GroomAssets/Hair/Hair_L_MessyClumps/Hair_L_MessyClumps_CardsMesh_Group0_LOD3.ubulk" 3476
"../../../Engine/Plugins/MetaHuman/MetaHumanCharacter/Content/Optional/Grooms/GroomAssets/Hair/Hair_L_MessyClumps/Hair_L_MessyClumps_CardsMesh_Group0_LOD3.uasset" 3477
"../../../Engine/Plugins/MetaHuman/MetaHumanCharacter/Content/Optional/Grooms/GroomAssets/Hair/Hair_L_MessyClumps/Hair_L_MessyClumps_CardsMesh_Group0_LOD3.uexp" 3478
"../../../Engine/Plugins/MetaHuman/MetaHumanCharacter/Content/Optional/Grooms/GroomAssets/Hair/Hair_L_MessyClumps/Hair_L_MessyClumps_CardsMesh_Group0_LOD4.ubulk" 3479
"../../../Engine/Plugins/MetaHuman/MetaHumanCharacter/Content/Optional/Grooms/GroomAssets/Hair/Hair_L_MessyClumps/Hair_L_MessyClumps_CardsMesh_Group0_LOD4.uasset" 3480
"../../../Engine/Plugins/MetaHuman/MetaHumanCharacter/Content/Optional/Grooms/GroomAssets/Hair/Hair_L_MessyClumps/Hair_L_MessyClumps_CardsMesh_Group0_LOD4.uexp" 3481
"../../../Engine/Plugins/MetaHuman/MetaHumanCharacter/Content/Optional/Grooms/GroomAssets/Hair/Hair_L_MessyClumps/Hair_L_MessyClumps_CardsMesh_Group1_LOD0.ubulk" 3482
"../../../Engine/Plugins/MetaHuman/MetaHumanCharacter/Content/Optional/Grooms/GroomAssets/Hair/Hair_L_MessyClumps/Hair_L_MessyClumps_CardsMesh_Group1_LOD0.uasset" 3483
"../../../Engine/Plugins/MetaHuman/MetaHumanCharacter/Content/Optional/Grooms/GroomAssets/Hair/Hair_L_MessyClumps/Hair_L_MessyClumps_CardsMesh_Group1_LOD0.uexp" 3484
"../../../Engine/Plugins/MetaHuman/MetaHumanCharacter/Content/Optional/Grooms/GroomAssets/Hair/Hair_L_MessyClumps/Hair_L_MessyClumps_CardsMesh_Group1_LOD1.ubulk" 3485
"../../../Engine/Plugins/MetaHuman/MetaHumanCharacter/Content/Optional/Grooms/GroomAssets/Hair/Hair_L_MessyClumps/Hair_L_MessyClumps_CardsMesh_Group1_LOD1.uasset" 3486
"../../../Engine/Plugins/MetaHuman/MetaHumanCharacter/Content/Optional/Grooms/GroomAssets/Hair/Hair_L_MessyClumps/Hair_L_MessyClumps_CardsMesh_Group1_LOD1.uexp" 3487
"../../../Engine/Plugins/MetaHuman/MetaHumanCharacter/Content/Optional/Grooms/GroomAssets/Hair/Hair_L_MessyClumps/Hair_L_MessyClumps_CardsMesh_Group1_LOD2.ubulk" 3488
"../../../Engine/Plugins/MetaHuman/MetaHumanCharacter/Content/Optional/Grooms/GroomAssets/Hair/Hair_L_MessyClumps/Hair_L_MessyClumps_CardsMesh_Group1_LOD2.uasset" 3489
"../../../Engine/Plugins/MetaHuman/MetaHumanCharacter/Content/Optional/Grooms/GroomAssets/Hair/Hair_L_MessyClumps/Hair_L_MessyClumps_CardsMesh_Group1_LOD2.uexp" 3490
"../../../Engine/Plugins/MetaHuman/MetaHumanCharacter/Content/Optional/Grooms/GroomAssets/Hair/Hair_L_MessyClumps/Hair_L_MessyClumps_CardsMesh_Group1_LOD3.ubulk" 3491
"../../../Engine/Plugins/MetaHuman/MetaHumanCharacter/Content/Optional/Grooms/GroomAssets/Hair/Hair_L_MessyClumps/Hair_L_MessyClumps_CardsMesh_Group1_LOD3.uasset" 3492
"../../../Engine/Plugins/MetaHuman/MetaHumanCharacter/Content/Optional/Grooms/GroomAssets/Hair/Hair_L_MessyClumps/Hair_L_MessyClumps_CardsMesh_Group1_LOD3.uexp" 3493
"../../../Engine/Plugins/MetaHuman/MetaHumanCharacter/Content/Optional/Grooms/GroomAssets/Hair/Hair_L_MessyClumps/Hair_L_MessyClumps_CardsMesh_Group1_LOD4.ubulk" 3494
"../../../Engine/Plugins/MetaHuman/MetaHumanCharacter/Content/Optional/Grooms/GroomAssets/Hair/Hair_L_MessyClumps/Hair_L_MessyClumps_CardsMesh_Group1_LOD4.uasset" 3495
"../../../Engine/Plugins/MetaHuman/MetaHumanCharacter/Content/Optional/Grooms/GroomAssets/Hair/Hair_L_MessyClumps/Hair_L_MessyClumps_CardsMesh_Group1_LOD4.uexp" 3496
"../../../Engine/Plugins/MetaHuman/MetaHumanCharacter/Content/Optional/Grooms/GroomAssets/Hair/Hair_L_MessyClumps/Hair_L_MessyClumps_ColorXYDepthGroupID.ubulk" 3497
"../../../Engine/Plugins/MetaHuman/MetaHumanCharacter/Content/Optional/Grooms/GroomAssets/Hair/Hair_L_MessyClumps/Hair_L_MessyClumps_ColorXYDepthGroupID.uasset" 3498
"../../../Engine/Plugins/MetaHuman/MetaHumanCharacter/Content/Optional/Grooms/GroomAssets/Hair/Hair_L_MessyClumps/Hair_L_MessyClumps_ColorXYDepthGroupID.uexp" 3499
"../../../Engine/Plugins/MetaHuman/MetaHumanCharacter/Content/Optional/Grooms/GroomAssets/Hair/Hair_L_MessyClumps/Hair_L_MessyClumps_Helmet_LOD5.ubulk" 3500
"../../../Engine/Plugins/MetaHuman/MetaHumanCharacter/Content/Optional/Grooms/GroomAssets/Hair/Hair_L_MessyClumps/Hair_L_MessyClumps_Helmet_LOD5.uasset" 3501
"../../../Engine/Plugins/MetaHuman/MetaHumanCharacter/Content/Optional/Grooms/GroomAssets/Hair/Hair_L_MessyClumps/Hair_L_MessyClumps_Helmet_LOD5.uexp" 3502
"../../../Engine/Plugins/MetaHuman/MetaHumanCharacter/Content/Optional/Grooms/GroomAssets/Hair/Hair_L_MessyClumps/Hair_L_MessyClumps_Helmet_LOD6.ubulk" 3503
"../../../Engine/Plugins/MetaHuman/MetaHumanCharacter/Content/Optional/Grooms/GroomAssets/Hair/Hair_L_MessyClumps/Hair_L_MessyClumps_Helmet_LOD6.uasset" 3504
"../../../Engine/Plugins/MetaHuman/MetaHumanCharacter/Content/Optional/Grooms/GroomAssets/Hair/Hair_L_MessyClumps/Hair_L_MessyClumps_Helmet_LOD6.uexp" 3505
"../../../Engine/Plugins/MetaHuman/MetaHumanCharacter/Content/Optional/Grooms/GroomAssets/Hair/Hair_L_MessyClumps/Hair_L_MessyClumps_Helmet_LOD7.ubulk" 3506
"../../../Engine/Plugins/MetaHuman/MetaHumanCharacter/Content/Optional/Grooms/GroomAssets/Hair/Hair_L_MessyClumps/Hair_L_MessyClumps_Helmet_LOD7.uasset" 3507
"../../../Engine/Plugins/MetaHuman/MetaHumanCharacter/Content/Optional/Grooms/GroomAssets/Hair/Hair_L_MessyClumps/Hair_L_MessyClumps_Helmet_LOD7.uexp" 3508
"../../../Engine/Plugins/MetaHuman/MetaHumanCharacter/Content/Optional/Grooms/GroomAssets/Hair/Hair_L_MessyClumps/Hair_L_MessyClumps_RooUVSeedCoverage.ubulk" 3509
"../../../Engine/Plugins/MetaHuman/MetaHumanCharacter/Content/Optional/Grooms/GroomAssets/Hair/Hair_L_MessyClumps/Hair_L_MessyClumps_RooUVSeedCoverage.uasset" 3510
"../../../Engine/Plugins/MetaHuman/MetaHumanCharacter/Content/Optional/Grooms/GroomAssets/Hair/Hair_L_MessyClumps/Hair_L_MessyClumps_RooUVSeedCoverage.uexp" 3511
"../../../Engine/Plugins/MetaHuman/MetaHumanCharacter/Content/Optional/Grooms/GroomAssets/Hair/Hair_L_MessyClumps/Hair_L_MessyClumps_TangentCoordU.ubulk" 3512
"../../../Engine/Plugins/MetaHuman/MetaHumanCharacter/Content/Optional/Grooms/GroomAssets/Hair/Hair_L_MessyClumps/Hair_L_MessyClumps_TangentCoordU.uasset" 3513
"../../../Engine/Plugins/MetaHuman/MetaHumanCharacter/Content/Optional/Grooms/GroomAssets/Hair/Hair_L_MessyClumps/Hair_L_MessyClumps_TangentCoordU.uexp" 3514
"../../../Engine/Plugins/MetaHuman/MetaHumanCharacter/Content/Optional/Grooms/GroomAssets/Hair/Hair_L_MessyClumps/Hair_L_MessyClumps.ubulk" 3515
"../../../Engine/Plugins/MetaHuman/MetaHumanCharacter/Content/Optional/Grooms/GroomAssets/Hair/Hair_L_MessyClumps/Hair_L_MessyClumps.uasset" 3516
"../../../Engine/Plugins/MetaHuman/MetaHumanCharacter/Content/Optional/Grooms/GroomAssets/Hair/Hair_L_MessyClumps/Hair_L_MessyClumps.uexp" 3517
"../../../Engine/Plugins/MetaHuman/MetaHumanCharacter/Content/Optional/Grooms/Bindings/Hair/Hair_L_MessyClumps_Binding.ubulk" 3518
"../../../Engine/Plugins/MetaHuman/MetaHumanCharacter/Content/Optional/Grooms/Bindings/Hair/Hair_L_MessyClumps_Binding.uasset" 3519
"../../../Engine/Plugins/MetaHuman/MetaHumanCharacter/Content/Optional/Grooms/Bindings/Hair/Hair_L_MessyClumps_Binding.uexp" 3520
"D:/UEProjects/MO57/Plugins/MOFramework/Content/MOBS/Deer/DeerStagAndDoe/Textures/T_Stag_BaseColor.ubulk" 3521
"D:/UEProjects/MO57/Plugins/MOFramework/Content/MOBS/Deer/DeerStagAndDoe/Textures/T_Stag_BaseColor.uasset" 3522
"D:/UEProjects/MO57/Plugins/MOFramework/Content/MOBS/Deer/DeerStagAndDoe/Textures/T_Stag_BaseColor.uexp" 3523
"D:/UEProjects/MO57/Plugins/MOFramework/Content/MOBS/Deer/DeerStagAndDoe/Textures/T_Stag_Nml.ubulk" 3524
"D:/UEProjects/MO57/Plugins/MOFramework/Content/MOBS/Deer/DeerStagAndDoe/Textures/T_Stag_Nml.uasset" 3525
"D:/UEProjects/MO57/Plugins/MOFramework/Content/MOBS/Deer/DeerStagAndDoe/Textures/T_Stag_Nml.uexp" 3526
"D:/UEProjects/MO57/Plugins/MOFramework/Content/MOBS/Deer/DeerStagAndDoe/Textures/T_Stag_OcclusionRoughnessMetllic.ubulk" 3527
"D:/UEProjects/MO57/Plugins/MOFramework/Content/MOBS/Deer/DeerStagAndDoe/Textures/T_Stag_OcclusionRoughnessMetllic.uasset" 3528
"D:/UEProjects/MO57/Plugins/MOFramework/Content/MOBS/Deer/DeerStagAndDoe/Textures/T_Stag_OcclusionRoughnessMetllic.uexp" 3529
"D:/UEProjects/MO57/Plugins/MOFramework/Content/MOBS/Deer/DeerStagAndDoe/Materials/M_DeerStag.uasset" 3530
"D:/UEProjects/MO57/Plugins/MOFramework/Content/MOBS/Deer/DeerStagAndDoe/Materials/M_DeerStag.uexp" 3531
"D:/UEProjects/MO57/Plugins/MOFramework/Content/MOBS/Deer/DeerStagAndDoe/Materials/M_DeerStagFur.uasset" 3532
"D:/UEProjects/MO57/Plugins/MOFramework/Content/MOBS/Deer/DeerStagAndDoe/Materials/M_DeerStagFur.uexp" 3533
"D:/UEProjects/MO57/Plugins/MOFramework/Content/MOBS/Deer/DeerStagAndDoe/Meshes/SK_DeerStag_PhysicsAsset.uasset" 3534
"D:/UEProjects/MO57/Plugins/MOFramework/Content/MOBS/Deer/DeerStagAndDoe/Meshes/SK_DeerStag_PhysicsAsset.uexp" 3535
"D:/UEProjects/MO57/Plugins/MOFramework/Content/MOBS/Deer/DeerStagAndDoe/Meshes/SK_DeerStag.uasset" 3536
"D:/UEProjects/MO57/Plugins/MOFramework/Content/MOBS/Deer/DeerStagAndDoe/Meshes/SK_DeerStag.uexp" 3537
"D:/UEProjects/MO57/Content/UltraDynamicSky/Blueprints/Weather_Effects/System/UDW_Wind_Camera_Shake.uasset" 3538
"D:/UEProjects/MO57/Content/UltraDynamicSky/Blueprints/Weather_Effects/System/UDW_Wind_Camera_Shake.uexp" 3539
"D:/UEProjects/MO57/Plugins/MOFramework/Content/MOBS/Deer/DeerStagAndDoe/Animations/ANIM_DeerDoe_Death.uasset" 3540
"D:/UEProjects/MO57/Plugins/MOFramework/Content/MOBS/Deer/DeerStagAndDoe/Animations/ANIM_DeerDoe_Death.uexp" 3541
"D:/UEProjects/MO57/Plugins/MOFramework/Content/MOBS/Deer/DeerStagAndDoe/Animations/ANIM_DeerDoe_GetHit.uasset" 3542
"D:/UEProjects/MO57/Plugins/MOFramework/Content/MOBS/Deer/DeerStagAndDoe/Animations/ANIM_DeerDoe_GetHit.uexp" 3543
"D:/UEProjects/MO57/Plugins/MOFramework/Content/MOBS/Deer/DeerStagAndDoe/Animations/ANIM_DeerDoe_GoToRest.uasset" 3544
"D:/UEProjects/MO57/Plugins/MOFramework/Content/MOBS/Deer/DeerStagAndDoe/Animations/ANIM_DeerDoe_GoToRest.uexp" 3545
"D:/UEProjects/MO57/Plugins/MOFramework/Content/MOBS/Deer/DeerStagAndDoe/Animations/ANIM_DeerDoe_GrazeOnce.uasset" 3546
"D:/UEProjects/MO57/Plugins/MOFramework/Content/MOBS/Deer/DeerStagAndDoe/Animations/ANIM_DeerDoe_GrazeOnce.uexp" 3547
"D:/UEProjects/MO57/Content/UltraDynamicSky/Textures/LensFlares/Rough_Abberated_Bokeh.uasset" 3548
"D:/UEProjects/MO57/Content/UltraDynamicSky/Textures/LensFlares/Rough_Abberated_Bokeh.uexp" 3549
"D:/UEProjects/MO57/Content/UltraDynamicSky/Materials/Material_Functions/Lens_Flare_Element.uasset" 3550
"D:/UEProjects/MO57/Content/UltraDynamicSky/Materials/Material_Functions/Lens_Flare_Element.uexp" 3551
"D:/UEProjects/MO57/Content/UltraDynamicSky/Textures/LensFlares/Flare_Line.uasset" 3552
"D:/UEProjects/MO57/Content/UltraDynamicSky/Textures/LensFlares/Flare_Line.uexp" 3553
"D:/UEProjects/MO57/Content/UltraDynamicSky/Textures/LensFlares/Star_Flare.uasset" 3554
"D:/UEProjects/MO57/Content/UltraDynamicSky/Textures/LensFlares/Star_Flare.uexp" 3555
"D:/UEProjects/MO57/Content/UltraDynamicSky/Materials/Lens_Flare.uasset" 3556
"D:/UEProjects/MO57/Content/UltraDynamicSky/Materials/Lens_Flare.uexp" 3557
"D:/UEProjects/MO57/Content/UltraDynamicSky/Textures/LensFlares/Circle_Bokeh.uasset" 3558
"D:/UEProjects/MO57/Content/UltraDynamicSky/Textures/LensFlares/Circle_Bokeh.uexp" 3559
"D:/UEProjects/MO57/Content/UltraDynamicSky/Textures/LensFlares/Prime_Flare.uasset" 3560
"D:/UEProjects/MO57/Content/UltraDynamicSky/Textures/LensFlares/Prime_Flare.uexp" 3561
"D:/UEProjects/MO57/Content/UltraDynamicSky/Textures/LensFlares/Rainbow_Ring.uasset" 3562
"D:/UEProjects/MO57/Content/UltraDynamicSky/Textures/LensFlares/Rainbow_Ring.uexp" 3563
"D:/UEProjects/MO57/Content/UltraDynamicSky/Materials/Material_Instances/Lens_Flares/35mm_Prime.uasset" 3564
"D:/UEProjects/MO57/Content/UltraDynamicSky/Materials/Material_Instances/Lens_Flares/35mm_Prime.uexp" 3565
"D:/UEProjects/MO57/Content/UltraDynamicSky/Textures/LensFlares/Anamorphic_Flare.uasset" 3566
"D:/UEProjects/MO57/Content/UltraDynamicSky/Textures/LensFlares/Anamorphic_Flare.uexp" 3567
"D:/UEProjects/MO57/Content/UltraDynamicSky/Textures/LensFlares/Anamorphic_Streak.uasset" 3568
"D:/UEProjects/MO57/Content/UltraDynamicSky/Textures/LensFlares/Anamorphic_Streak.uexp" 3569
"D:/UEProjects/MO57/Content/UltraDynamicSky/Materials/Material_Instances/Lens_Flares/Anamorphic.uasset" 3570
"D:/UEProjects/MO57/Content/UltraDynamicSky/Materials/Material_Instances/Lens_Flares/Anamorphic.uexp" 3571
"D:/UEProjects/MO57/Content/UltraDynamicSky/Textures/LensFlares/Soft_Abberation.uasset" 3572
"D:/UEProjects/MO57/Content/UltraDynamicSky/Textures/LensFlares/Soft_Abberation.uexp" 3573
"D:/UEProjects/MO57/Content/UltraDynamicSky/Materials/Material_Instances/Lens_Flares/Zoom_Chromatic.uasset" 3574
"D:/UEProjects/MO57/Content/UltraDynamicSky/Materials/Material_Instances/Lens_Flares/Zoom_Chromatic.uexp" 3575
"D:/UEProjects/MO57/Content/UltraDynamicSky/Materials/Material_Functions/Cloud_Shadow_Light_Angle_Offset.uasset" 3576
"D:/UEProjects/MO57/Content/UltraDynamicSky/Materials/Material_Functions/Cloud_Shadow_Light_Angle_Offset.uexp" 3577
"D:/UEProjects/MO57/Content/UltraDynamicSky/Materials/Material_Functions/2D_Cloud_Shadows_MF.uasset" 3578
"D:/UEProjects/MO57/Content/UltraDynamicSky/Materials/Material_Functions/2D_Cloud_Shadows_MF.uexp" 3579
"D:/UEProjects/MO57/Content/UltraDynamicSky/Materials/Material_Functions/LightFunctionAtlas_Position.uasset" 3580
"D:/UEProjects/MO57/Content/UltraDynamicSky/Materials/Material_Functions/LightFunctionAtlas_Position.uexp" 3581
"D:/UEProjects/MO57/Content/UltraDynamicSky/Materials/Material_Functions/Volumetric_Cloud_Shadows_MF.uasset" 3582
"D:/UEProjects/MO57/Content/UltraDynamicSky/Materials/Material_Functions/Volumetric_Cloud_Shadows_MF.uexp" 3583
"D:/UEProjects/MO57/Content/UltraDynamicSky/Materials/Cloud_Shadows_and_Caustics.uasset" 3584
"D:/UEProjects/MO57/Content/UltraDynamicSky/Materials/Cloud_Shadows_and_Caustics.uexp" 3585
"D:/UEProjects/MO57/Content/UltraDynamicSky/Materials/Material_Instances/Light_Functions/LF_2DCloud_Shadows.uasset" 3586
"D:/UEProjects/MO57/Content/UltraDynamicSky/Materials/Material_Instances/Light_Functions/LF_2DCloud_Shadows.uexp" 3587
"D:/UEProjects/MO57/Content/UltraDynamicSky/Materials/Material_Instances/Light_Functions/LF_2DCloud_Shadows_Caustics.uasset" 3588
"D:/UEProjects/MO57/Content/UltraDynamicSky/Materials/Material_Instances/Light_Functions/LF_2DCloud_Shadows_Caustics.uexp" 3589
"D:/UEProjects/MO57/Content/UltraDynamicSky/Materials/Material_Instances/Light_Functions/LF_Basic.uasset" 3590
"D:/UEProjects/MO57/Content/UltraDynamicSky/Materials/Material_Instances/Light_Functions/LF_Basic.uexp" 3591
"D:/UEProjects/MO57/Content/UltraDynamicSky/Materials/Material_Instances/Light_Functions/LF_CausticsOnly.uasset" 3592
"D:/UEProjects/MO57/Content/UltraDynamicSky/Materials/Material_Instances/Light_Functions/LF_CausticsOnly.uexp" 3593
"D:/UEProjects/MO57/Plugins/MOFramework/Content/MOBS/Deer/DeerStagAndDoe/Animations/ANIM_DeerDoe_IdleSleep.uasset" 3594
"D:/UEProjects/MO57/Plugins/MOFramework/Content/MOBS/Deer/DeerStagAndDoe/Animations/ANIM_DeerDoe_IdleSleep.uexp" 3595
"D:/UEProjects/MO57/Content/UltraDynamicSky/Materials/Material_Instances/Light_Functions/LF_VolCloud_Shadows_Caustics.uasset" 3596
"D:/UEProjects/MO57/Content/UltraDynamicSky/Materials/Material_Instances/Light_Functions/LF_VolCloud_Shadows_Caustics.uexp" 3597
"../../../Engine/Content/EngineMaterials/FlatNormal.uasset" 3598
"../../../Engine/Content/EngineMaterials/FlatNormal.uexp" 3599
"D:/UEProjects/MO57/Content/UltraDynamicSky/Textures/Space/Planets_Moons/Deform_Noise.ubulk" 3600
"D:/UEProjects/MO57/Content/UltraDynamicSky/Textures/Space/Planets_Moons/Deform_Noise.uasset" 3601
"D:/UEProjects/MO57/Content/UltraDynamicSky/Textures/Space/Planets_Moons/Deform_Noise.uexp" 3602
"D:/UEProjects/MO57/Content/UltraDynamicSky/Materials/Space/Space_Planet_Mat.uasset" 3603
"D:/UEProjects/MO57/Content/UltraDynamicSky/Materials/Space/Space_Planet_Mat.uexp" 3604
"D:/UEProjects/MO57/Content/UltraDynamicSky/Materials/Space/Instances/Space_Planet_Default.uasset" 3605
"D:/UEProjects/MO57/Content/UltraDynamicSky/Materials/Space/Instances/Space_Planet_Default.uexp" 3606
"D:/UEProjects/MO57/Content/UltraDynamicSky/Materials/Space/Instances/Space_Planet_A.uasset" 3607
"D:/UEProjects/MO57/Content/UltraDynamicSky/Materials/Space/Instances/Space_Planet_A.uexp" 3608
"D:/UEProjects/MO57/Plugins/MOFramework/Content/MOBS/Deer/DeerStagAndDoe/Animations/ANIM_DeerDoe_RestToGoBackUp.uasset" 3609
"D:/UEProjects/MO57/Plugins/MOFramework/Content/MOBS/Deer/DeerStagAndDoe/Animations/ANIM_DeerDoe_RestToGoBackUp.uexp" 3610
"D:/UEProjects/MO57/Content/UltraDynamicSky/Materials/Space/Instances/Space_Planet_N.uasset" 3611
"D:/UEProjects/MO57/Content/UltraDynamicSky/Materials/Space/Instances/Space_Planet_N.uexp" 3612
"D:/UEProjects/MO57/Content/UltraDynamicSky/Materials/Space/Instances/Space_Planet_NA.uasset" 3613
"D:/UEProjects/MO57/Content/UltraDynamicSky/Materials/Space/Instances/Space_Planet_NA.uexp" 3614
"D:/UEProjects/MO57/Content/UltraDynamicSky/Textures/Icons/Weather/Symbols/Blizzard.uasset" 3615
"D:/UEProjects/MO57/Content/UltraDynamicSky/Textures/Icons/Weather/Symbols/Blizzard.uexp" 3616
"D:/UEProjects/MO57/Content/UltraDynamicSky/Textures/Icons/Weather/Blizzard.uasset" 3617
"D:/UEProjects/MO57/Content/UltraDynamicSky/Textures/Icons/Weather/Blizzard.uexp" 3618
"D:/UEProjects/MO57/Content/UltraDynamicSky/Textures/Icons/Weather/Symbols/Clear-Skies.uasset" 3619
"D:/UEProjects/MO57/Content/UltraDynamicSky/Textures/Icons/Weather/Symbols/Clear-Skies.uexp" 3620
"D:/UEProjects/MO57/Plugins/MOFramework/Content/MOBS/Deer/DeerStagAndDoe/Animations/ANIM_DeerDoe_Run_RM.uasset" 3621
"D:/UEProjects/MO57/Plugins/MOFramework/Content/MOBS/Deer/DeerStagAndDoe/Animations/ANIM_DeerDoe_Run_RM.uexp" 3622
"D:/UEProjects/MO57/Content/UltraDynamicSky/Textures/Icons/Weather/Clear_Skies.uasset" 3623
"D:/UEProjects/MO57/Content/UltraDynamicSky/Textures/Icons/Weather/Clear_Skies.uexp" 3624
"D:/UEProjects/MO57/Plugins/MOFramework/Content/MOBS/Deer/DeerStagAndDoe/Animations/ANIM_DeerDoe_SleepToGoBackUp.uasset" 3625
"D:/UEProjects/MO57/Plugins/MOFramework/Content/MOBS/Deer/DeerStagAndDoe/Animations/ANIM_DeerDoe_SleepToGoBackUp.uexp" 3626
"D:/UEProjects/MO57/Content/UltraDynamicSky/Textures/Icons/Weather/Symbols/Cloudy.uasset" 3627
"D:/UEProjects/MO57/Content/UltraDynamicSky/Textures/Icons/Weather/Symbols/Cloudy.uexp" 3628
"D:/UEProjects/MO57/Content/UltraDynamicSky/Textures/Icons/Weather/Symbols/Dust.uasset" 3629
"D:/UEProjects/MO57/Content/UltraDynamicSky/Textures/Icons/Weather/Symbols/Dust.uexp" 3630
"D:/UEProjects/MO57/Content/UltraDynamicSky/Textures/Icons/Weather/Cloudy.uasset" 3631
"D:/UEProjects/MO57/Content/UltraDynamicSky/Textures/Icons/Weather/Cloudy.uexp" 3632
"D:/UEProjects/MO57/Content/UltraDynamicSky/Textures/Icons/Weather/Dust.uasset" 3633
"D:/UEProjects/MO57/Content/UltraDynamicSky/Textures/Icons/Weather/Dust.uexp" 3634
"D:/UEProjects/MO57/Content/UltraDynamicSky/Textures/Icons/Weather/Symbols/DustStorm.uasset" 3635
"D:/UEProjects/MO57/Content/UltraDynamicSky/Textures/Icons/Weather/Symbols/DustStorm.uexp" 3636
"D:/UEProjects/MO57/Content/UltraDynamicSky/Textures/Icons/Weather/DustStorm.uasset" 3637
"D:/UEProjects/MO57/Content/UltraDynamicSky/Textures/Icons/Weather/DustStorm.uexp" 3638
"D:/UEProjects/MO57/Plugins/MOFramework/Content/MOBS/Deer/DeerStagAndDoe/Animations/ANIM_DeerDoe_WalkGraze.uasset" 3639
"D:/UEProjects/MO57/Plugins/MOFramework/Content/MOBS/Deer/DeerStagAndDoe/Animations/ANIM_DeerDoe_WalkGraze.uexp" 3640
"D:/UEProjects/MO57/Content/UltraDynamicSky/Textures/Icons/Weather/Foggy.uasset" 3641
"D:/UEProjects/MO57/Content/UltraDynamicSky/Textures/Icons/Weather/Foggy.uexp" 3642
"D:/UEProjects/MO57/Plugins/MOFramework/Content/Items/RawMeat01/Medium/weukfcwaa_tier_2/Textures/T_weukfcwaa_2K_B.ubulk" 3643
"D:/UEProjects/MO57/Plugins/MOFramework/Content/Items/RawMeat01/Medium/weukfcwaa_tier_2/Textures/T_weukfcwaa_2K_B.uasset" 3644
"D:/UEProjects/MO57/Plugins/MOFramework/Content/Items/RawMeat01/Medium/weukfcwaa_tier_2/Textures/T_weukfcwaa_2K_B.uexp" 3645
"D:/UEProjects/MO57/Plugins/MOFramework/Content/Items/RawMeat01/Medium/weukfcwaa_tier_2/Textures/T_weukfcwaa_2K_N.ubulk" 3646
"D:/UEProjects/MO57/Plugins/MOFramework/Content/Items/RawMeat01/Medium/weukfcwaa_tier_2/Textures/T_weukfcwaa_2K_N.uasset" 3647
"D:/UEProjects/MO57/Plugins/MOFramework/Content/Items/RawMeat01/Medium/weukfcwaa_tier_2/Textures/T_weukfcwaa_2K_N.uexp" 3648
"D:/UEProjects/MO57/Plugins/MOFramework/Content/Items/RawMeat01/Medium/weukfcwaa_tier_2/Textures/T_weukfcwaa_2K_ORM.ubulk" 3649
"D:/UEProjects/MO57/Plugins/MOFramework/Content/Items/RawMeat01/Medium/weukfcwaa_tier_2/Textures/T_weukfcwaa_2K_ORM.uasset" 3650
"D:/UEProjects/MO57/Plugins/MOFramework/Content/Items/RawMeat01/Medium/weukfcwaa_tier_2/Textures/T_weukfcwaa_2K_ORM.uexp" 3651
"D:/UEProjects/MO57/Plugins/MOFramework/Content/Items/RawMeat01/Medium/weukfcwaa_tier_2/Materials/MI_weukfcwaa.uasset" 3652
"D:/UEProjects/MO57/Plugins/MOFramework/Content/Items/RawMeat01/Medium/weukfcwaa_tier_2/Materials/MI_weukfcwaa.uexp" 3653
"D:/UEProjects/MO57/Plugins/MOFramework/Content/Items/RawMeat01/Medium/weukfcwaa_tier_2/StaticMeshes/weukfcwaa_tier_2.ubulk" 3654
"D:/UEProjects/MO57/Plugins/MOFramework/Content/Items/RawMeat01/Medium/weukfcwaa_tier_2/StaticMeshes/weukfcwaa_tier_2.uasset" 3655
"D:/UEProjects/MO57/Plugins/MOFramework/Content/Items/RawMeat01/Medium/weukfcwaa_tier_2/StaticMeshes/weukfcwaa_tier_2.uexp" 3656
"D:/UEProjects/MO57/Content/UltraDynamicSky/Textures/Icons/Weather/Symbols/Foggy.uasset" 3657
"D:/UEProjects/MO57/Content/UltraDynamicSky/Textures/Icons/Weather/Symbols/Foggy.uexp" 3658
"D:/UEProjects/MO57/Content/UltraDynamicSky/Textures/Icons/Weather/LightRain.uasset" 3659
"D:/UEProjects/MO57/Content/UltraDynamicSky/Textures/Icons/Weather/LightRain.uexp" 3660
"D:/UEProjects/MO57/Plugins/MOFramework/Content/MOBS/Deer/DeerStagAndDoe/Animations/ANIM_DeerDoe_WalkGraze_RM.uasset" 3661
"D:/UEProjects/MO57/Plugins/MOFramework/Content/MOBS/Deer/DeerStagAndDoe/Animations/ANIM_DeerDoe_WalkGraze_RM.uexp" 3662
"D:/UEProjects/MO57/Content/UltraDynamicSky/Textures/Icons/Weather/Symbols/LightRain.uasset" 3663
"D:/UEProjects/MO57/Content/UltraDynamicSky/Textures/Icons/Weather/Symbols/LightRain.uexp" 3664
"D:/UEProjects/MO57/Content/UltraDynamicSky/Textures/Icons/Weather/Symbols/Light_Snow.uasset" 3665
"D:/UEProjects/MO57/Content/UltraDynamicSky/Textures/Icons/Weather/Symbols/Light_Snow.uexp" 3666
"D:/UEProjects/MO57/Content/UltraDynamicSky/Textures/Icons/Weather/Symbols/Overcast.uasset" 3667
"D:/UEProjects/MO57/Content/UltraDynamicSky/Textures/Icons/Weather/Symbols/Overcast.uexp" 3668
"D:/UEProjects/MO57/Plugins/MOFramework/Content/MOBS/Deer/DeerStagAndDoe/Animations/ANIM_DeerDoe_WalkTurnL_RM.uasset" 3669
"D:/UEProjects/MO57/Plugins/MOFramework/Content/MOBS/Deer/DeerStagAndDoe/Animations/ANIM_DeerDoe_WalkTurnL_RM.uexp" 3670
"D:/UEProjects/MO57/Content/UltraDynamicSky/Textures/Icons/Weather/Symbols/PartlyCloudy.uasset" 3671
"D:/UEProjects/MO57/Content/UltraDynamicSky/Textures/Icons/Weather/Symbols/PartlyCloudy.uexp" 3672
"D:/UEProjects/MO57/Plugins/MOFramework/Content/Items/RiverCobble01/Medium/wd5mbhd_tier_2/Textures/T_wd5mbhd_2K_B.ubulk" 3673
"D:/UEProjects/MO57/Plugins/MOFramework/Content/Items/RiverCobble01/Medium/wd5mbhd_tier_2/Textures/T_wd5mbhd_2K_B.uasset" 3674
"D:/UEProjects/MO57/Plugins/MOFramework/Content/Items/RiverCobble01/Medium/wd5mbhd_tier_2/Textures/T_wd5mbhd_2K_B.uexp" 3675
"D:/UEProjects/MO57/Plugins/MOFramework/Content/Items/RiverCobble01/Medium/wd5mbhd_tier_2/Textures/T_wd5mbhd_2K_N.ubulk" 3676
"D:/UEProjects/MO57/Plugins/MOFramework/Content/Items/RiverCobble01/Medium/wd5mbhd_tier_2/Textures/T_wd5mbhd_2K_N.uasset" 3677
"D:/UEProjects/MO57/Plugins/MOFramework/Content/Items/RiverCobble01/Medium/wd5mbhd_tier_2/Textures/T_wd5mbhd_2K_N.uexp" 3678
"D:/UEProjects/MO57/Plugins/MOFramework/Content/Items/RiverCobble01/Medium/wd5mbhd_tier_2/Textures/T_wd5mbhd_2K_ORM.ubulk" 3679
"D:/UEProjects/MO57/Plugins/MOFramework/Content/Items/RiverCobble01/Medium/wd5mbhd_tier_2/Textures/T_wd5mbhd_2K_ORM.uasset" 3680
"D:/UEProjects/MO57/Plugins/MOFramework/Content/Items/RiverCobble01/Medium/wd5mbhd_tier_2/Textures/T_wd5mbhd_2K_ORM.uexp" 3681
"D:/UEProjects/MO57/Plugins/MOFramework/Content/Items/RiverCobble01/Medium/wd5mbhd_tier_2/Materials/MI_wd5mbhd.uasset" 3682
"D:/UEProjects/MO57/Plugins/MOFramework/Content/Items/RiverCobble01/Medium/wd5mbhd_tier_2/Materials/MI_wd5mbhd.uexp" 3683
"D:/UEProjects/MO57/Plugins/MOFramework/Content/Items/RiverCobble01/Medium/wd5mbhd_tier_2/StaticMeshes/wd5mbhd_tier_2.ubulk" 3684
"D:/UEProjects/MO57/Plugins/MOFramework/Content/Items/RiverCobble01/Medium/wd5mbhd_tier_2/StaticMeshes/wd5mbhd_tier_2.uasset" 3685
"D:/UEProjects/MO57/Plugins/MOFramework/Content/Items/RiverCobble01/Medium/wd5mbhd_tier_2/StaticMeshes/wd5mbhd_tier_2.uexp" 3686
"D:/UEProjects/MO57/Content/UltraDynamicSky/Textures/Icons/Weather/Symbols/Rain.uasset" 3687
"D:/UEProjects/MO57/Content/UltraDynamicSky/Textures/Icons/Weather/Symbols/Rain.uexp" 3688
"D:/UEProjects/MO57/Content/UltraDynamicSky/Textures/Icons/Weather/Symbols/Snow.uasset" 3689
"D:/UEProjects/MO57/Content/UltraDynamicSky/Textures/Icons/Weather/Symbols/Snow.uexp" 3690
"D:/UEProjects/MO57/Plugins/MOFramework/Content/MOBS/Deer/DeerStagAndDoe/Animations/ANIM_DeerDoe_WalkTurnR_RM.uasset" 3691
"D:/UEProjects/MO57/Plugins/MOFramework/Content/MOBS/Deer/DeerStagAndDoe/Animations/ANIM_DeerDoe_WalkTurnR_RM.uexp" 3692
"../../../Engine/Plugins/MetaHuman/MetaHumanCharacter/Content/Optional/Grooms/HighlightsTextures/HighlightMask_strips.ubulk" 3693
"../../../Engine/Plugins/MetaHuman/MetaHumanCharacter/Content/Optional/Grooms/HighlightsTextures/HighlightMask_strips.uasset" 3694
"../../../Engine/Plugins/MetaHuman/MetaHumanCharacter/Content/Optional/Grooms/HighlightsTextures/HighlightMask_strips.uexp" 3695
"D:/UEProjects/MO57/Content/UltraDynamicSky/Textures/Icons/Weather/Symbols/Thunderstorms.uasset" 3696
"D:/UEProjects/MO57/Content/UltraDynamicSky/Textures/Icons/Weather/Symbols/Thunderstorms.uexp" 3697
"D:/UEProjects/MO57/Plugins/MOFramework/Content/MOBS/Deer/DeerStagAndDoe/Animations/ANIM_DeerDoe_Walk_RM.uasset" 3698
"D:/UEProjects/MO57/Plugins/MOFramework/Content/MOBS/Deer/DeerStagAndDoe/Animations/ANIM_DeerDoe_Walk_RM.uexp" 3699
"D:/UEProjects/MO57/Content/UltraDynamicSky/Textures/Icons/Weather/Symbols/Unknown.uasset" 3700
"D:/UEProjects/MO57/Content/UltraDynamicSky/Textures/Icons/Weather/Symbols/Unknown.uexp" 3701
"../../../Engine/Content/Functions/Engine_MaterialFunctions01/Shading/FuzzyShading.uasset" 3702
"../../../Engine/Content/Functions/Engine_MaterialFunctions01/Shading/FuzzyShading.uexp" 3703
"../../../Engine/Plugins/Fab/Content/MaterialFunctions/QMF_Fuzz.uasset" 3704
"../../../Engine/Plugins/Fab/Content/MaterialFunctions/QMF_Fuzz.uexp" 3705
"../../../Engine/Plugins/Fab/Content/Textures/Standard/T_DefaultOther.uasset" 3706
"../../../Engine/Plugins/Fab/Content/Textures/Standard/T_DefaultOther.uexp" 3707
"../../../Engine/Plugins/Fab/Content/Materials/Standard/M_MS_Base_Fuzz.uasset" 3708
"../../../Engine/Plugins/Fab/Content/Materials/Standard/M_MS_Base_Fuzz.uexp" 3709
"D:/UEProjects/MO57/Plugins/MOFramework/Content/Items/Stick01/Medium/uehjfcofa_tier_2/Textures/T_uehjfcofa_2K_B.ubulk" 3710
"D:/UEProjects/MO57/Plugins/MOFramework/Content/Items/Stick01/Medium/uehjfcofa_tier_2/Textures/T_uehjfcofa_2K_B.uasset" 3711
"D:/UEProjects/MO57/Plugins/MOFramework/Content/Items/Stick01/Medium/uehjfcofa_tier_2/Textures/T_uehjfcofa_2K_B.uexp" 3712
"D:/UEProjects/MO57/Plugins/MOFramework/Content/Items/Stick01/Medium/uehjfcofa_tier_2/Textures/T_uehjfcofa_2K_N.ubulk" 3713
"D:/UEProjects/MO57/Plugins/MOFramework/Content/Items/Stick01/Medium/uehjfcofa_tier_2/Textures/T_uehjfcofa_2K_N.uasset" 3714
"D:/UEProjects/MO57/Plugins/MOFramework/Content/Items/Stick01/Medium/uehjfcofa_tier_2/Textures/T_uehjfcofa_2K_N.uexp" 3715
"D:/UEProjects/MO57/Plugins/MOFramework/Content/Items/Stick01/Medium/uehjfcofa_tier_2/Textures/T_uehjfcofa_2K_ORM.ubulk" 3716
"D:/UEProjects/MO57/Plugins/MOFramework/Content/Items/Stick01/Medium/uehjfcofa_tier_2/Textures/T_uehjfcofa_2K_ORM.uasset" 3717
"D:/UEProjects/MO57/Plugins/MOFramework/Content/Items/Stick01/Medium/uehjfcofa_tier_2/Textures/T_uehjfcofa_2K_ORM.uexp" 3718
"D:/UEProjects/MO57/Plugins/MOFramework/Content/Items/Stick01/Medium/uehjfcofa_tier_2/Materials/MI_uehjfcofa.uasset" 3719
"D:/UEProjects/MO57/Plugins/MOFramework/Content/Items/Stick01/Medium/uehjfcofa_tier_2/Materials/MI_uehjfcofa.uexp" 3720
"D:/UEProjects/MO57/Plugins/MOFramework/Content/Items/Stick01/Medium/uehjfcofa_tier_2/StaticMeshes/uehjfcofa_tier_2.ubulk" 3721
"D:/UEProjects/MO57/Plugins/MOFramework/Content/Items/Stick01/Medium/uehjfcofa_tier_2/StaticMeshes/uehjfcofa_tier_2.uasset" 3722
"D:/UEProjects/MO57/Plugins/MOFramework/Content/Items/Stick01/Medium/uehjfcofa_tier_2/StaticMeshes/uehjfcofa_tier_2.uexp" 3723
"D:/UEProjects/MO57/Plugins/MOFramework/Content/MOBS/Deer/DeerStagAndDoe/Animations/ANIM_DeerStag_AntlersAttack.uasset" 3724
"D:/UEProjects/MO57/Plugins/MOFramework/Content/MOBS/Deer/DeerStagAndDoe/Animations/ANIM_DeerStag_AntlersAttack.uexp" 3725
"D:/UEProjects/MO57/Plugins/MOFramework/Content/Items/Stick01/Medium/uehjfcofa_tier_2/Textures/T_uehjfcofa_2K_F.ubulk" 3726
"D:/UEProjects/MO57/Plugins/MOFramework/Content/Items/Stick01/Medium/uehjfcofa_tier_2/Textures/T_uehjfcofa_2K_F.uasset" 3727
"D:/UEProjects/MO57/Plugins/MOFramework/Content/Items/Stick01/Medium/uehjfcofa_tier_2/Textures/T_uehjfcofa_2K_F.uexp" 3728
"D:/UEProjects/MO57/Plugins/MOFramework/Content/MOBS/Deer/DeerStagAndDoe/Animations/ANIM_DeerStag_AntlersComboAttack.uasset" 3729
"D:/UEProjects/MO57/Plugins/MOFramework/Content/MOBS/Deer/DeerStagAndDoe/Animations/ANIM_DeerStag_AntlersComboAttack.uexp" 3730
"D:/UEProjects/MO57/Plugins/MOFramework/Content/MOBS/Deer/DeerStagAndDoe/Animations/ANIM_DeerStag_AntlersComboAttack_RM.uasset" 3731
"D:/UEProjects/MO57/Plugins/MOFramework/Content/MOBS/Deer/DeerStagAndDoe/Animations/ANIM_DeerStag_AntlersComboAttack_RM.uexp" 3732
"../../../Engine/Content/Functions/Engine_MaterialFunctions03/Blends/Blend_Screen.uasset" 3733
"../../../Engine/Content/Functions/Engine_MaterialFunctions03/Blends/Blend_Screen.uexp" 3734
"../../../Engine/Content/EditorMaterials/TilingAALineIntegral.uasset" 3735
"../../../Engine/Content/EditorMaterials/TilingAALineIntegral.uexp" 3736
"../../../Engine/Content/EditorMaterials/TilingAALineBoxFiltered.uasset" 3737
"../../../Engine/Content/EditorMaterials/TilingAALineBoxFiltered.uexp" 3738
"../../../Engine/Content/Functions/Engine_MaterialFunctions03/Procedurals/ComputeFilterWidth.uasset" 3739
"../../../Engine/Content/Functions/Engine_MaterialFunctions03/Procedurals/ComputeFilterWidth.uexp" 3740
"../../../Engine/Content/EditorMaterials/TilingAAGrid.uasset" 3741
"../../../Engine/Content/EditorMaterials/TilingAAGrid.uexp" 3742
"../../../Engine/Plugins/Experimental/Landmass/Content/Landscape/BlueprintBrushes/MPC/MPC_Landscape.uasset" 3743
"../../../Engine/Plugins/Experimental/Landmass/Content/Landscape/BlueprintBrushes/MPC/MPC_Landscape.uexp" 3744
"../../../Engine/Plugins/Experimental/Landmass/Content/Landscape/BlueprintBrushes/MF/PointSampleLandscapeUVs.uasset" 3745
"../../../Engine/Plugins/Experimental/Landmass/Content/Landscape/BlueprintBrushes/MF/PointSampleLandscapeUVs.uexp" 3746
"../../../Engine/Content/Functions/Engine_MaterialFunctions01/ImageAdjustment/SCurve.uasset" 3747
"../../../Engine/Content/Functions/Engine_MaterialFunctions01/ImageAdjustment/SCurve.uexp" 3748
"../../../Engine/Plugins/Experimental/Landmass/Content/Landscape/OldPrototype_BP/Mats/MF/UnpackRG8Height.uasset" 3749
"../../../Engine/Plugins/Experimental/Landmass/Content/Landscape/OldPrototype_BP/Mats/MF/UnpackRG8Height.uexp" 3750
"../../../Engine/Content/ArtTools/RenderToTexture/Textures/T_EV_BlankWhite_01.uasset" 3751
"../../../Engine/Content/ArtTools/RenderToTexture/Textures/T_EV_BlankWhite_01.uexp" 3752
"../../../Engine/Plugins/Experimental/Landmass/Content/Landscape/BlueprintBrushes/MF/LandmassBrush_UVs.uasset" 3753
"../../../Engine/Plugins/Experimental/Landmass/Content/Landscape/BlueprintBrushes/MF/LandmassBrush_UVs.uexp" 3754
"../../../Engine/Plugins/Experimental/Landmass/Content/Landscape/BlueprintBrushes/MF/LandmassBrush_EdgeFalloff.uasset" 3755
"../../../Engine/Plugins/Experimental/Landmass/Content/Landscape/BlueprintBrushes/MF/LandmassBrush_EdgeFalloff.uexp" 3756
"../../../Engine/Plugins/Experimental/Landmass/Content/Landscape/BlueprintBrushes/MF/LandmassBrush_Noise.uasset" 3757
"../../../Engine/Plugins/Experimental/Landmass/Content/Landscape/BlueprintBrushes/MF/LandmassBrush_Noise.uexp" 3758
"../../../Engine/Plugins/Experimental/Landmass/Content/Landscape/BlueprintBrushes/MF/Landmass_BrushTilt.uasset" 3759
"../../../Engine/Plugins/Experimental/Landmass/Content/Landscape/BlueprintBrushes/MF/Landmass_BrushTilt.uexp" 3760
"../../../Engine/Plugins/Experimental/Landmass/Content/Landscape/BlueprintBrushes/Materials/BrushMaterials/BasicFunctions/LandmassBrush_ShapeMask.uasset" 3761
"../../../Engine/Plugins/Experimental/Landmass/Content/Landscape/BlueprintBrushes/Materials/BrushMaterials/BasicFunctions/LandmassBrush_ShapeMask.uexp" 3762
"../../../Engine/Plugins/Experimental/Landmass/Content/Landscape/BlueprintBrushes/Materials/Internal/BrushBounds.uasset" 3763
"../../../Engine/Plugins/Experimental/Landmass/Content/Landscape/BlueprintBrushes/Materials/Internal/BrushBounds.uexp" 3764
"D:/UEProjects/MO57/Plugins/MOFramework/Content/MOBS/Deer/DeerStagAndDoe/Animations/ANIM_DeerStag_Death.uasset" 3765
"D:/UEProjects/MO57/Plugins/MOFramework/Content/MOBS/Deer/DeerStagAndDoe/Animations/ANIM_DeerStag_Death.uexp" 3766
"D:/UEProjects/MO57/Plugins/MOFramework/Content/Items/Stick02/Medium/SM_xfekfgv_tier_2/Textures/T_xfekfgv_2k_B.ubulk" 3767
"D:/UEProjects/MO57/Plugins/MOFramework/Content/Items/Stick02/Medium/SM_xfekfgv_tier_2/Textures/T_xfekfgv_2k_B.uasset" 3768
"D:/UEProjects/MO57/Plugins/MOFramework/Content/Items/Stick02/Medium/SM_xfekfgv_tier_2/Textures/T_xfekfgv_2k_B.uexp" 3769
"D:/UEProjects/MO57/Plugins/MOFramework/Content/Items/Stick02/Medium/SM_xfekfgv_tier_2/Textures/T_xfekfgv_2k_N.ubulk" 3770
"D:/UEProjects/MO57/Plugins/MOFramework/Content/Items/Stick02/Medium/SM_xfekfgv_tier_2/Textures/T_xfekfgv_2k_N.uasset" 3771
"D:/UEProjects/MO57/Plugins/MOFramework/Content/Items/Stick02/Medium/SM_xfekfgv_tier_2/Textures/T_xfekfgv_2k_N.uexp" 3772
"D:/UEProjects/MO57/Plugins/MOFramework/Content/Items/Stick02/Medium/SM_xfekfgv_tier_2/Textures/T_xfekfgv_2k_ORM.ubulk" 3773
"D:/UEProjects/MO57/Plugins/MOFramework/Content/Items/Stick02/Medium/SM_xfekfgv_tier_2/Textures/T_xfekfgv_2k_ORM.uasset" 3774
"D:/UEProjects/MO57/Plugins/MOFramework/Content/Items/Stick02/Medium/SM_xfekfgv_tier_2/Textures/T_xfekfgv_2k_ORM.uexp" 3775
"D:/UEProjects/MO57/Plugins/MOFramework/Content/Items/Stick02/Medium/SM_xfekfgv_tier_2/Materials/MI_xfekfgv.uasset" 3776
"D:/UEProjects/MO57/Plugins/MOFramework/Content/Items/Stick02/Medium/SM_xfekfgv_tier_2/Materials/MI_xfekfgv.uexp" 3777
"D:/UEProjects/MO57/Plugins/MOFramework/Content/Items/Stick02/Medium/SM_xfekfgv_tier_2/StaticMeshes/SM_xfekfgv_tier_2.ubulk" 3778
"D:/UEProjects/MO57/Plugins/MOFramework/Content/Items/Stick02/Medium/SM_xfekfgv_tier_2/StaticMeshes/SM_xfekfgv_tier_2.uasset" 3779
"D:/UEProjects/MO57/Plugins/MOFramework/Content/Items/Stick02/Medium/SM_xfekfgv_tier_2/StaticMeshes/SM_xfekfgv_tier_2.uexp" 3780
"D:/UEProjects/MO57/Plugins/MOFramework/Content/MOBS/Deer/DeerStagAndDoe/Animations/ANIM_DeerStag_GetHit.uasset" 3781
"D:/UEProjects/MO57/Plugins/MOFramework/Content/MOBS/Deer/DeerStagAndDoe/Animations/ANIM_DeerStag_GetHit.uexp" 3782
"D:/UEProjects/MO57/Plugins/MOFramework/Content/MOBS/Deer/DeerStagAndDoe/Animations/ANIM_DeerStag_GoToRest.uasset" 3783
"D:/UEProjects/MO57/Plugins/MOFramework/Content/MOBS/Deer/DeerStagAndDoe/Animations/ANIM_DeerStag_GoToRest.uexp" 3784
"D:/UEProjects/MO57/Plugins/MOFramework/Content/Items/Apple01/Medium/tgzoahbpa_tier_2/Textures/T_tgzoahbpa_2K_B.ubulk" 3785
"D:/UEProjects/MO57/Plugins/MOFramework/Content/Items/Apple01/Medium/tgzoahbpa_tier_2/Textures/T_tgzoahbpa_2K_B.uasset" 3786
"D:/UEProjects/MO57/Plugins/MOFramework/Content/Items/Apple01/Medium/tgzoahbpa_tier_2/Textures/T_tgzoahbpa_2K_B.uexp" 3787
"D:/UEProjects/MO57/Plugins/MOFramework/Content/Items/Apple01/Medium/tgzoahbpa_tier_2/Textures/T_tgzoahbpa_2K_N.ubulk" 3788
"D:/UEProjects/MO57/Plugins/MOFramework/Content/Items/Apple01/Medium/tgzoahbpa_tier_2/Textures/T_tgzoahbpa_2K_N.uasset" 3789
"D:/UEProjects/MO57/Plugins/MOFramework/Content/Items/Apple01/Medium/tgzoahbpa_tier_2/Textures/T_tgzoahbpa_2K_N.uexp" 3790
"D:/UEProjects/MO57/Plugins/MOFramework/Content/Items/Apple01/Medium/tgzoahbpa_tier_2/Textures/T_tgzoahbpa_2K_ORM.ubulk" 3791
"D:/UEProjects/MO57/Plugins/MOFramework/Content/Items/Apple01/Medium/tgzoahbpa_tier_2/Textures/T_tgzoahbpa_2K_ORM.uasset" 3792
"D:/UEProjects/MO57/Plugins/MOFramework/Content/Items/Apple01/Medium/tgzoahbpa_tier_2/Textures/T_tgzoahbpa_2K_ORM.uexp" 3793
"D:/UEProjects/MO57/Plugins/MOFramework/Content/Items/Apple01/Medium/tgzoahbpa_tier_2/Materials/MI_tgzoahbpa.uasset" 3794
"D:/UEProjects/MO57/Plugins/MOFramework/Content/Items/Apple01/Medium/tgzoahbpa_tier_2/Materials/MI_tgzoahbpa.uexp" 3795
"D:/UEProjects/MO57/Plugins/MOFramework/Content/Items/Apple01/Medium/tgzoahbpa_tier_2/StaticMeshes/tgzoahbpa_tier_2.ubulk" 3796
"D:/UEProjects/MO57/Plugins/MOFramework/Content/Items/Apple01/Medium/tgzoahbpa_tier_2/StaticMeshes/tgzoahbpa_tier_2.uasset" 3797
"D:/UEProjects/MO57/Plugins/MOFramework/Content/Items/Apple01/Medium/tgzoahbpa_tier_2/StaticMeshes/tgzoahbpa_tier_2.uexp" 3798
"D:/UEProjects/MO57/Plugins/MOFramework/Content/MOBS/Deer/DeerStagAndDoe/Animations/ANIM_DeerStag_GrazeOnce.uasset" 3799
"D:/UEProjects/MO57/Plugins/MOFramework/Content/MOBS/Deer/DeerStagAndDoe/Animations/ANIM_DeerStag_GrazeOnce.uexp" 3800
"D:/UEProjects/MO57/Plugins/MOFramework/Content/MOBS/Deer/DeerStagAndDoe/Animations/ANIM_DeerStag_IdleBreathe.uasset" 3801
"D:/UEProjects/MO57/Plugins/MOFramework/Content/MOBS/Deer/DeerStagAndDoe/Animations/ANIM_DeerStag_IdleBreathe.uexp" 3802
"D:/UEProjects/MO57/Plugins/MOFramework/Content/Items/WovenBasket01/Medium/ukqpfhsaw_tier_2/Textures/T_ukqpfhsaw_2K_B.ubulk" 3803
"D:/UEProjects/MO57/Plugins/MOFramework/Content/Items/WovenBasket01/Medium/ukqpfhsaw_tier_2/Textures/T_ukqpfhsaw_2K_B.uasset" 3804
"D:/UEProjects/MO57/Plugins/MOFramework/Content/Items/WovenBasket01/Medium/ukqpfhsaw_tier_2/Textures/T_ukqpfhsaw_2K_B.uexp" 3805
"D:/UEProjects/MO57/Plugins/MOFramework/Content/MOBS/Deer/DeerStagAndDoe/Animations/ANIM_DeerStag_IdleChew.uasset" 3806
"D:/UEProjects/MO57/Plugins/MOFramework/Content/MOBS/Deer/DeerStagAndDoe/Animations/ANIM_DeerStag_IdleChew.uexp" 3807
"D:/UEProjects/MO57/Plugins/MOFramework/Content/Items/WovenBasket01/Medium/ukqpfhsaw_tier_2/Textures/T_ukqpfhsaw_2K_N.ubulk" 3808
"D:/UEProjects/MO57/Plugins/MOFramework/Content/Items/WovenBasket01/Medium/ukqpfhsaw_tier_2/Textures/T_ukqpfhsaw_2K_N.uasset" 3809
"D:/UEProjects/MO57/Plugins/MOFramework/Content/Items/WovenBasket01/Medium/ukqpfhsaw_tier_2/Textures/T_ukqpfhsaw_2K_N.uexp" 3810
"../../../Engine/Content/EditorResources/S_Terrain.ubulk" 3811
"../../../Engine/Content/EditorResources/S_Terrain.uasset" 3812
"../../../Engine/Content/EditorResources/S_Terrain.uexp" 3813
"../../../Engine/Plugins/Experimental/Landmass/Content/Landscape/BlueprintBrushes/Materials/Sprite/M_BrushSprite_01.uasset" 3814
"../../../Engine/Plugins/Experimental/Landmass/Content/Landscape/BlueprintBrushes/Materials/Sprite/M_BrushSprite_01.uexp" 3815
"D:/UEProjects/MO57/Plugins/MOFramework/Content/MOBS/Deer/DeerStagAndDoe/Animations/ANIM_DeerStag_IdleGraze.uasset" 3816
"D:/UEProjects/MO57/Plugins/MOFramework/Content/MOBS/Deer/DeerStagAndDoe/Animations/ANIM_DeerStag_IdleGraze.uexp" 3817
"D:/UEProjects/MO57/Plugins/MOFramework/Content/Items/WovenBasket01/Medium/ukqpfhsaw_tier_2/Textures/T_ukqpfhsaw_2K_ORM.ubulk" 3818
"D:/UEProjects/MO57/Plugins/MOFramework/Content/Items/WovenBasket01/Medium/ukqpfhsaw_tier_2/Textures/T_ukqpfhsaw_2K_ORM.uasset" 3819
"D:/UEProjects/MO57/Plugins/MOFramework/Content/Items/WovenBasket01/Medium/ukqpfhsaw_tier_2/Textures/T_ukqpfhsaw_2K_ORM.uexp" 3820
"D:/UEProjects/MO57/Plugins/MOFramework/Content/MOBS/Deer/DeerStagAndDoe/Animations/ANIM_DeerStag_IdleLookAround.uasset" 3821
"D:/UEProjects/MO57/Plugins/MOFramework/Content/MOBS/Deer/DeerStagAndDoe/Animations/ANIM_DeerStag_IdleLookAround.uexp" 3822
"D:/UEProjects/MO57/Plugins/MOFramework/Content/Items/Bark01/Medium/wjhiecy_tier_2/Textures/T_wjhiecy_2K_B.ubulk" 3823
"D:/UEProjects/MO57/Plugins/MOFramework/Content/Items/Bark01/Medium/wjhiecy_tier_2/Textures/T_wjhiecy_2K_B.uasset" 3824
"D:/UEProjects/MO57/Plugins/MOFramework/Content/Items/Bark01/Medium/wjhiecy_tier_2/Textures/T_wjhiecy_2K_B.uexp" 3825
"D:/UEProjects/MO57/Plugins/MOFramework/Content/Items/Bark01/Medium/wjhiecy_tier_2/Textures/T_wjhiecy_2K_N.ubulk" 3826
"D:/UEProjects/MO57/Plugins/MOFramework/Content/Items/Bark01/Medium/wjhiecy_tier_2/Textures/T_wjhiecy_2K_N.uasset" 3827
"D:/UEProjects/MO57/Plugins/MOFramework/Content/Items/Bark01/Medium/wjhiecy_tier_2/Textures/T_wjhiecy_2K_N.uexp" 3828
"D:/UEProjects/MO57/Plugins/MOFramework/Content/Items/Bark01/Medium/wjhiecy_tier_2/Textures/T_wjhiecy_2K_ORM.ubulk" 3829
"D:/UEProjects/MO57/Plugins/MOFramework/Content/Items/Bark01/Medium/wjhiecy_tier_2/Textures/T_wjhiecy_2K_ORM.uasset" 3830
"D:/UEProjects/MO57/Plugins/MOFramework/Content/Items/Bark01/Medium/wjhiecy_tier_2/Textures/T_wjhiecy_2K_ORM.uexp" 3831
"D:/UEProjects/MO57/Plugins/MOFramework/Content/Items/Bark01/Medium/wjhiecy_tier_2/Materials/MI_wjhiecy.uasset" 3832
"D:/UEProjects/MO57/Plugins/MOFramework/Content/Items/Bark01/Medium/wjhiecy_tier_2/Materials/MI_wjhiecy.uexp" 3833
"D:/UEProjects/MO57/Plugins/MOFramework/Content/Items/Bark01/Medium/wjhiecy_tier_2/StaticMeshes/wjhiecy_tier_2.ubulk" 3834
"D:/UEProjects/MO57/Plugins/MOFramework/Content/Items/Bark01/Medium/wjhiecy_tier_2/StaticMeshes/wjhiecy_tier_2.uasset" 3835
"D:/UEProjects/MO57/Plugins/MOFramework/Content/Items/Bark01/Medium/wjhiecy_tier_2/StaticMeshes/wjhiecy_tier_2.uexp" 3836
"D:/UEProjects/MO57/Plugins/MOFramework/Content/MOBS/Deer/DeerStagAndDoe/Animations/ANIM_DeerStag_Rest.uasset" 3837
"D:/UEProjects/MO57/Plugins/MOFramework/Content/MOBS/Deer/DeerStagAndDoe/Animations/ANIM_DeerStag_Rest.uexp" 3838
"D:/UEProjects/MO57/Plugins/MOFramework/Content/MOBS/Deer/DeerStagAndDoe/Animations/ANIM_DeerStag_RestToGoBackUp.uasset" 3839
"D:/UEProjects/MO57/Plugins/MOFramework/Content/MOBS/Deer/DeerStagAndDoe/Animations/ANIM_DeerStag_RestToGoBackUp.uexp" 3840
"D:/UEProjects/MO57/Plugins/MOFramework/Content/MOBS/Deer/DeerStagAndDoe/Animations/ANIM_DeerStag_Run.uasset" 3841
"D:/UEProjects/MO57/Plugins/MOFramework/Content/MOBS/Deer/DeerStagAndDoe/Animations/ANIM_DeerStag_Run.uexp" 3842
"D:/UEProjects/MO57/Plugins/MOFramework/Content/MOBS/Deer/DeerStagAndDoe/Animations/ANIM_DeerStag_Run_RM.uasset" 3843
"D:/UEProjects/MO57/Plugins/MOFramework/Content/MOBS/Deer/DeerStagAndDoe/Animations/ANIM_DeerStag_Run_RM.uexp" 3844
"D:/UEProjects/MO57/Plugins/MOFramework/Content/Items/Bone01/Medium/vd4lejkaa_tier_2/Textures/T_vd4lejkaa_2K_B.ubulk" 3845
"D:/UEProjects/MO57/Plugins/MOFramework/Content/Items/Bone01/Medium/vd4lejkaa_tier_2/Textures/T_vd4lejkaa_2K_B.uasset" 3846
"D:/UEProjects/MO57/Plugins/MOFramework/Content/Items/Bone01/Medium/vd4lejkaa_tier_2/Textures/T_vd4lejkaa_2K_B.uexp" 3847
"D:/UEProjects/MO57/Plugins/MOFramework/Content/Items/Bone01/Medium/vd4lejkaa_tier_2/Textures/T_vd4lejkaa_2K_N.ubulk" 3848
"D:/UEProjects/MO57/Plugins/MOFramework/Content/Items/Bone01/Medium/vd4lejkaa_tier_2/Textures/T_vd4lejkaa_2K_N.uasset" 3849
"D:/UEProjects/MO57/Plugins/MOFramework/Content/Items/Bone01/Medium/vd4lejkaa_tier_2/Textures/T_vd4lejkaa_2K_N.uexp" 3850
"D:/UEProjects/MO57/Plugins/MOFramework/Content/Items/Bone01/Medium/vd4lejkaa_tier_2/Textures/T_vd4lejkaa_2K_ORM.ubulk" 3851
"D:/UEProjects/MO57/Plugins/MOFramework/Content/Items/Bone01/Medium/vd4lejkaa_tier_2/Textures/T_vd4lejkaa_2K_ORM.uasset" 3852
"D:/UEProjects/MO57/Plugins/MOFramework/Content/Items/Bone01/Medium/vd4lejkaa_tier_2/Textures/T_vd4lejkaa_2K_ORM.uexp" 3853
"D:/UEProjects/MO57/Plugins/MOFramework/Content/Items/Bone01/Medium/vd4lejkaa_tier_2/Materials/MI_vd4lejkaa.uasset" 3854
"D:/UEProjects/MO57/Plugins/MOFramework/Content/Items/Bone01/Medium/vd4lejkaa_tier_2/Materials/MI_vd4lejkaa.uexp" 3855
"D:/UEProjects/MO57/Plugins/MOFramework/Content/Items/Bone01/Medium/vd4lejkaa_tier_2/StaticMeshes/vd4lejkaa_tier_2.ubulk" 3856
"D:/UEProjects/MO57/Plugins/MOFramework/Content/Items/Bone01/Medium/vd4lejkaa_tier_2/StaticMeshes/vd4lejkaa_tier_2.uasset" 3857
"D:/UEProjects/MO57/Plugins/MOFramework/Content/Items/Bone01/Medium/vd4lejkaa_tier_2/StaticMeshes/vd4lejkaa_tier_2.uexp" 3858
"../../../Engine/Plugins/MetaHuman/MetaHumanCharacter/Content/Optional/Grooms/GroomAssets/Eyebrows/Eyebrows_M_Natural/Eyebrows_M_Natural_baked.ubulk" 3859
"../../../Engine/Plugins/MetaHuman/MetaHumanCharacter/Content/Optional/Grooms/GroomAssets/Eyebrows/Eyebrows_M_Natural/Eyebrows_M_Natural_baked.uasset" 3860
"../../../Engine/Plugins/MetaHuman/MetaHumanCharacter/Content/Optional/Grooms/GroomAssets/Eyebrows/Eyebrows_M_Natural/Eyebrows_M_Natural_baked.uexp" 3861
"D:/UEProjects/MO57/Plugins/MOFramework/Content/MOBS/Deer/DeerStagAndDoe/Animations/ANIM_DeerStag_Sleep.uasset" 3862
"D:/UEProjects/MO57/Plugins/MOFramework/Content/MOBS/Deer/DeerStagAndDoe/Animations/ANIM_DeerStag_Sleep.uexp" 3863
"D:/UEProjects/MO57/Plugins/MOFramework/Content/MOBS/Deer/DeerStagAndDoe/Animations/ANIM_DeerStag_SleepToGoBackUp.uasset" 3864
"D:/UEProjects/MO57/Plugins/MOFramework/Content/MOBS/Deer/DeerStagAndDoe/Animations/ANIM_DeerStag_SleepToGoBackUp.uexp" 3865
"D:/UEProjects/MO57/Plugins/MOFramework/Content/Items/Cordage01/Medium/vhnofbds_tier_2/Textures/T_vhnofbds_2K_B.ubulk" 3866
"D:/UEProjects/MO57/Plugins/MOFramework/Content/Items/Cordage01/Medium/vhnofbds_tier_2/Textures/T_vhnofbds_2K_B.uasset" 3867
"D:/UEProjects/MO57/Plugins/MOFramework/Content/Items/Cordage01/Medium/vhnofbds_tier_2/Textures/T_vhnofbds_2K_B.uexp" 3868
"D:/UEProjects/MO57/Plugins/MOFramework/Content/Items/Cordage01/Medium/vhnofbds_tier_2/Textures/T_vhnofbds_2K_N.ubulk" 3869
"D:/UEProjects/MO57/Plugins/MOFramework/Content/Items/Cordage01/Medium/vhnofbds_tier_2/Textures/T_vhnofbds_2K_N.uasset" 3870
"D:/UEProjects/MO57/Plugins/MOFramework/Content/Items/Cordage01/Medium/vhnofbds_tier_2/Textures/T_vhnofbds_2K_N.uexp" 3871
"D:/UEProjects/MO57/Plugins/MOFramework/Content/Items/Cordage01/Medium/vhnofbds_tier_2/Textures/T_vhnofbds_2K_ORM.ubulk" 3872
"D:/UEProjects/MO57/Plugins/MOFramework/Content/Items/Cordage01/Medium/vhnofbds_tier_2/Textures/T_vhnofbds_2K_ORM.uasset" 3873
"D:/UEProjects/MO57/Plugins/MOFramework/Content/Items/Cordage01/Medium/vhnofbds_tier_2/Textures/T_vhnofbds_2K_ORM.uexp" 3874
"D:/UEProjects/MO57/Plugins/MOFramework/Content/Items/Cordage01/Medium/vhnofbds_tier_2/Materials/MI_vhnofbds.uasset" 3875
"D:/UEProjects/MO57/Plugins/MOFramework/Content/Items/Cordage01/Medium/vhnofbds_tier_2/Materials/MI_vhnofbds.uexp" 3876
"D:/UEProjects/MO57/Plugins/MOFramework/Content/Items/Cordage01/Medium/vhnofbds_tier_2/StaticMeshes/vhnofbds_tier_2.ubulk" 3877
"D:/UEProjects/MO57/Plugins/MOFramework/Content/Items/Cordage01/Medium/vhnofbds_tier_2/StaticMeshes/vhnofbds_tier_2.uasset" 3878
"D:/UEProjects/MO57/Plugins/MOFramework/Content/Items/Cordage01/Medium/vhnofbds_tier_2/StaticMeshes/vhnofbds_tier_2.uexp" 3879
"D:/UEProjects/MO57/Plugins/MOFramework/Content/Items/DiggingStick01/Medium/SM_xflicih_tier_2/Textures/T_xflicih_2k_B.ubulk" 3880
"D:/UEProjects/MO57/Plugins/MOFramework/Content/Items/DiggingStick01/Medium/SM_xflicih_tier_2/Textures/T_xflicih_2k_B.uasset" 3881
"D:/UEProjects/MO57/Plugins/MOFramework/Content/Items/DiggingStick01/Medium/SM_xflicih_tier_2/Textures/T_xflicih_2k_B.uexp" 3882
"D:/UEProjects/MO57/Plugins/MOFramework/Content/Items/DiggingStick01/Medium/SM_xflicih_tier_2/Textures/T_xflicih_2k_N.ubulk" 3883
"D:/UEProjects/MO57/Plugins/MOFramework/Content/Items/DiggingStick01/Medium/SM_xflicih_tier_2/Textures/T_xflicih_2k_N.uasset" 3884
"D:/UEProjects/MO57/Plugins/MOFramework/Content/Items/DiggingStick01/Medium/SM_xflicih_tier_2/Textures/T_xflicih_2k_N.uexp" 3885
"D:/UEProjects/MO57/Plugins/MOFramework/Content/Items/DiggingStick01/Medium/SM_xflicih_tier_2/Textures/T_xflicih_2k_ORM.ubulk" 3886
"D:/UEProjects/MO57/Plugins/MOFramework/Content/Items/DiggingStick01/Medium/SM_xflicih_tier_2/Textures/T_xflicih_2k_ORM.uasset" 3887
"D:/UEProjects/MO57/Plugins/MOFramework/Content/Items/DiggingStick01/Medium/SM_xflicih_tier_2/Textures/T_xflicih_2k_ORM.uexp" 3888
"D:/UEProjects/MO57/Plugins/MOFramework/Content/Items/DiggingStick01/Medium/SM_xflicih_tier_2/Materials/MI_xflicih.uasset" 3889
"D:/UEProjects/MO57/Plugins/MOFramework/Content/Items/DiggingStick01/Medium/SM_xflicih_tier_2/Materials/MI_xflicih.uexp" 3890
"D:/UEProjects/MO57/Plugins/MOFramework/Content/Items/DiggingStick01/Medium/SM_xflicih_tier_2/StaticMeshes/SM_xflicih_tier_2.ubulk" 3891
"D:/UEProjects/MO57/Plugins/MOFramework/Content/Items/DiggingStick01/Medium/SM_xflicih_tier_2/StaticMeshes/SM_xflicih_tier_2.uasset" 3892
"D:/UEProjects/MO57/Plugins/MOFramework/Content/Items/DiggingStick01/Medium/SM_xflicih_tier_2/StaticMeshes/SM_xflicih_tier_2.uexp" 3893
"D:/UEProjects/MO57/Plugins/MOFramework/Content/Items/Hammerstone01/Medium/wc2hbfr_tier_2/Textures/T_wc2hbfr_2K_B.ubulk" 3894
"D:/UEProjects/MO57/Plugins/MOFramework/Content/Items/Hammerstone01/Medium/wc2hbfr_tier_2/Textures/T_wc2hbfr_2K_B.uasset" 3895
"D:/UEProjects/MO57/Plugins/MOFramework/Content/Items/Hammerstone01/Medium/wc2hbfr_tier_2/Textures/T_wc2hbfr_2K_B.uexp" 3896
"D:/UEProjects/MO57/Plugins/MOFramework/Content/Items/Hammerstone01/Medium/wc2hbfr_tier_2/Textures/T_wc2hbfr_2K_N.ubulk" 3897
"D:/UEProjects/MO57/Plugins/MOFramework/Content/Items/Hammerstone01/Medium/wc2hbfr_tier_2/Textures/T_wc2hbfr_2K_N.uasset" 3898
"D:/UEProjects/MO57/Plugins/MOFramework/Content/Items/Hammerstone01/Medium/wc2hbfr_tier_2/Textures/T_wc2hbfr_2K_N.uexp" 3899
"D:/UEProjects/MO57/Plugins/MOFramework/Content/Items/Hammerstone01/Medium/wc2hbfr_tier_2/Textures/T_wc2hbfr_2K_ORM.ubulk" 3900
"D:/UEProjects/MO57/Plugins/MOFramework/Content/Items/Hammerstone01/Medium/wc2hbfr_tier_2/Textures/T_wc2hbfr_2K_ORM.uasset" 3901
"D:/UEProjects/MO57/Plugins/MOFramework/Content/Items/Hammerstone01/Medium/wc2hbfr_tier_2/Textures/T_wc2hbfr_2K_ORM.uexp" 3902
"D:/UEProjects/MO57/Plugins/MOFramework/Content/Items/Hammerstone01/Medium/wc2hbfr_tier_2/Materials/MI_wc2hbfr.uasset" 3903
"D:/UEProjects/MO57/Plugins/MOFramework/Content/Items/Hammerstone01/Medium/wc2hbfr_tier_2/Materials/MI_wc2hbfr.uexp" 3904
"D:/UEProjects/MO57/Plugins/MOFramework/Content/Items/Hammerstone01/Medium/wc2hbfr_tier_2/StaticMeshes/wc2hbfr_tier_2.ubulk" 3905
"D:/UEProjects/MO57/Plugins/MOFramework/Content/Items/Hammerstone01/Medium/wc2hbfr_tier_2/StaticMeshes/wc2hbfr_tier_2.uasset" 3906
"D:/UEProjects/MO57/Plugins/MOFramework/Content/Items/Hammerstone01/Medium/wc2hbfr_tier_2/StaticMeshes/wc2hbfr_tier_2.uexp" 3907
"D:/UEProjects/MO57/Plugins/MOFramework/Content/Items/Hammerstone01/Medium/wc2hbfr_tier_2/Textures/T_wc2hbfr_2K_F.ubulk" 3908
"D:/UEProjects/MO57/Plugins/MOFramework/Content/Items/Hammerstone01/Medium/wc2hbfr_tier_2/Textures/T_wc2hbfr_2K_F.uasset" 3909
"D:/UEProjects/MO57/Plugins/MOFramework/Content/Items/Hammerstone01/Medium/wc2hbfr_tier_2/Textures/T_wc2hbfr_2K_F.uexp" 3910
"D:/UEProjects/MO57/Content/Fab/Megascans/Plants/Wild_Grass_vlkhcbxia/Medium/vlkhcbxia_tier_2/Textures/T_vlkhcbxia_2K_B.ubulk" 3911
"D:/UEProjects/MO57/Content/Fab/Megascans/Plants/Wild_Grass_vlkhcbxia/Medium/vlkhcbxia_tier_2/Textures/T_vlkhcbxia_2K_B.uasset" 3912
"D:/UEProjects/MO57/Content/Fab/Megascans/Plants/Wild_Grass_vlkhcbxia/Medium/vlkhcbxia_tier_2/Textures/T_vlkhcbxia_2K_B.uexp" 3913
"D:/UEProjects/MO57/Content/Fab/Megascans/Plants/Wild_Grass_vlkhcbxia/Medium/vlkhcbxia_tier_2/Textures/T_vlkhcbxia_2K_N.ubulk" 3914
"D:/UEProjects/MO57/Content/Fab/Megascans/Plants/Wild_Grass_vlkhcbxia/Medium/vlkhcbxia_tier_2/Textures/T_vlkhcbxia_2K_N.uasset" 3915
"D:/UEProjects/MO57/Content/Fab/Megascans/Plants/Wild_Grass_vlkhcbxia/Medium/vlkhcbxia_tier_2/Textures/T_vlkhcbxia_2K_N.uexp" 3916
"D:/UEProjects/MO57/Content/Fab/Megascans/Plants/Wild_Grass_vlkhcbxia/Medium/vlkhcbxia_tier_2/Textures/T_vlkhcbxia_2K_ORT.ubulk" 3917
"D:/UEProjects/MO57/Content/Fab/Megascans/Plants/Wild_Grass_vlkhcbxia/Medium/vlkhcbxia_tier_2/Textures/T_vlkhcbxia_2K_ORT.uasset" 3918
"D:/UEProjects/MO57/Content/Fab/Megascans/Plants/Wild_Grass_vlkhcbxia/Medium/vlkhcbxia_tier_2/Textures/T_vlkhcbxia_2K_ORT.uexp" 3919
"D:/UEProjects/MO57/Content/Fab/Megascans/Plants/Wild_Grass_vlkhcbxia/Medium/vlkhcbxia_tier_2/Materials/MI_vlkhcbxia.uasset" 3920
"D:/UEProjects/MO57/Content/Fab/Megascans/Plants/Wild_Grass_vlkhcbxia/Medium/vlkhcbxia_tier_2/Materials/MI_vlkhcbxia.uexp" 3921
"D:/UEProjects/MO57/Content/Fab/Megascans/Plants/Wild_Grass_vlkhcbxia/Medium/vlkhcbxia_tier_2/Textures/T_vlkhcbxia_2K_Billboard_B-O.ubulk" 3922
"D:/UEProjects/MO57/Content/Fab/Megascans/Plants/Wild_Grass_vlkhcbxia/Medium/vlkhcbxia_tier_2/Textures/T_vlkhcbxia_2K_Billboard_B-O.uasset" 3923
"D:/UEProjects/MO57/Content/Fab/Megascans/Plants/Wild_Grass_vlkhcbxia/Medium/vlkhcbxia_tier_2/Textures/T_vlkhcbxia_2K_Billboard_B-O.uexp" 3924
"D:/UEProjects/MO57/Content/Fab/Megascans/Plants/Wild_Grass_vlkhcbxia/Medium/vlkhcbxia_tier_2/Textures/T_vlkhcbxia_2K_Billboard_N-T.ubulk" 3925
"D:/UEProjects/MO57/Content/Fab/Megascans/Plants/Wild_Grass_vlkhcbxia/Medium/vlkhcbxia_tier_2/Textures/T_vlkhcbxia_2K_Billboard_N-T.uasset" 3926
"D:/UEProjects/MO57/Content/Fab/Megascans/Plants/Wild_Grass_vlkhcbxia/Medium/vlkhcbxia_tier_2/Textures/T_vlkhcbxia_2K_Billboard_N-T.uexp" 3927
"D:/UEProjects/MO57/Content/Fab/Megascans/Plants/Wild_Grass_vlkhcbxia/Medium/vlkhcbxia_tier_2/Materials/MI_vlkhcbxia_Billboard.uasset" 3928
"D:/UEProjects/MO57/Content/Fab/Megascans/Plants/Wild_Grass_vlkhcbxia/Medium/vlkhcbxia_tier_2/Materials/MI_vlkhcbxia_Billboard.uexp" 3929
"D:/UEProjects/MO57/Content/Fab/Megascans/Plants/Wild_Grass_vlkhcbxia/Medium/vlkhcbxia_tier_2/StaticMeshes/SM_vlkhcbxia_VarA.ubulk" 3930
"D:/UEProjects/MO57/Content/Fab/Megascans/Plants/Wild_Grass_vlkhcbxia/Medium/vlkhcbxia_tier_2/StaticMeshes/SM_vlkhcbxia_VarA.uasset" 3931
"D:/UEProjects/MO57/Content/Fab/Megascans/Plants/Wild_Grass_vlkhcbxia/Medium/vlkhcbxia_tier_2/StaticMeshes/SM_vlkhcbxia_VarA.uexp" 3932
"D:/UEProjects/MO57/Content/Fab/Megascans/Plants/Wild_Grass_vlkhcbxia/Medium/vlkhcbxia_tier_2/StaticMeshes/SM_vlkhcbxia_VarB.ubulk" 3933
"D:/UEProjects/MO57/Content/Fab/Megascans/Plants/Wild_Grass_vlkhcbxia/Medium/vlkhcbxia_tier_2/StaticMeshes/SM_vlkhcbxia_VarB.uasset" 3934
"D:/UEProjects/MO57/Content/Fab/Megascans/Plants/Wild_Grass_vlkhcbxia/Medium/vlkhcbxia_tier_2/StaticMeshes/SM_vlkhcbxia_VarB.uexp" 3935
"D:/UEProjects/MO57/Content/Fab/Megascans/Plants/Black_Locust_wdvhberja/Medium/wdvhberja_tier_2/Textures/T_wdvhberja_2K_B.ubulk" 3936
"D:/UEProjects/MO57/Content/Fab/Megascans/Plants/Black_Locust_wdvhberja/Medium/wdvhberja_tier_2/Textures/T_wdvhberja_2K_B.uasset" 3937
"D:/UEProjects/MO57/Content/Fab/Megascans/Plants/Black_Locust_wdvhberja/Medium/wdvhberja_tier_2/Textures/T_wdvhberja_2K_B.uexp" 3938
"D:/UEProjects/MO57/Content/Fab/Megascans/Plants/Black_Locust_wdvhberja/Medium/wdvhberja_tier_2/Textures/T_wdvhberja_2K_N.ubulk" 3939
"D:/UEProjects/MO57/Content/Fab/Megascans/Plants/Black_Locust_wdvhberja/Medium/wdvhberja_tier_2/Textures/T_wdvhberja_2K_N.uasset" 3940
"D:/UEProjects/MO57/Content/Fab/Megascans/Plants/Black_Locust_wdvhberja/Medium/wdvhberja_tier_2/Textures/T_wdvhberja_2K_N.uexp" 3941
"D:/UEProjects/MO57/Content/Fab/Megascans/Plants/Black_Locust_wdvhberja/Medium/wdvhberja_tier_2/Textures/T_wdvhberja_2K_ORT.ubulk" 3942
"D:/UEProjects/MO57/Content/Fab/Megascans/Plants/Black_Locust_wdvhberja/Medium/wdvhberja_tier_2/Textures/T_wdvhberja_2K_ORT.uasset" 3943
"D:/UEProjects/MO57/Content/Fab/Megascans/Plants/Black_Locust_wdvhberja/Medium/wdvhberja_tier_2/Textures/T_wdvhberja_2K_ORT.uexp" 3944
"D:/UEProjects/MO57/Content/Fab/Megascans/Plants/Black_Locust_wdvhberja/Medium/wdvhberja_tier_2/Materials/MI_wdvhberja.uasset" 3945
"D:/UEProjects/MO57/Content/Fab/Megascans/Plants/Black_Locust_wdvhberja/Medium/wdvhberja_tier_2/Materials/MI_wdvhberja.uexp" 3946
"D:/UEProjects/MO57/Content/Fab/Megascans/Plants/Black_Locust_wdvhberja/Medium/wdvhberja_tier_2/Textures/T_wdvhberja_2K_Billboard_B-O.ubulk" 3947
"D:/UEProjects/MO57/Content/Fab/Megascans/Plants/Black_Locust_wdvhberja/Medium/wdvhberja_tier_2/Textures/T_wdvhberja_2K_Billboard_B-O.uasset" 3948
"D:/UEProjects/MO57/Content/Fab/Megascans/Plants/Black_Locust_wdvhberja/Medium/wdvhberja_tier_2/Textures/T_wdvhberja_2K_Billboard_B-O.uexp" 3949
"D:/UEProjects/MO57/Content/Fab/Megascans/Plants/Black_Locust_wdvhberja/Medium/wdvhberja_tier_2/Textures/T_wdvhberja_2K_Billboard_N-T.ubulk" 3950
"D:/UEProjects/MO57/Content/Fab/Megascans/Plants/Black_Locust_wdvhberja/Medium/wdvhberja_tier_2/Textures/T_wdvhberja_2K_Billboard_N-T.uasset" 3951
"D:/UEProjects/MO57/Content/Fab/Megascans/Plants/Black_Locust_wdvhberja/Medium/wdvhberja_tier_2/Textures/T_wdvhberja_2K_Billboard_N-T.uexp" 3952
"D:/UEProjects/MO57/Content/Fab/Megascans/Plants/Black_Locust_wdvhberja/Medium/wdvhberja_tier_2/Materials/MI_wdvhberja_Billboard.uasset" 3953
"D:/UEProjects/MO57/Content/Fab/Megascans/Plants/Black_Locust_wdvhberja/Medium/wdvhberja_tier_2/Materials/MI_wdvhberja_Billboard.uexp" 3954
"D:/UEProjects/MO57/Content/Fab/Megascans/Plants/Black_Locust_wdvhberja/Medium/wdvhberja_tier_2/StaticMeshes/SM_wdvhberja_VarA.ubulk" 3955
"D:/UEProjects/MO57/Content/Fab/Megascans/Plants/Black_Locust_wdvhberja/Medium/wdvhberja_tier_2/StaticMeshes/SM_wdvhberja_VarA.uasset" 3956
"D:/UEProjects/MO57/Content/Fab/Megascans/Plants/Black_Locust_wdvhberja/Medium/wdvhberja_tier_2/StaticMeshes/SM_wdvhberja_VarA.uexp" 3957
"D:/UEProjects/MO57/Content/Fab/Megascans/Plants/Black_Locust_wdvhberja/Medium/wdvhberja_tier_2/StaticMeshes/SM_wdvhberja_VarB.ubulk" 3958
"D:/UEProjects/MO57/Content/Fab/Megascans/Plants/Black_Locust_wdvhberja/Medium/wdvhberja_tier_2/StaticMeshes/SM_wdvhberja_VarB.uasset" 3959
"D:/UEProjects/MO57/Content/Fab/Megascans/Plants/Black_Locust_wdvhberja/Medium/wdvhberja_tier_2/StaticMeshes/SM_wdvhberja_VarB.uexp" 3960
"D:/UEProjects/MO57/Content/Fab/Megascans/Plants/Black_Locust_wdvhberja/Medium/wdvhberja_tier_2/StaticMeshes/SM_wdvhberja_VarC.ubulk" 3961
"D:/UEProjects/MO57/Content/Fab/Megascans/Plants/Black_Locust_wdvhberja/Medium/wdvhberja_tier_2/StaticMeshes/SM_wdvhberja_VarC.uasset" 3962
"D:/UEProjects/MO57/Content/Fab/Megascans/Plants/Black_Locust_wdvhberja/Medium/wdvhberja_tier_2/StaticMeshes/SM_wdvhberja_VarC.uexp" 3963
"../../../Engine/Plugins/MetaHuman/MetaHumanCharacter/Content/Optional/Grooms/GroomAssets/Eyebrows/Eyebrows_M_Dense/Eyebrows_M_Dense_baked.ubulk" 3964
"../../../Engine/Plugins/MetaHuman/MetaHumanCharacter/Content/Optional/Grooms/GroomAssets/Eyebrows/Eyebrows_M_Dense/Eyebrows_M_Dense_baked.uasset" 3965
"../../../Engine/Plugins/MetaHuman/MetaHumanCharacter/Content/Optional/Grooms/GroomAssets/Eyebrows/Eyebrows_M_Dense/Eyebrows_M_Dense_baked.uexp" 3966
"D:/UEProjects/MO57/Content/Fab/Megascans/Plants/Grass_smdrailr/Medium/smdrailr_tier_2/Textures/T_smdrailr_2K_B.ubulk" 3967
"D:/UEProjects/MO57/Content/Fab/Megascans/Plants/Grass_smdrailr/Medium/smdrailr_tier_2/Textures/T_smdrailr_2K_B.uasset" 3968
"D:/UEProjects/MO57/Content/Fab/Megascans/Plants/Grass_smdrailr/Medium/smdrailr_tier_2/Textures/T_smdrailr_2K_B.uexp" 3969
"D:/UEProjects/MO57/Content/Fab/Megascans/Plants/Grass_smdrailr/Medium/smdrailr_tier_2/Textures/T_smdrailr_2K_N.ubulk" 3970
"D:/UEProjects/MO57/Content/Fab/Megascans/Plants/Grass_smdrailr/Medium/smdrailr_tier_2/Textures/T_smdrailr_2K_N.uasset" 3971
"D:/UEProjects/MO57/Content/Fab/Megascans/Plants/Grass_smdrailr/Medium/smdrailr_tier_2/Textures/T_smdrailr_2K_N.uexp" 3972
"D:/UEProjects/MO57/Content/Fab/Megascans/Plants/Grass_smdrailr/Medium/smdrailr_tier_2/Textures/T_smdrailr_2K_ORT.ubulk" 3973
"D:/UEProjects/MO57/Content/Fab/Megascans/Plants/Grass_smdrailr/Medium/smdrailr_tier_2/Textures/T_smdrailr_2K_ORT.uasset" 3974
"D:/UEProjects/MO57/Content/Fab/Megascans/Plants/Grass_smdrailr/Medium/smdrailr_tier_2/Textures/T_smdrailr_2K_ORT.uexp" 3975
"D:/UEProjects/MO57/Content/Fab/Megascans/Plants/Grass_smdrailr/Medium/smdrailr_tier_2/Materials/MI_smdrailr.uasset" 3976
"D:/UEProjects/MO57/Content/Fab/Megascans/Plants/Grass_smdrailr/Medium/smdrailr_tier_2/Materials/MI_smdrailr.uexp" 3977
"D:/UEProjects/MO57/Content/Fab/Megascans/Plants/Grass_smdrailr/Medium/smdrailr_tier_2/Textures/T_smdrailr_2K_Billboard_B-O.ubulk" 3978
"D:/UEProjects/MO57/Content/Fab/Megascans/Plants/Grass_smdrailr/Medium/smdrailr_tier_2/Textures/T_smdrailr_2K_Billboard_B-O.uasset" 3979
"D:/UEProjects/MO57/Content/Fab/Megascans/Plants/Grass_smdrailr/Medium/smdrailr_tier_2/Textures/T_smdrailr_2K_Billboard_B-O.uexp" 3980
"D:/UEProjects/MO57/Content/Fab/Megascans/Plants/Grass_smdrailr/Medium/smdrailr_tier_2/Textures/T_smdrailr_2K_Billboard_N-T.ubulk" 3981
"D:/UEProjects/MO57/Content/Fab/Megascans/Plants/Grass_smdrailr/Medium/smdrailr_tier_2/Textures/T_smdrailr_2K_Billboard_N-T.uasset" 3982
"D:/UEProjects/MO57/Content/Fab/Megascans/Plants/Grass_smdrailr/Medium/smdrailr_tier_2/Textures/T_smdrailr_2K_Billboard_N-T.uexp" 3983
"D:/UEProjects/MO57/Content/Fab/Megascans/Plants/Grass_smdrailr/Medium/smdrailr_tier_2/Materials/MI_smdrailr_Billboard.uasset" 3984
"D:/UEProjects/MO57/Content/Fab/Megascans/Plants/Grass_smdrailr/Medium/smdrailr_tier_2/Materials/MI_smdrailr_Billboard.uexp" 3985
"D:/UEProjects/MO57/Content/Fab/Megascans/Plants/Grass_smdrailr/Medium/smdrailr_tier_2/StaticMeshes/SM_smdrailr_VarA.ubulk" 3986
"D:/UEProjects/MO57/Content/Fab/Megascans/Plants/Grass_smdrailr/Medium/smdrailr_tier_2/StaticMeshes/SM_smdrailr_VarA.uasset" 3987
"D:/UEProjects/MO57/Content/Fab/Megascans/Plants/Grass_smdrailr/Medium/smdrailr_tier_2/StaticMeshes/SM_smdrailr_VarA.uexp" 3988
"D:/UEProjects/MO57/Content/Fab/Megascans/Plants/Grass_smdrailr/Medium/smdrailr_tier_2/StaticMeshes/SM_smdrailr_VarB.ubulk" 3989
"D:/UEProjects/MO57/Content/Fab/Megascans/Plants/Grass_smdrailr/Medium/smdrailr_tier_2/StaticMeshes/SM_smdrailr_VarB.uasset" 3990
"D:/UEProjects/MO57/Content/Fab/Megascans/Plants/Grass_smdrailr/Medium/smdrailr_tier_2/StaticMeshes/SM_smdrailr_VarB.uexp" 3991
"../../../Engine/Content/Maps/Entry_BuiltData.uasset" 3992
"../../../Engine/Content/Maps/Entry_BuiltData.uexp" 3993
"../../../Engine/Content/Maps/Entry.uexp" 3994
"../../../Engine/Content/Maps/Entry.umap" 3995
"D:/UEProjects/MO57/Content/Movies/introfinal.uasset" 3996
"D:/UEProjects/MO57/Content/Movies/introfinal.uexp" 3997
"D:/UEProjects/MO57/Content/Movies/IntroVideo.uasset" 3998
"D:/UEProjects/MO57/Content/Movies/IntroVideo.uexp" 3999
"D:/UEProjects/MO57/Content/Movies/IntroVideo_Video.uasset" 4000
"D:/UEProjects/MO57/Content/Movies/IntroVideo_Video.uexp" 4001
"D:/UEProjects/MO57/Content/Movies/M_VideoMaterial.uasset" 4002
"D:/UEProjects/MO57/Content/Movies/M_VideoMaterial.uexp" 4003
"D:/UEProjects/MO57/Plugins/MOFramework/Content/Characters/BP_MainMenuPlayerController.uasset" 4004
"D:/UEProjects/MO57/Plugins/MOFramework/Content/Characters/BP_MainMenuPlayerController.uexp" 4005
"D:/UEProjects/MO57/Plugins/MOFramework/Content/Characters/BP_MainMenuGameMode.uasset" 4006
"D:/UEProjects/MO57/Plugins/MOFramework/Content/Characters/BP_MainMenuGameMode.uexp" 4007
"D:/UEProjects/MO57/Content/Penumbra/Maps/LoadingLevel.uexp" 4008
"D:/UEProjects/MO57/Content/Penumbra/Maps/LoadingLevel.umap" 4009
"D:/UEProjects/MO57/Plugins/MOFramework/Content/Items/IronAxe01/Medium/ubglcesiw_tier_2/Textures/T_ubglcesiw_2K_B.ubulk" 4010
"D:/UEProjects/MO57/Plugins/MOFramework/Content/Items/IronAxe01/Medium/ubglcesiw_tier_2/Textures/T_ubglcesiw_2K_B.uasset" 4011
"D:/UEProjects/MO57/Plugins/MOFramework/Content/Items/IronAxe01/Medium/ubglcesiw_tier_2/Textures/T_ubglcesiw_2K_B.uexp" 4012
"D:/UEProjects/MO57/Plugins/MOFramework/Content/Items/IronAxe01/Medium/ubglcesiw_tier_2/Textures/T_ubglcesiw_2K_N.ubulk" 4013
"D:/UEProjects/MO57/Plugins/MOFramework/Content/Items/IronAxe01/Medium/ubglcesiw_tier_2/Textures/T_ubglcesiw_2K_N.uasset" 4014
"D:/UEProjects/MO57/Plugins/MOFramework/Content/Items/IronAxe01/Medium/ubglcesiw_tier_2/Textures/T_ubglcesiw_2K_N.uexp" 4015
"D:/UEProjects/MO57/Plugins/MOFramework/Content/Items/IronAxe01/Medium/ubglcesiw_tier_2/Textures/T_ubglcesiw_2K_ORM.ubulk" 4016
"D:/UEProjects/MO57/Plugins/MOFramework/Content/Items/IronAxe01/Medium/ubglcesiw_tier_2/Textures/T_ubglcesiw_2K_ORM.uasset" 4017
"D:/UEProjects/MO57/Plugins/MOFramework/Content/Items/IronAxe01/Medium/ubglcesiw_tier_2/Textures/T_ubglcesiw_2K_ORM.uexp" 4018
"D:/UEProjects/MO57/Plugins/MOFramework/Content/Items/IronAxe01/Medium/ubglcesiw_tier_2/Materials/MI_ubglcesiw.uasset" 4019
"D:/UEProjects/MO57/Plugins/MOFramework/Content/Items/IronAxe01/Medium/ubglcesiw_tier_2/Materials/MI_ubglcesiw.uexp" 4020
"D:/UEProjects/MO57/Plugins/MOFramework/Content/Items/IronAxe01/Medium/ubglcesiw_tier_2/StaticMeshes/ubglcesiw_tier_2.ubulk" 4021
"D:/UEProjects/MO57/Plugins/MOFramework/Content/Items/IronAxe01/Medium/ubglcesiw_tier_2/StaticMeshes/ubglcesiw_tier_2.uasset" 4022
"D:/UEProjects/MO57/Plugins/MOFramework/Content/Items/IronAxe01/Medium/ubglcesiw_tier_2/StaticMeshes/ubglcesiw_tier_2.uexp" 4023
"D:/UEProjects/MO57/Content/Characters/Mannequins/Anims/Unarmed/MM_Idle.uasset" 4024
"D:/UEProjects/MO57/Content/Characters/Mannequins/Anims/Unarmed/MM_Idle.uexp" 4025
"D:/UEProjects/MO57/Content/Characters/Mannequins/Anims/Unarmed/Jog/MF_Unarmed_Jog_Bwd.uasset" 4026
"D:/UEProjects/MO57/Content/Characters/Mannequins/Anims/Unarmed/Jog/MF_Unarmed_Jog_Bwd.uexp" 4027
"D:/UEProjects/MO57/Content/Characters/Mannequins/Anims/Unarmed/Jog/MF_Unarmed_Jog_Bwd_Left.uasset" 4028
"D:/UEProjects/MO57/Content/Characters/Mannequins/Anims/Unarmed/Jog/MF_Unarmed_Jog_Bwd_Left.uexp" 4029
"D:/UEProjects/MO57/Content/Characters/Mannequins/Anims/Unarmed/Jog/MF_Unarmed_Jog_Bwd_Right.uasset" 4030
"D:/UEProjects/MO57/Content/Characters/Mannequins/Anims/Unarmed/Jog/MF_Unarmed_Jog_Bwd_Right.uexp" 4031
"D:/UEProjects/MO57/Content/Characters/Mannequins/Anims/Unarmed/Jog/MF_Unarmed_Jog_Fwd.uasset" 4032
"D:/UEProjects/MO57/Content/Characters/Mannequins/Anims/Unarmed/Jog/MF_Unarmed_Jog_Fwd.uexp" 4033
"D:/UEProjects/MO57/Content/Characters/Mannequins/Anims/Unarmed/Jog/MF_Unarmed_Jog_Fwd_Left.uasset" 4034
"D:/UEProjects/MO57/Content/Characters/Mannequins/Anims/Unarmed/Jog/MF_Unarmed_Jog_Fwd_Left.uexp" 4035
"D:/UEProjects/MO57/Content/Characters/Mannequins/Anims/Unarmed/Jog/MF_Unarmed_Jog_Fwd_Right.uasset" 4036
"D:/UEProjects/MO57/Content/Characters/Mannequins/Anims/Unarmed/Jog/MF_Unarmed_Jog_Fwd_Right.uexp" 4037
"D:/UEProjects/MO57/Content/Characters/Mannequins/Anims/Unarmed/Jog/MF_Unarmed_Jog_Left.uasset" 4038
"D:/UEProjects/MO57/Content/Characters/Mannequins/Anims/Unarmed/Jog/MF_Unarmed_Jog_Left.uexp" 4039
"D:/UEProjects/MO57/Content/Characters/Mannequins/Anims/Unarmed/Jog/MF_Unarmed_Jog_Right.uasset" 4040
"D:/UEProjects/MO57/Content/Characters/Mannequins/Anims/Unarmed/Jog/MF_Unarmed_Jog_Right.uexp" 4041
"D:/UEProjects/MO57/Content/Characters/Mannequins/Anims/Unarmed/Walk/MF_Unarmed_Walk_Bwd.uasset" 4042
"D:/UEProjects/MO57/Content/Characters/Mannequins/Anims/Unarmed/Walk/MF_Unarmed_Walk_Bwd.uexp" 4043
"D:/UEProjects/MO57/Content/Characters/Mannequins/Anims/Unarmed/Walk/MF_Unarmed_Walk_Bwd_Left.uasset" 4044
"D:/UEProjects/MO57/Content/Characters/Mannequins/Anims/Unarmed/Walk/MF_Unarmed_Walk_Bwd_Left.uexp" 4045
"D:/UEProjects/MO57/Content/Characters/Mannequins/Anims/Unarmed/Walk/MF_Unarmed_Walk_Bwd_Right.uasset" 4046
"D:/UEProjects/MO57/Content/Characters/Mannequins/Anims/Unarmed/Walk/MF_Unarmed_Walk_Bwd_Right.uexp" 4047
"D:/UEProjects/MO57/Content/Characters/Mannequins/Anims/Unarmed/Walk/MF_Unarmed_Walk_Fwd.uasset" 4048
"D:/UEProjects/MO57/Content/Characters/Mannequins/Anims/Unarmed/Walk/MF_Unarmed_Walk_Fwd.uexp" 4049
"D:/UEProjects/MO57/Content/Characters/Mannequins/Anims/Unarmed/Walk/MF_Unarmed_Walk_Fwd_Left.uasset" 4050
"D:/UEProjects/MO57/Content/Characters/Mannequins/Anims/Unarmed/Walk/MF_Unarmed_Walk_Fwd_Left.uexp" 4051
"D:/UEProjects/MO57/Content/Characters/Mannequins/Anims/Unarmed/Walk/MF_Unarmed_Walk_Fwd_Right.uasset" 4052
"D:/UEProjects/MO57/Content/Characters/Mannequins/Anims/Unarmed/Walk/MF_Unarmed_Walk_Fwd_Right.uexp" 4053
"D:/UEProjects/MO57/Content/Characters/Mannequins/Anims/Unarmed/Walk/MF_Unarmed_Walk_Left.uasset" 4054
"D:/UEProjects/MO57/Content/Characters/Mannequins/Anims/Unarmed/Walk/MF_Unarmed_Walk_Left.uexp" 4055
"D:/UEProjects/MO57/Content/Characters/Mannequins/Anims/Unarmed/Walk/MF_Unarmed_Walk_Right.uasset" 4056
"D:/UEProjects/MO57/Content/Characters/Mannequins/Anims/Unarmed/Walk/MF_Unarmed_Walk_Right.uexp" 4057
"D:/UEProjects/MO57/Content/Characters/Mannequins/Anims/Unarmed/BS_Idle_Walk_Run.uasset" 4058
"D:/UEProjects/MO57/Content/Characters/Mannequins/Anims/Unarmed/BS_Idle_Walk_Run.uexp" 4059
"D:/UEProjects/MO57/Content/Characters/Mannequins/Anims/Unarmed/Jump/MM_Fall_Loop.uasset" 4060
"D:/UEProjects/MO57/Content/Characters/Mannequins/Anims/Unarmed/Jump/MM_Fall_Loop.uexp" 4061
"D:/UEProjects/MO57/Content/Characters/Mannequins/Anims/Unarmed/Jump/MM_Jump.uasset" 4062
"D:/UEProjects/MO57/Content/Characters/Mannequins/Anims/Unarmed/Jump/MM_Jump.uexp" 4063
"D:/UEProjects/MO57/Content/Characters/Mannequins/Anims/Unarmed/Jump/MM_Land.uasset" 4064
"D:/UEProjects/MO57/Content/Characters/Mannequins/Anims/Unarmed/Jump/MM_Land.uexp" 4065
"D:/UEProjects/MO57/Content/Characters/Mannequins/Anims/Unarmed/ABP_Unarmed.uasset" 4066
"D:/UEProjects/MO57/Content/Characters/Mannequins/Anims/Unarmed/ABP_Unarmed.uexp" 4067
"D:/UEProjects/MO57/Content/Characters/Mannequins/Textures/Quinn/T_Quinn_01_D.ubulk" 4068
"D:/UEProjects/MO57/Content/Characters/Mannequins/Textures/Quinn/T_Quinn_01_D.uasset" 4069
"D:/UEProjects/MO57/Content/Characters/Mannequins/Textures/Quinn/T_Quinn_01_D.uexp" 4070
"D:/UEProjects/MO57/Content/Characters/Mannequins/Textures/Quinn/T_Quinn_01_MRA.ubulk" 4071
"D:/UEProjects/MO57/Content/Characters/Mannequins/Textures/Quinn/T_Quinn_01_MRA.uasset" 4072
"D:/UEProjects/MO57/Content/Characters/Mannequins/Textures/Quinn/T_Quinn_01_MRA.uexp" 4073
"D:/UEProjects/MO57/Content/Characters/Mannequins/Textures/Quinn/T_Quinn_01_N.ubulk" 4074
"D:/UEProjects/MO57/Content/Characters/Mannequins/Textures/Quinn/T_Quinn_01_N.uasset" 4075
"D:/UEProjects/MO57/Content/Characters/Mannequins/Textures/Quinn/T_Quinn_01_N.uexp" 4076
"D:/UEProjects/MO57/Content/Characters/Mannequins/Materials/Quinn/MI_Quinn_01.uasset" 4077
"D:/UEProjects/MO57/Content/Characters/Mannequins/Materials/Quinn/MI_Quinn_01.uexp" 4078
"D:/UEProjects/MO57/Content/Characters/Mannequins/Textures/Quinn/T_Quinn_02_D.ubulk" 4079
"D:/UEProjects/MO57/Content/Characters/Mannequins/Textures/Quinn/T_Quinn_02_D.uasset" 4080
"D:/UEProjects/MO57/Content/Characters/Mannequins/Textures/Quinn/T_Quinn_02_D.uexp" 4081
"D:/UEProjects/MO57/Content/Characters/Mannequins/Textures/Quinn/T_Quinn_02_MRA.ubulk" 4082
"D:/UEProjects/MO57/Content/Characters/Mannequins/Textures/Quinn/T_Quinn_02_MRA.uasset" 4083
"D:/UEProjects/MO57/Content/Characters/Mannequins/Textures/Quinn/T_Quinn_02_MRA.uexp" 4084
"D:/UEProjects/MO57/Content/Characters/Mannequins/Textures/Quinn/T_Quinn_02_N.ubulk" 4085
"D:/UEProjects/MO57/Content/Characters/Mannequins/Textures/Quinn/T_Quinn_02_N.uasset" 4086
"D:/UEProjects/MO57/Content/Characters/Mannequins/Textures/Quinn/T_Quinn_02_N.uexp" 4087
"D:/UEProjects/MO57/Content/Characters/Mannequins/Materials/Quinn/MI_Quinn_02.uasset" 4088
"D:/UEProjects/MO57/Content/Characters/Mannequins/Materials/Quinn/MI_Quinn_02.uexp" 4089
"D:/UEProjects/MO57/Content/Characters/Mannequins/Meshes/SKM_Quinn_Simple.uasset" 4090
"D:/UEProjects/MO57/Content/Characters/Mannequins/Meshes/SKM_Quinn_Simple.uexp" 4091
"D:/UEProjects/MO57/Plugins/MOFramework/Content/Characters/BP_MOCharacter.uasset" 4092
"D:/UEProjects/MO57/Plugins/MOFramework/Content/Characters/BP_MOCharacter.uexp" 4093
"D:/UEProjects/MO57/Plugins/MOFramework/Content/Input/IA_Build.uasset" 4094
"D:/UEProjects/MO57/Plugins/MOFramework/Content/Input/IA_Build.uexp" 4095
"D:/UEProjects/MO57/Plugins/MOFramework/Content/Input/IA_Craft.uasset" 4096
"D:/UEProjects/MO57/Plugins/MOFramework/Content/Input/IA_Craft.uexp" 4097
"D:/UEProjects/MO57/Plugins/MOFramework/Content/Input/IA_Hustle.uasset" 4098
"D:/UEProjects/MO57/Plugins/MOFramework/Content/Input/IA_Hustle.uexp" 4099
"D:/UEProjects/MO57/Plugins/MOFramework/Content/Input/IA_Interact.uasset" 4100
"D:/UEProjects/MO57/Plugins/MOFramework/Content/Input/IA_Interact.uexp" 4101
"D:/UEProjects/MO57/Plugins/MOFramework/Content/Input/IA_Inventory.uasset" 4102
"D:/UEProjects/MO57/Plugins/MOFramework/Content/Input/IA_Inventory.uexp" 4103
"D:/UEProjects/MO57/Plugins/MOFramework/Content/Input/IA_Pause.uasset" 4104
"D:/UEProjects/MO57/Plugins/MOFramework/Content/Input/IA_Pause.uexp" 4105
"D:/UEProjects/MO57/Plugins/MOFramework/Content/Input/IA_PlayerStatus.uasset" 4106
"D:/UEProjects/MO57/Plugins/MOFramework/Content/Input/IA_PlayerStatus.uexp" 4107
"D:/UEProjects/MO57/Plugins/MOFramework/Content/Input/IA_Possess.uasset" 4108
"D:/UEProjects/MO57/Plugins/MOFramework/Content/Input/IA_Possess.uexp" 4109
"D:/UEProjects/MO57/Plugins/MOFramework/Content/Input/IA_SecondaryAction.uasset" 4110
"D:/UEProjects/MO57/Plugins/MOFramework/Content/Input/IA_SecondaryAction.uexp" 4111
"D:/UEProjects/MO57/Plugins/MOFramework/Content/Input/IA_Skills.uasset" 4112
"D:/UEProjects/MO57/Plugins/MOFramework/Content/Input/IA_Skills.uexp" 4113
"D:/UEProjects/MO57/Plugins/MOFramework/Content/UI/WBP_ConfirmationWidget.uasset" 4114
"D:/UEProjects/MO57/Plugins/MOFramework/Content/UI/WBP_ConfirmationWidget.uexp" 4115
"D:/UEProjects/MO57/Plugins/MOFramework/Content/UI/WBP_InspectionProgress.uasset" 4116
"D:/UEProjects/MO57/Plugins/MOFramework/Content/UI/WBP_InspectionProgress.uexp" 4117
"D:/UEProjects/MO57/Plugins/MOFramework/Content/UI/WBP_ModeIndicator.uasset" 4118
"D:/UEProjects/MO57/Plugins/MOFramework/Content/UI/WBP_ModeIndicator.uexp" 4119
"D:/UEProjects/MO57/Plugins/MOFramework/Content/UI/WBP_SavePanel.uasset" 4120
"D:/UEProjects/MO57/Plugins/MOFramework/Content/UI/WBP_SavePanel.uexp" 4121
"D:/UEProjects/MO57/Plugins/MOFramework/Content/UI/WBP_MOInGameMenu.uasset" 4122
"D:/UEProjects/MO57/Plugins/MOFramework/Content/UI/WBP_MOInGameMenu.uexp" 4123
"D:/UEProjects/MO57/Plugins/MOFramework/Content/UI/WBP_MOPawnEntryWidget.uasset" 4124
"D:/UEProjects/MO57/Plugins/MOFramework/Content/UI/WBP_MOPawnEntryWidget.uexp" 4125
"D:/UEProjects/MO57/Plugins/MOFramework/Content/UI/WBP_MOPossessionMenu.uasset" 4126
"D:/UEProjects/MO57/Plugins/MOFramework/Content/UI/WBP_MOPossessionMenu.uexp" 4127
"D:/UEProjects/MO57/Plugins/MOFramework/Content/UI/WBP_MOCharacterInfoEntry.uasset" 4128
"D:/UEProjects/MO57/Plugins/MOFramework/Content/UI/WBP_MOCharacterInfoEntry.uexp" 4129
"D:/UEProjects/MO57/Plugins/MOFramework/Content/UI/WBP_MOStatusField.uasset" 4130
"D:/UEProjects/MO57/Plugins/MOFramework/Content/UI/WBP_MOStatusField.uexp" 4131
"D:/UEProjects/MO57/Plugins/MOFramework/Content/UI/WBP_MOStatusPanel.uasset" 4132
"D:/UEProjects/MO57/Plugins/MOFramework/Content/UI/WBP_MOStatusPanel.uexp" 4133
"D:/UEProjects/MO57/Plugins/MOFramework/Content/UI/WBP_SkillEntry.uasset" 4134
"D:/UEProjects/MO57/Plugins/MOFramework/Content/UI/WBP_SkillEntry.uexp" 4135
"D:/UEProjects/MO57/Plugins/MOFramework/Content/UI/WBP_SkillsPanel.uasset" 4136
"D:/UEProjects/MO57/Plugins/MOFramework/Content/UI/WBP_SkillsPanel.uexp" 4137
"D:/UEProjects/MO57/Plugins/MOFramework/Content/UI/WBP_ToolNotif.uasset" 4138
"D:/UEProjects/MO57/Plugins/MOFramework/Content/UI/WBP_ToolNotif.uexp" 4139
"D:/UEProjects/MO57/Plugins/MOFramework/Content/UI/BuildSystem/WBP_BuildContext.uasset" 4140
"D:/UEProjects/MO57/Plugins/MOFramework/Content/UI/BuildSystem/WBP_BuildContext.uexp" 4141
"D:/UEProjects/MO57/Plugins/MOFramework/Content/UI/BuildSystem/WBP_BuildQueueEntry.uasset" 4142
"D:/UEProjects/MO57/Plugins/MOFramework/Content/UI/BuildSystem/WBP_BuildQueueEntry.uexp" 4143
"D:/UEProjects/MO57/Plugins/MOFramework/Content/UI/BuildSystem/WBP_BuildingQueue.uasset" 4144
"D:/UEProjects/MO57/Plugins/MOFramework/Content/UI/BuildSystem/WBP_BuildingQueue.uexp" 4145
"D:/UEProjects/MO57/Plugins/MOFramework/Content/UI/BuildSystem/WBP_BuildingRecipeDetail.uasset" 4146
"D:/UEProjects/MO57/Plugins/MOFramework/Content/UI/BuildSystem/WBP_BuildingRecipeDetail.uexp" 4147
"D:/UEProjects/MO57/Plugins/MOFramework/Content/UI/BuildSystem/WBP_BuildingRecipeEntry.uasset" 4148
"D:/UEProjects/MO57/Plugins/MOFramework/Content/UI/BuildSystem/WBP_BuildingRecipeEntry.uexp" 4149
"D:/UEProjects/MO57/Plugins/MOFramework/Content/UI/BuildSystem/WBP_BuildingRecipeList.uasset" 4150
"D:/UEProjects/MO57/Plugins/MOFramework/Content/UI/BuildSystem/WBP_BuildingRecipeList.uexp" 4151
"D:/UEProjects/MO57/Plugins/MOFramework/Content/UI/BuildSystem/WBP_BuildingMenu.uasset" 4152
"D:/UEProjects/MO57/Plugins/MOFramework/Content/UI/BuildSystem/WBP_BuildingMenu.uexp" 4153
"D:/UEProjects/MO57/Plugins/MOFramework/Content/UI/CraftingSystem/WBP_StationMenu.uasset" 4154
"D:/UEProjects/MO57/Plugins/MOFramework/Content/UI/CraftingSystem/WBP_StationMenu.uexp" 4155
"D:/UEProjects/MO57/Plugins/MOFramework/Content/UI/UI_Icons/BackSlot.uasset" 4156
"D:/UEProjects/MO57/Plugins/MOFramework/Content/UI/UI_Icons/BackSlot.uexp" 4157
"D:/UEProjects/MO57/Plugins/MOFramework/Content/UI/UI_Icons/ChestSlot.uasset" 4158
"D:/UEProjects/MO57/Plugins/MOFramework/Content/UI/UI_Icons/ChestSlot.uexp" 4159
"D:/UEProjects/MO57/Plugins/MOFramework/Content/UI/UI_Icons/FootSlot.uasset" 4160
"D:/UEProjects/MO57/Plugins/MOFramework/Content/UI/UI_Icons/FootSlot.uexp" 4161
"D:/UEProjects/MO57/Plugins/MOFramework/Content/UI/UI_Icons/HandSlot.uasset" 4162
"D:/UEProjects/MO57/Plugins/MOFramework/Content/UI/UI_Icons/HandSlot.uexp" 4163
"D:/UEProjects/MO57/Plugins/MOFramework/Content/UI/UI_Icons/HeadSlot.uasset" 4164
"D:/UEProjects/MO57/Plugins/MOFramework/Content/UI/UI_Icons/HeadSlot.uexp" 4165
"D:/UEProjects/MO57/Plugins/MOFramework/Content/UI/UI_Icons/LeftHandSlot.uasset" 4166
"D:/UEProjects/MO57/Plugins/MOFramework/Content/UI/UI_Icons/LeftHandSlot.uexp" 4167
"D:/UEProjects/MO57/Plugins/MOFramework/Content/UI/UI_Icons/LegSlot.uasset" 4168
"D:/UEProjects/MO57/Plugins/MOFramework/Content/UI/UI_Icons/LegSlot.uexp" 4169
"D:/UEProjects/MO57/Plugins/MOFramework/Content/UI/UI_Icons/RightHandSlot.uasset" 4170
"D:/UEProjects/MO57/Plugins/MOFramework/Content/UI/UI_Icons/RightHandSlot.uexp" 4171
"D:/UEProjects/MO57/Plugins/MOFramework/Content/UI/InventorySystem/WBP_EquipmentPanel.uasset" 4172
"D:/UEProjects/MO57/Plugins/MOFramework/Content/UI/InventorySystem/WBP_EquipmentPanel.uexp" 4173
"D:/UEProjects/MO57/Plugins/MOFramework/Content/UI/InventorySystem/WBP_NearbyItems.uasset" 4174
"D:/UEProjects/MO57/Plugins/MOFramework/Content/UI/InventorySystem/WBP_NearbyItems.uexp" 4175
"D:/UEProjects/MO57/Plugins/MOFramework/Content/UI/InventorySystem/WBP_UnifiedInventory.uasset" 4176
"D:/UEProjects/MO57/Plugins/MOFramework/Content/UI/InventorySystem/WBP_UnifiedInventory.uexp" 4177
"D:/UEProjects/MO57/Plugins/MOFramework/Content/UI/WBP_FPSCounter.uasset" 4178
"D:/UEProjects/MO57/Plugins/MOFramework/Content/UI/WBP_FPSCounter.uexp" 4179
"D:/UEProjects/MO57/Plugins/MOFramework/Content/UI/WBP_Notification.uasset" 4180
"D:/UEProjects/MO57/Plugins/MOFramework/Content/UI/WBP_Notification.uexp" 4181
"D:/UEProjects/MO57/Plugins/MOFramework/Content/UI/WBP_HarvestContextMenu.uasset" 4182
"D:/UEProjects/MO57/Plugins/MOFramework/Content/UI/WBP_HarvestContextMenu.uexp" 4183
"D:/UEProjects/MO57/Plugins/MOFramework/Content/UI/WBP_HarvestProgress.uasset" 4184
"D:/UEProjects/MO57/Plugins/MOFramework/Content/UI/WBP_HarvestProgress.uexp" 4185
"D:/UEProjects/MO57/Plugins/MOFramework/Content/Input/IA_Debug.uasset" 4186
"D:/UEProjects/MO57/Plugins/MOFramework/Content/Input/IA_Debug.uexp" 4187
"D:/UEProjects/MO57/Plugins/MOFramework/Content/Input/IA_MOMove.uasset" 4188
"D:/UEProjects/MO57/Plugins/MOFramework/Content/Input/IA_MOMove.uexp" 4189
"D:/UEProjects/MO57/Plugins/MOFramework/Content/Input/IA_MOMouseLook.uasset" 4190
"D:/UEProjects/MO57/Plugins/MOFramework/Content/Input/IA_MOMouseLook.uexp" 4191
"D:/UEProjects/MO57/Plugins/MOFramework/Content/Input/IA_MOJump.uasset" 4192
"D:/UEProjects/MO57/Plugins/MOFramework/Content/Input/IA_MOJump.uexp" 4193
"D:/UEProjects/MO57/Plugins/MOFramework/Content/Input/IA_PrimaryAction.uasset" 4194
"D:/UEProjects/MO57/Plugins/MOFramework/Content/Input/IA_PrimaryAction.uexp" 4195
"D:/UEProjects/MO57/Plugins/MOFramework/Content/Input/IA_TerraformToggle.uasset" 4196
"D:/UEProjects/MO57/Plugins/MOFramework/Content/Input/IA_TerraformToggle.uexp" 4197
"D:/UEProjects/MO57/Plugins/MOFramework/Content/Input/IA_TerraformCycleTool.uasset" 4198
"D:/UEProjects/MO57/Plugins/MOFramework/Content/Input/IA_TerraformCycleTool.uexp" 4199
"D:/UEProjects/MO57/Plugins/MOFramework/Content/Input/IA_Crouch.uasset" 4200
"D:/UEProjects/MO57/Plugins/MOFramework/Content/Input/IA_Crouch.uexp" 4201
"D:/UEProjects/MO57/Plugins/MOFramework/Content/Input/IA_MOLook.uasset" 4202
"D:/UEProjects/MO57/Plugins/MOFramework/Content/Input/IA_MOLook.uexp" 4203
"D:/UEProjects/MO57/Plugins/MOFramework/Content/Input/IMC_MODefault.uasset" 4204
"D:/UEProjects/MO57/Plugins/MOFramework/Content/Input/IMC_MODefault.uexp" 4205
"D:/UEProjects/MO57/Plugins/MOFramework/Content/Input/IA_PlaceBuilding.uasset" 4206
"D:/UEProjects/MO57/Plugins/MOFramework/Content/Input/IA_PlaceBuilding.uexp" 4207
"D:/UEProjects/MO57/Plugins/MOFramework/Content/Input/IA_RotateBuildingCW.uasset" 4208
"D:/UEProjects/MO57/Plugins/MOFramework/Content/Input/IA_RotateBuildingCW.uexp" 4209
"D:/UEProjects/MO57/Plugins/MOFramework/Content/Input/IA_RotateBuildingCCW.uasset" 4210
"D:/UEProjects/MO57/Plugins/MOFramework/Content/Input/IA_RotateBuildingCCW.uexp" 4211
"D:/UEProjects/MO57/Plugins/MOFramework/Content/Input/IA_CancelPlacement.uasset" 4212
"D:/UEProjects/MO57/Plugins/MOFramework/Content/Input/IA_CancelPlacement.uexp" 4213
"D:/UEProjects/MO57/Plugins/MOFramework/Content/Input/IMC_Building.uasset" 4214
"D:/UEProjects/MO57/Plugins/MOFramework/Content/Input/IMC_Building.uexp" 4215
"D:/UEProjects/MO57/Plugins/MOFramework/Content/Characters/BP_MOPlayerController.uasset" 4216
"D:/UEProjects/MO57/Plugins/MOFramework/Content/Characters/BP_MOPlayerController.uexp" 4217
"D:/UEProjects/MO57/Content/MetaHumans/Common/Controls/CRSL_MetaHuman_Gizmo.uasset" 4218
"D:/UEProjects/MO57/Content/MetaHumans/Common/Controls/CRSL_MetaHuman_Gizmo.uexp" 4219
"D:/UEProjects/MO57/Content/MetaHumans/Common/Face/CR_MetaHuman_HeadMovement_IK_Proc.uasset" 4220
"D:/UEProjects/MO57/Content/MetaHumans/Common/Face/CR_MetaHuman_HeadMovement_IK_Proc.uexp" 4221
"D:/UEProjects/MO57/Content/MetaHumans/Common/Body/ABP_Body_PostProcess.uasset" 4222
"D:/UEProjects/MO57/Content/MetaHumans/Common/Body/ABP_Body_PostProcess.uexp" 4223
"D:/UEProjects/MO57/Content/MetaHumans/Metahuman_Female1/Body/PHYS_Metahuman_Female1.uasset" 4224
"D:/UEProjects/MO57/Content/MetaHumans/Metahuman_Female1/Body/PHYS_Metahuman_Female1.uexp" 4225
"D:/UEProjects/MO57/Content/MetaHumans/Common/Optional/BodyTextures/T_Skin_Microtiling_M.ubulk" 4226
"D:/UEProjects/MO57/Content/MetaHumans/Common/Optional/BodyTextures/T_Skin_Microtiling_M.uasset" 4227
"D:/UEProjects/MO57/Content/MetaHumans/Common/Optional/BodyTextures/T_Skin_Microtiling_M.uexp" 4228
"D:/UEProjects/MO57/Content/MetaHumans/Metahuman_Female1/Body/Baked/T_Body_BC_VT.ubulk" 4229
"D:/UEProjects/MO57/Content/MetaHumans/Metahuman_Female1/Body/Baked/T_Body_BC_VT.uasset" 4230
"D:/UEProjects/MO57/Content/MetaHumans/Metahuman_Female1/Body/Baked/T_Body_BC_VT.uexp" 4231
"D:/UEProjects/MO57/Content/MetaHumans/Metahuman_Female1/Body/Baked/T_Body_N_VT.ubulk" 4232
"D:/UEProjects/MO57/Content/MetaHumans/Metahuman_Female1/Body/Baked/T_Body_N_VT.uasset" 4233
"D:/UEProjects/MO57/Content/MetaHumans/Metahuman_Female1/Body/Baked/T_Body_N_VT.uexp" 4234
"D:/UEProjects/MO57/Content/MetaHumans/Metahuman_Female1/Body/Baked/T_Body_Scatter_VT.ubulk" 4235
"D:/UEProjects/MO57/Content/MetaHumans/Metahuman_Female1/Body/Baked/T_Body_Scatter_VT.uasset" 4236
"D:/UEProjects/MO57/Content/MetaHumans/Metahuman_Female1/Body/Baked/T_Body_Scatter_VT.uexp" 4237
"D:/UEProjects/MO57/Content/MetaHumans/Metahuman_Female1/Body/Baked/T_Body_SRMF_VT.ubulk" 4238
"D:/UEProjects/MO57/Content/MetaHumans/Metahuman_Female1/Body/Baked/T_Body_SRMF_VT.uasset" 4239
"D:/UEProjects/MO57/Content/MetaHumans/Metahuman_Female1/Body/Baked/T_Body_SRMF_VT.uexp" 4240
"../../../Engine/Content/Functions/Engine_MaterialFunctions02/Utility/MakeFloat4.uasset" 4241
"../../../Engine/Content/Functions/Engine_MaterialFunctions02/Utility/MakeFloat4.uexp" 4242
"../../../Engine/Content/Functions/Engine_MaterialFunctions01/ImageAdjustment/sRGBToLinear.uasset" 4243
"../../../Engine/Content/Functions/Engine_MaterialFunctions01/ImageAdjustment/sRGBToLinear.uexp" 4244
"../../../Engine/Content/Functions/Engine_MaterialFunctions01/ImageAdjustment/LinearTosRGB.uasset" 4245
"../../../Engine/Content/Functions/Engine_MaterialFunctions01/ImageAdjustment/LinearTosRGB.uexp" 4246
"D:/UEProjects/MO57/Content/MetaHumans/Common/Lookdev_UHM/Common/Textures/Placeholders/T_Flat_Black_M.uasset" 4247
"D:/UEProjects/MO57/Content/MetaHumans/Common/Lookdev_UHM/Common/Textures/Placeholders/T_Flat_Black_M.uexp" 4248
"D:/UEProjects/MO57/Content/MetaHumans/Common/Lookdev_UHM/Common/Material_Functions/MF_blendNormals.uasset" 4249
"D:/UEProjects/MO57/Content/MetaHumans/Common/Lookdev_UHM/Common/Material_Functions/MF_blendNormals.uexp" 4250
"D:/UEProjects/MO57/Content/MetaHumans/Common/Lookdev_UHM/Common/Material_Functions/MF_color_LinearTosRGB.uasset" 4251
"D:/UEProjects/MO57/Content/MetaHumans/Common/Lookdev_UHM/Common/Material_Functions/MF_color_LinearTosRGB.uexp" 4252
"D:/UEProjects/MO57/Content/MetaHumans/Common/Lookdev_UHM/Common/Material_Functions/MF_color_sRGBToLinear.uasset" 4253
"D:/UEProjects/MO57/Content/MetaHumans/Common/Lookdev_UHM/Common/Material_Functions/MF_color_sRGBToLinear.uexp" 4254
"D:/UEProjects/MO57/Content/MetaHumans/Common/Lookdev_UHM/Common/Material_Functions/MF_normalStrength.uasset" 4255
"D:/UEProjects/MO57/Content/MetaHumans/Common/Lookdev_UHM/Common/Material_Functions/MF_normalStrength.uexp" 4256
"D:/UEProjects/MO57/Content/MetaHumans/Common/Lookdev_UHM/Common/Material_Functions/MF_ruler.uasset" 4257
"D:/UEProjects/MO57/Content/MetaHumans/Common/Lookdev_UHM/Common/Material_Functions/MF_ruler.uexp" 4258
"D:/UEProjects/MO57/Content/MetaHumans/Common/Lookdev_UHM/Common/Material_Functions/MF_UDIMs.uasset" 4259
"D:/UEProjects/MO57/Content/MetaHumans/Common/Lookdev_UHM/Common/Material_Functions/MF_UDIMs.uexp" 4260
"D:/UEProjects/MO57/Content/MetaHumans/Common/Lookdev_UHM/Common/Material_Functions/MF_UHM_QualitySwitch_MaterialAttributes.uasset" 4261
"D:/UEProjects/MO57/Content/MetaHumans/Common/Lookdev_UHM/Common/Material_Functions/MF_UHM_QualitySwitch_MaterialAttributes.uexp" 4262
"D:/UEProjects/MO57/Content/MetaHumans/Common/Lookdev_UHM/Common/Material_Functions/MF_UHM_QualitySwitch_Scalar.uasset" 4263
"D:/UEProjects/MO57/Content/MetaHumans/Common/Lookdev_UHM/Common/Material_Functions/MF_UHM_QualitySwitch_Scalar.uexp" 4264
"D:/UEProjects/MO57/Content/MetaHumans/Common/Lookdev_UHM/Common/Material_Functions/MF_UHM_QualitySwitch_Vector3.uasset" 4265
"D:/UEProjects/MO57/Content/MetaHumans/Common/Lookdev_UHM/Common/Material_Functions/MF_UHM_QualitySwitch_Vector3.uexp" 4266
"D:/UEProjects/MO57/Content/MetaHumans/Common/Lookdev_UHM/Common/Textures/T_MH_BentNormal_AO.ubulk" 4267
"D:/UEProjects/MO57/Content/MetaHumans/Common/Lookdev_UHM/Common/Textures/T_MH_BentNormal_AO.uasset" 4268
"D:/UEProjects/MO57/Content/MetaHumans/Common/Lookdev_UHM/Common/Textures/T_MH_BentNormal_AO.uexp" 4269
"D:/UEProjects/MO57/Content/MetaHumans/Common/Lookdev_UHM/Common/Textures/Placeholders/T_Flat_N.uasset" 4270
"D:/UEProjects/MO57/Content/MetaHumans/Common/Lookdev_UHM/Common/Textures/Placeholders/T_Flat_N.uexp" 4271
"D:/UEProjects/MO57/Content/MetaHumans/Common/Lookdev_UHM/Common/Textures/Placeholders/T_Flat_Grey_C.uasset" 4272
"D:/UEProjects/MO57/Content/MetaHumans/Common/Lookdev_UHM/Common/Textures/Placeholders/T_Flat_Grey_C.uexp" 4273
"D:/UEProjects/MO57/Content/MetaHumans/Common/Lookdev_UHM/Common/Textures/Placeholders/T_Flat_Grey_HDR_C.uasset" 4274
"D:/UEProjects/MO57/Content/MetaHumans/Common/Lookdev_UHM/Common/Textures/Placeholders/T_Flat_Grey_HDR_C.uexp" 4275
"D:/UEProjects/MO57/Content/MetaHumans/Common/Lookdev_UHM/Common/Textures/Placeholders/T_Flat_Grey_linear.uasset" 4276
"D:/UEProjects/MO57/Content/MetaHumans/Common/Lookdev_UHM/Common/Textures/Placeholders/T_Flat_Grey_linear.uexp" 4277
"D:/UEProjects/MO57/Content/MetaHumans/Common/Lookdev_UHM/Common/Textures/Placeholders/T_Flat_N_VT.ubulk" 4278
"D:/UEProjects/MO57/Content/MetaHumans/Common/Lookdev_UHM/Common/Textures/Placeholders/T_Flat_N_VT.uasset" 4279
"D:/UEProjects/MO57/Content/MetaHumans/Common/Lookdev_UHM/Common/Textures/Placeholders/T_Flat_N_VT.uexp" 4280
"D:/UEProjects/MO57/Content/MetaHumans/Common/Lookdev_UHM/Common/Textures/Placeholders/T_Flat_White_C.uasset" 4281
"D:/UEProjects/MO57/Content/MetaHumans/Common/Lookdev_UHM/Common/Textures/Placeholders/T_Flat_White_C.uexp" 4282
"D:/UEProjects/MO57/Content/MetaHumans/Common/Lookdev_UHM/Common/Textures/Placeholders/T_Flat_White_C_VT.ubulk" 4283
"D:/UEProjects/MO57/Content/MetaHumans/Common/Lookdev_UHM/Common/Textures/Placeholders/T_Flat_White_C_VT.uasset" 4284
"D:/UEProjects/MO57/Content/MetaHumans/Common/Lookdev_UHM/Common/Textures/Placeholders/T_Flat_White_C_VT.uexp" 4285
"D:/UEProjects/MO57/Content/MetaHumans/Common/Lookdev_UHM/Skin/Textures/Skin_Animated/T_head_wm_msk_Array.ubulk" 4286
"D:/UEProjects/MO57/Content/MetaHumans/Common/Lookdev_UHM/Skin/Textures/Skin_Animated/T_head_wm_msk_Array.uasset" 4287
"D:/UEProjects/MO57/Content/MetaHumans/Common/Lookdev_UHM/Skin/Textures/Skin_Animated/T_head_wm_msk_Array.uexp" 4288
"D:/UEProjects/MO57/Content/MetaHumans/Common/Lookdev_UHM/Skin/Material_Functions/Skin_Animated/MF_HeadMask_TexArraySample.uasset" 4289
"D:/UEProjects/MO57/Content/MetaHumans/Common/Lookdev_UHM/Skin/Material_Functions/Skin_Animated/MF_HeadMask_TexArraySample.uexp" 4290
"D:/UEProjects/MO57/Content/MetaHumans/Common/Lookdev_UHM/Skin/Material_Functions/Skin_Animated/MF_HeadMask_01A.uasset" 4291
"D:/UEProjects/MO57/Content/MetaHumans/Common/Lookdev_UHM/Skin/Material_Functions/Skin_Animated/MF_HeadMask_01A.uexp" 4292
"D:/UEProjects/MO57/Content/MetaHumans/Common/Lookdev_UHM/Skin/Material_Functions/Skin_Animated/MF_HeadMask_02A.uasset" 4293
"D:/UEProjects/MO57/Content/MetaHumans/Common/Lookdev_UHM/Skin/Material_Functions/Skin_Animated/MF_HeadMask_02A.uexp" 4294
"D:/UEProjects/MO57/Content/MetaHumans/Common/Lookdev_UHM/Skin/Material_Functions/Skin_Animated/MF_HeadMask_03A.uasset" 4295
"D:/UEProjects/MO57/Content/MetaHumans/Common/Lookdev_UHM/Skin/Material_Functions/Skin_Animated/MF_HeadMask_03A.uexp" 4296
"D:/UEProjects/MO57/Content/MetaHumans/Common/Lookdev_UHM/Skin/Material_Functions/Skin_Animated/MF_AnimatedMaps.uasset" 4297
"D:/UEProjects/MO57/Content/MetaHumans/Common/Lookdev_UHM/Skin/Material_Functions/Skin_Animated/MF_AnimatedMaps.uexp" 4298
"D:/UEProjects/MO57/Content/MetaHumans/Common/Lookdev_UHM/Skin/Material_Functions/MF_skin_animated.uasset" 4299
"D:/UEProjects/MO57/Content/MetaHumans/Common/Lookdev_UHM/Skin/Material_Functions/MF_skin_animated.uexp" 4300
"D:/UEProjects/MO57/Content/MetaHumans/Common/Lookdev_UHM/Skin/Textures/T_skinMicro3_CAV.ubulk" 4301
"D:/UEProjects/MO57/Content/MetaHumans/Common/Lookdev_UHM/Skin/Textures/T_skinMicro3_CAV.uasset" 4302
"D:/UEProjects/MO57/Content/MetaHumans/Common/Lookdev_UHM/Skin/Textures/T_skinMicro3_CAV.uexp" 4303
"D:/UEProjects/MO57/Content/MetaHumans/Common/Lookdev_UHM/Skin/Materials/SSP_skin_unified.uasset" 4304
"D:/UEProjects/MO57/Content/MetaHumans/Common/Lookdev_UHM/Skin/Materials/SSP_skin_unified.uexp" 4305
"D:/UEProjects/MO57/Content/MetaHumans/Common/Lookdev_UHM/Common/Textures/Placeholders/T_Flat_Black_M_VT.ubulk" 4306
"D:/UEProjects/MO57/Content/MetaHumans/Common/Lookdev_UHM/Common/Textures/Placeholders/T_Flat_Black_M_VT.uasset" 4307
"D:/UEProjects/MO57/Content/MetaHumans/Common/Lookdev_UHM/Common/Textures/Placeholders/T_Flat_Black_M_VT.uexp" 4308
"D:/UEProjects/MO57/Content/MetaHumans/Common/Lookdev_UHM/Common/Textures/Placeholders/T_Flat_Grey_C_VT.ubulk" 4309
"D:/UEProjects/MO57/Content/MetaHumans/Common/Lookdev_UHM/Common/Textures/Placeholders/T_Flat_Grey_C_VT.uasset" 4310
"D:/UEProjects/MO57/Content/MetaHumans/Common/Lookdev_UHM/Common/Textures/Placeholders/T_Flat_Grey_C_VT.uexp" 4311
"D:/UEProjects/MO57/Content/MetaHumans/Common/Lookdev_UHM/Skin/Material_Functions/MF_skin_bakedInputs.uasset" 4312
"D:/UEProjects/MO57/Content/MetaHumans/Common/Lookdev_UHM/Skin/Material_Functions/MF_skin_bakedInputs.uexp" 4313
"D:/UEProjects/MO57/Content/MetaHumans/Common/Lookdev_UHM/Skin/Material_Functions/MF_skin_bentNormalsAO.uasset" 4314
"D:/UEProjects/MO57/Content/MetaHumans/Common/Lookdev_UHM/Skin/Material_Functions/MF_skin_bentNormalsAO.uexp" 4315
"D:/UEProjects/MO57/Content/MetaHumans/Common/Lookdev_UHM/Skin/Material_Functions/MF_skin_fakeAO.uasset" 4316
"D:/UEProjects/MO57/Content/MetaHumans/Common/Lookdev_UHM/Skin/Material_Functions/MF_skin_fakeAO.uexp" 4317
"D:/UEProjects/MO57/Content/MetaHumans/Common/Lookdev_UHM/Skin/Material_Functions/MF_skin_fuzzApply.uasset" 4318
"D:/UEProjects/MO57/Content/MetaHumans/Common/Lookdev_UHM/Skin/Material_Functions/MF_skin_fuzzApply.uexp" 4319
"D:/UEProjects/MO57/Content/MetaHumans/Common/Lookdev_UHM/Skin/Material_Functions/MF_skin_globalAdjustmentsPostBake.uasset" 4320
"D:/UEProjects/MO57/Content/MetaHumans/Common/Lookdev_UHM/Skin/Material_Functions/MF_skin_globalAdjustmentsPostBake.uexp" 4321
"D:/UEProjects/MO57/Content/MetaHumans/Common/Lookdev_UHM/Skin/Textures/T_SkinMicro3_N.ubulk" 4322
"D:/UEProjects/MO57/Content/MetaHumans/Common/Lookdev_UHM/Skin/Textures/T_SkinMicro3_N.uasset" 4323
"D:/UEProjects/MO57/Content/MetaHumans/Common/Lookdev_UHM/Skin/Textures/T_SkinMicro3_N.uexp" 4324
"D:/UEProjects/MO57/Content/MetaHumans/Common/Lookdev_UHM/Skin/Material_Functions/MF_skin_microSkinDetails.uasset" 4325
"D:/UEProjects/MO57/Content/MetaHumans/Common/Lookdev_UHM/Skin/Material_Functions/MF_skin_microSkinDetails.uexp" 4326
"D:/UEProjects/MO57/Content/MetaHumans/Common/Lookdev_UHM/Skin/Material_Functions/MF_skin_mipmapAdjustments.uasset" 4327
"D:/UEProjects/MO57/Content/MetaHumans/Common/Lookdev_UHM/Skin/Material_Functions/MF_skin_mipmapAdjustments.uexp" 4328
"D:/UEProjects/MO57/Content/MetaHumans/Common/Lookdev_UHM/Skin/Material_Functions/MF_skin_scalability.uasset" 4329
"D:/UEProjects/MO57/Content/MetaHumans/Common/Lookdev_UHM/Skin/Material_Functions/MF_skin_scalability.uexp" 4330
"D:/UEProjects/MO57/Content/MetaHumans/Common/Lookdev_UHM/Skin/Material_Functions/MF_skin_scatterAnisotropyPT.uasset" 4331
"D:/UEProjects/MO57/Content/MetaHumans/Common/Lookdev_UHM/Skin/Material_Functions/MF_skin_scatterAnisotropyPT.uexp" 4332
"D:/UEProjects/MO57/Content/MetaHumans/Common/Lookdev_UHM/Skin/Material_Functions/MF_skin_utils.uasset" 4333
"D:/UEProjects/MO57/Content/MetaHumans/Common/Lookdev_UHM/Skin/Material_Functions/MF_skin_utils.uexp" 4334
"D:/UEProjects/MO57/Content/MetaHumans/Common/Lookdev_UHM/Skin/Materials/M_skin_unified_baked.uasset" 4335
"D:/UEProjects/MO57/Content/MetaHumans/Common/Lookdev_UHM/Skin/Materials/M_skin_unified_baked.uexp" 4336
"D:/UEProjects/MO57/Content/MetaHumans/Common/Lookdev_UHM/Skin/Materials/Baked/MI_Head_Baked_LOD0_VT.uasset" 4337
"D:/UEProjects/MO57/Content/MetaHumans/Common/Lookdev_UHM/Skin/Materials/Baked/MI_Head_Baked_LOD0_VT.uexp" 4338
"D:/UEProjects/MO57/Content/MetaHumans/Metahuman_Female1/Body/Materials/MI_Body_Baked_VT.uasset" 4339
"D:/UEProjects/MO57/Content/MetaHumans/Metahuman_Female1/Body/Materials/MI_Body_Baked_VT.uexp" 4340
"D:/UEProjects/MO57/Content/MetaHumans/Metahuman_Female1/Body/SKM_Metahuman_Female1_BodyMesh.uasset" 4341
"D:/UEProjects/MO57/Content/MetaHumans/Metahuman_Female1/Body/SKM_Metahuman_Female1_BodyMesh.uexp" 4342
"D:/UEProjects/MO57/Content/MetaHumans/Common/Face/ABP_Face_PostProcess.uasset" 4343
"D:/UEProjects/MO57/Content/MetaHumans/Common/Face/ABP_Face_PostProcess.uexp" 4344
"D:/UEProjects/MO57/Content/MetaHumans/Metahuman_Female1/Face/Baked/T_EyeIrisL_BC.ubulk" 4345
"D:/UEProjects/MO57/Content/MetaHumans/Metahuman_Female1/Face/Baked/T_EyeIrisL_BC.uasset" 4346
"D:/UEProjects/MO57/Content/MetaHumans/Metahuman_Female1/Face/Baked/T_EyeIrisL_BC.uexp" 4347
"D:/UEProjects/MO57/Content/MetaHumans/Metahuman_Female1/Face/Baked/T_EyeIrisL_N.ubulk" 4348
"D:/UEProjects/MO57/Content/MetaHumans/Metahuman_Female1/Face/Baked/T_EyeIrisL_N.uasset" 4349
"D:/UEProjects/MO57/Content/MetaHumans/Metahuman_Female1/Face/Baked/T_EyeIrisL_N.uexp" 4350
"D:/UEProjects/MO57/Content/MetaHumans/Metahuman_Female1/Face/Baked/T_EyeScleraL_BC.ubulk" 4351
"D:/UEProjects/MO57/Content/MetaHumans/Metahuman_Female1/Face/Baked/T_EyeScleraL_BC.uasset" 4352
"D:/UEProjects/MO57/Content/MetaHumans/Metahuman_Female1/Face/Baked/T_EyeScleraL_BC.uexp" 4353
"D:/UEProjects/MO57/Content/MetaHumans/Metahuman_Female1/Face/Baked/T_EyeScleraL_N.ubulk" 4354
"D:/UEProjects/MO57/Content/MetaHumans/Metahuman_Female1/Face/Baked/T_EyeScleraL_N.uasset" 4355
"D:/UEProjects/MO57/Content/MetaHumans/Metahuman_Female1/Face/Baked/T_EyeScleraL_N.uexp" 4356
"../../../Engine/Content/Functions/Engine_MaterialFunctions02/TangentBasis.uasset" 4357
"../../../Engine/Content/Functions/Engine_MaterialFunctions02/TangentBasis.uexp" 4358
"D:/UEProjects/MO57/Content/MetaHumans/Common/Lookdev_UHM/Common/Material_Functions/MF_normalRotator.uasset" 4359
"D:/UEProjects/MO57/Content/MetaHumans/Common/Lookdev_UHM/Common/Material_Functions/MF_normalRotator.uexp" 4360
"D:/UEProjects/MO57/Content/MetaHumans/Common/Lookdev_UHM/Common/Textures/T_TilingNoise_001.ubulk" 4361
"D:/UEProjects/MO57/Content/MetaHumans/Common/Lookdev_UHM/Common/Textures/T_TilingNoise_001.uasset" 4362
"D:/UEProjects/MO57/Content/MetaHumans/Common/Lookdev_UHM/Common/Textures/T_TilingNoise_001.uexp" 4363
"D:/UEProjects/MO57/Content/MetaHumans/Common/Lookdev_UHM/Eye/Materials/SSP_eye_unified.uasset" 4364
"D:/UEProjects/MO57/Content/MetaHumans/Common/Lookdev_UHM/Eye/Materials/SSP_eye_unified.uexp" 4365
"D:/UEProjects/MO57/Content/MetaHumans/Common/Lookdev_UHM/Eye/Textures/T_EyeSclera_D.ubulk" 4366
"D:/UEProjects/MO57/Content/MetaHumans/Common/Lookdev_UHM/Eye/Textures/T_EyeSclera_D.uasset" 4367
"D:/UEProjects/MO57/Content/MetaHumans/Common/Lookdev_UHM/Eye/Textures/T_EyeSclera_D.uexp" 4368
"D:/UEProjects/MO57/Content/MetaHumans/Common/Lookdev_UHM/Eye/Textures/T_EyeSclera_N.ubulk" 4369
"D:/UEProjects/MO57/Content/MetaHumans/Common/Lookdev_UHM/Eye/Textures/T_EyeSclera_N.uasset" 4370
"D:/UEProjects/MO57/Content/MetaHumans/Common/Lookdev_UHM/Eye/Textures/T_EyeSclera_N.uexp" 4371
"D:/UEProjects/MO57/Content/MetaHumans/Common/Lookdev_UHM/Eye/Textures/T_Veins_D.ubulk" 4372
"D:/UEProjects/MO57/Content/MetaHumans/Common/Lookdev_UHM/Eye/Textures/T_Veins_D.uasset" 4373
"D:/UEProjects/MO57/Content/MetaHumans/Common/Lookdev_UHM/Eye/Textures/T_Veins_D.uexp" 4374
"D:/UEProjects/MO57/Content/MetaHumans/Common/Lookdev_UHM/Eye/Textures/T_alice_sun_painted.uasset" 4375
"D:/UEProjects/MO57/Content/MetaHumans/Common/Lookdev_UHM/Eye/Textures/T_alice_sun_painted.uexp" 4376
"D:/UEProjects/MO57/Content/MetaHumans/Common/Lookdev_UHM/Eye/Material_Functions/MF_circularMask.uasset" 4377
"D:/UEProjects/MO57/Content/MetaHumans/Common/Lookdev_UHM/Eye/Material_Functions/MF_circularMask.uexp" 4378
"D:/UEProjects/MO57/Content/MetaHumans/Common/Lookdev_UHM/Eye/Textures/T_Base_Tile_DetailNormal.ubulk" 4379
"D:/UEProjects/MO57/Content/MetaHumans/Common/Lookdev_UHM/Eye/Textures/T_Base_Tile_DetailNormal.uasset" 4380
"D:/UEProjects/MO57/Content/MetaHumans/Common/Lookdev_UHM/Eye/Textures/T_Base_Tile_DetailNormal.uexp" 4381
"D:/UEProjects/MO57/Content/MetaHumans/Common/Lookdev_UHM/Eye/Textures/T_iris_color_picker.ubulk" 4382
"D:/UEProjects/MO57/Content/MetaHumans/Common/Lookdev_UHM/Eye/Textures/T_iris_color_picker.uasset" 4383
"D:/UEProjects/MO57/Content/MetaHumans/Common/Lookdev_UHM/Eye/Textures/T_iris_color_picker.uexp" 4384
"D:/UEProjects/MO57/Content/MetaHumans/Common/Lookdev_UHM/Eye/Textures/Iris/T_Iris_H_M.ubulk" 4385
"D:/UEProjects/MO57/Content/MetaHumans/Common/Lookdev_UHM/Eye/Textures/Iris/T_Iris_H_M.uasset" 4386
"D:/UEProjects/MO57/Content/MetaHumans/Common/Lookdev_UHM/Eye/Textures/Iris/T_Iris_H_M.uexp" 4387
"D:/UEProjects/MO57/Content/MetaHumans/Common/Lookdev_UHM/Eye/Material_Functions/MF_customIris.uasset" 4388
"D:/UEProjects/MO57/Content/MetaHumans/Common/Lookdev_UHM/Eye/Material_Functions/MF_customIris.uexp" 4389
"D:/UEProjects/MO57/Content/MetaHumans/Common/Lookdev_UHM/Eye/Textures/T_EV_DustPanner_01.ubulk" 4390
"D:/UEProjects/MO57/Content/MetaHumans/Common/Lookdev_UHM/Eye/Textures/T_EV_DustPanner_01.uasset" 4391
"D:/UEProjects/MO57/Content/MetaHumans/Common/Lookdev_UHM/Eye/Textures/T_EV_DustPanner_01.uexp" 4392
"D:/UEProjects/MO57/Content/MetaHumans/Common/Lookdev_UHM/Eye/Material_Functions/MF_pupilScale.uasset" 4393
"D:/UEProjects/MO57/Content/MetaHumans/Common/Lookdev_UHM/Eye/Material_Functions/MF_pupilScale.uexp" 4394
"D:/UEProjects/MO57/Content/MetaHumans/Common/Lookdev_UHM/Eye/Textures/Iris/feather_N.ubulk" 4395
"D:/UEProjects/MO57/Content/MetaHumans/Common/Lookdev_UHM/Eye/Textures/Iris/feather_N.uasset" 4396
"D:/UEProjects/MO57/Content/MetaHumans/Common/Lookdev_UHM/Eye/Textures/Iris/feather_N.uexp" 4397
"D:/UEProjects/MO57/Content/MetaHumans/Common/Lookdev_UHM/Eye/Textures/T_EyeMidPlaneDisplacement.ubulk" 4398
"D:/UEProjects/MO57/Content/MetaHumans/Common/Lookdev_UHM/Eye/Textures/T_EyeMidPlaneDisplacement.uasset" 4399
"D:/UEProjects/MO57/Content/MetaHumans/Common/Lookdev_UHM/Eye/Textures/T_EyeMidPlaneDisplacement.uexp" 4400
"D:/UEProjects/MO57/Content/MetaHumans/Common/Lookdev_UHM/Eye/Material_Functions/MF_refractedUVs.uasset" 4401
"D:/UEProjects/MO57/Content/MetaHumans/Common/Lookdev_UHM/Eye/Material_Functions/MF_refractedUVs.uexp" 4402
"D:/UEProjects/MO57/Content/MetaHumans/Common/Lookdev_UHM/Eye/Textures/T_Eye_N.ubulk" 4403
"D:/UEProjects/MO57/Content/MetaHumans/Common/Lookdev_UHM/Eye/Textures/T_Eye_N.uasset" 4404
"D:/UEProjects/MO57/Content/MetaHumans/Common/Lookdev_UHM/Eye/Textures/T_Eye_N.uexp" 4405
"D:/UEProjects/MO57/Content/MetaHumans/Common/Lookdev_UHM/Eye/Textures/T_Iris001_01_D.ubulk" 4406
"D:/UEProjects/MO57/Content/MetaHumans/Common/Lookdev_UHM/Eye/Textures/T_Iris001_01_D.uasset" 4407
"D:/UEProjects/MO57/Content/MetaHumans/Common/Lookdev_UHM/Eye/Textures/T_Iris001_01_D.uexp" 4408
"D:/UEProjects/MO57/Content/MetaHumans/Common/Lookdev_UHM/Eye/Textures/T_Shared_Eye_AO.ubulk" 4409
"D:/UEProjects/MO57/Content/MetaHumans/Common/Lookdev_UHM/Eye/Textures/T_Shared_Eye_AO.uasset" 4410
"D:/UEProjects/MO57/Content/MetaHumans/Common/Lookdev_UHM/Eye/Textures/T_Shared_Eye_AO.uexp" 4411
"D:/UEProjects/MO57/Content/MetaHumans/Common/Lookdev_UHM/Eye/Textures/Iris/T_iris_H_N.ubulk" 4412
"D:/UEProjects/MO57/Content/MetaHumans/Common/Lookdev_UHM/Eye/Textures/Iris/T_iris_H_N.uasset" 4413
"D:/UEProjects/MO57/Content/MetaHumans/Common/Lookdev_UHM/Eye/Textures/Iris/T_iris_H_N.uexp" 4414
"D:/UEProjects/MO57/Content/MetaHumans/Common/Lookdev_UHM/Eye/Materials/M_eye_eyeball_unified.uasset" 4415
"D:/UEProjects/MO57/Content/MetaHumans/Common/Lookdev_UHM/Eye/Materials/M_eye_eyeball_unified.uexp" 4416
"D:/UEProjects/MO57/Content/MetaHumans/Common/Lookdev_UHM/Eye/Textures/Iris/T_Iris_I_M.ubulk" 4417
"D:/UEProjects/MO57/Content/MetaHumans/Common/Lookdev_UHM/Eye/Textures/Iris/T_Iris_I_M.uasset" 4418
"D:/UEProjects/MO57/Content/MetaHumans/Common/Lookdev_UHM/Eye/Textures/Iris/T_Iris_I_M.uexp" 4419
"D:/UEProjects/MO57/Content/MetaHumans/Common/Lookdev_UHM/Eye/Textures/Iris/T_iris_I_N.ubulk" 4420
"D:/UEProjects/MO57/Content/MetaHumans/Common/Lookdev_UHM/Eye/Textures/Iris/T_iris_I_N.uasset" 4421
"D:/UEProjects/MO57/Content/MetaHumans/Common/Lookdev_UHM/Eye/Textures/Iris/T_iris_I_N.uexp" 4422
"D:/UEProjects/MO57/Content/MetaHumans/Common/Lookdev_UHM/Eye/Materials/MI_eye_eyeball_unified_MH_preset_left.uasset" 4423
"D:/UEProjects/MO57/Content/MetaHumans/Common/Lookdev_UHM/Eye/Materials/MI_eye_eyeball_unified_MH_preset_left.uexp" 4424
"D:/UEProjects/MO57/Content/MetaHumans/Metahuman_Female1/Face/Materials/MI_EyeL_Baked.uasset" 4425
"D:/UEProjects/MO57/Content/MetaHumans/Metahuman_Female1/Face/Materials/MI_EyeL_Baked.uexp" 4426
"D:/UEProjects/MO57/Content/MetaHumans/Metahuman_Female1/Face/Baked/T_EyeIrisR_BC.ubulk" 4427
"D:/UEProjects/MO57/Content/MetaHumans/Metahuman_Female1/Face/Baked/T_EyeIrisR_BC.uasset" 4428
"D:/UEProjects/MO57/Content/MetaHumans/Metahuman_Female1/Face/Baked/T_EyeIrisR_BC.uexp" 4429
"D:/UEProjects/MO57/Content/MetaHumans/Metahuman_Female1/Face/Baked/T_EyeIrisR_N.ubulk" 4430
"D:/UEProjects/MO57/Content/MetaHumans/Metahuman_Female1/Face/Baked/T_EyeIrisR_N.uasset" 4431
"D:/UEProjects/MO57/Content/MetaHumans/Metahuman_Female1/Face/Baked/T_EyeIrisR_N.uexp" 4432
"D:/UEProjects/MO57/Content/MetaHumans/Metahuman_Female1/Face/Baked/T_EyeScleraR_BC.ubulk" 4433
"D:/UEProjects/MO57/Content/MetaHumans/Metahuman_Female1/Face/Baked/T_EyeScleraR_BC.uasset" 4434
"D:/UEProjects/MO57/Content/MetaHumans/Metahuman_Female1/Face/Baked/T_EyeScleraR_BC.uexp" 4435
"D:/UEProjects/MO57/Content/MetaHumans/Metahuman_Female1/Face/Baked/T_EyeScleraR_N.ubulk" 4436
"D:/UEProjects/MO57/Content/MetaHumans/Metahuman_Female1/Face/Baked/T_EyeScleraR_N.uasset" 4437
"D:/UEProjects/MO57/Content/MetaHumans/Metahuman_Female1/Face/Baked/T_EyeScleraR_N.uexp" 4438
"D:/UEProjects/MO57/Content/MetaHumans/Common/Lookdev_UHM/Eye/Materials/Baked/MI_EyeL_Baked.uasset" 4439
"D:/UEProjects/MO57/Content/MetaHumans/Common/Lookdev_UHM/Eye/Materials/Baked/MI_EyeL_Baked.uexp" 4440
"D:/UEProjects/MO57/Content/MetaHumans/Metahuman_Female1/Face/Materials/MI_EyeR_Baked.uasset" 4441
"D:/UEProjects/MO57/Content/MetaHumans/Metahuman_Female1/Face/Materials/MI_EyeR_Baked.uexp" 4442
"D:/UEProjects/MO57/Content/MetaHumans/Common/Materials/MF_RGB2YCbCr.uasset" 4443
"D:/UEProjects/MO57/Content/MetaHumans/Common/Materials/MF_RGB2YCbCr.uexp" 4444
"D:/UEProjects/MO57/Content/MetaHumans/Common/Materials/MF_YCbCr2RGB.uasset" 4445
"D:/UEProjects/MO57/Content/MetaHumans/Common/Materials/MF_YCbCr2RGB.uexp" 4446
"D:/UEProjects/MO57/Content/MetaHumans/Common/Materials/MF_YCbCrAdjustments_BoostRedness.uasset" 4447
"D:/UEProjects/MO57/Content/MetaHumans/Common/Materials/MF_YCbCrAdjustments_BoostRedness.uexp" 4448
"D:/UEProjects/MO57/Content/MetaHumans/Common/Materials/MF_RedHairBoost.uasset" 4449
"D:/UEProjects/MO57/Content/MetaHumans/Common/Materials/MF_RedHairBoost.uexp" 4450
"D:/UEProjects/MO57/Content/MetaHumans/Common/Materials/T_Black_Linear.uasset" 4451
"D:/UEProjects/MO57/Content/MetaHumans/Common/Materials/T_Black_Linear.uexp" 4452
"D:/UEProjects/MO57/Content/MetaHumans/Common/Materials/M_Eyelashes_Cards.uasset" 4453
"D:/UEProjects/MO57/Content/MetaHumans/Common/Materials/M_Eyelashes_Cards.uexp" 4454
"D:/UEProjects/MO57/Content/MetaHumans/Common/Materials/MI_Eyelashes_LowerLODs.uasset" 4455
"D:/UEProjects/MO57/Content/MetaHumans/Common/Materials/MI_Eyelashes_LowerLODs.uexp" 4456
"D:/UEProjects/MO57/Content/MetaHumans/Metahuman_Female1/Face/Materials/MI_Face_Eyelashes.uasset" 4457
"D:/UEProjects/MO57/Content/MetaHumans/Metahuman_Female1/Face/Materials/MI_Face_Eyelashes.uexp" 4458
"D:/UEProjects/MO57/Content/MetaHumans/Common/Textures/Eyelashes/T_Eyelashes_S_Sparse_Coverage.ubulk" 4459
"D:/UEProjects/MO57/Content/MetaHumans/Common/Textures/Eyelashes/T_Eyelashes_S_Sparse_Coverage.uasset" 4460
"D:/UEProjects/MO57/Content/MetaHumans/Common/Textures/Eyelashes/T_Eyelashes_S_Sparse_Coverage.uexp" 4461
"D:/UEProjects/MO57/Content/MetaHumans/Common/Materials/MI_Eyelashes_HigherLODs.uasset" 4462
"D:/UEProjects/MO57/Content/MetaHumans/Common/Materials/MI_Eyelashes_HigherLODs.uexp" 4463
"D:/UEProjects/MO57/Content/MetaHumans/Metahuman_Female1/Face/Materials/MI_Face_EyelashesHiLODs.uasset" 4464
"D:/UEProjects/MO57/Content/MetaHumans/Metahuman_Female1/Face/Materials/MI_Face_EyelashesHiLODs.uexp" 4465
"D:/UEProjects/MO57/Content/MetaHumans/Common/Lookdev_UHM/Eye/Materials/M_eye_occlusion_unified.uasset" 4466
"D:/UEProjects/MO57/Content/MetaHumans/Common/Lookdev_UHM/Eye/Materials/M_eye_occlusion_unified.uexp" 4467
"D:/UEProjects/MO57/Content/MetaHumans/Common/Lookdev_UHM/Eye/Materials/MI_eye_occlusion_unified.uasset" 4468
"D:/UEProjects/MO57/Content/MetaHumans/Common/Lookdev_UHM/Eye/Materials/MI_eye_occlusion_unified.uexp" 4469
"D:/UEProjects/MO57/Content/MetaHumans/Metahuman_Female1/Face/Materials/MI_Face_EyeShell.uasset" 4470
"D:/UEProjects/MO57/Content/MetaHumans/Metahuman_Female1/Face/Materials/MI_Face_EyeShell.uexp" 4471
"D:/UEProjects/MO57/Content/MetaHumans/Common/Lookdev_UHM/Eye/Textures/T_lacrimal_N.ubulk" 4472
"D:/UEProjects/MO57/Content/MetaHumans/Common/Lookdev_UHM/Eye/Textures/T_lacrimal_N.uasset" 4473
"D:/UEProjects/MO57/Content/MetaHumans/Common/Lookdev_UHM/Eye/Textures/T_lacrimal_N.uexp" 4474
"D:/UEProjects/MO57/Content/MetaHumans/Common/Lookdev_UHM/Eye/Materials/M_eye_lacrimal_fluid_unified.uasset" 4475
"D:/UEProjects/MO57/Content/MetaHumans/Common/Lookdev_UHM/Eye/Materials/M_eye_lacrimal_fluid_unified.uexp" 4476
"D:/UEProjects/MO57/Content/MetaHumans/Common/Lookdev_UHM/Eye/Materials/MI_eye_lacrimal_fluid_unified.uasset" 4477
"D:/UEProjects/MO57/Content/MetaHumans/Common/Lookdev_UHM/Eye/Materials/MI_eye_lacrimal_fluid_unified.uexp" 4478
"D:/UEProjects/MO57/Content/MetaHumans/Metahuman_Female1/Face/Materials/MI_Face_LacrimalFluid.uasset" 4479
"D:/UEProjects/MO57/Content/MetaHumans/Metahuman_Female1/Face/Materials/MI_Face_LacrimalFluid.uexp" 4480
"D:/UEProjects/MO57/Content/MetaHumans/Metahuman_Female1/Face/Baked/T_Head_BC_VT.ubulk" 4481
"D:/UEProjects/MO57/Content/MetaHumans/Metahuman_Female1/Face/Baked/T_Head_BC_VT.uasset" 4482
"D:/UEProjects/MO57/Content/MetaHumans/Metahuman_Female1/Face/Baked/T_Head_BC_VT.uexp" 4483
"D:/UEProjects/MO57/Content/MetaHumans/Metahuman_Female1/Face/Baked/T_Head_N_VT.ubulk" 4484
"D:/UEProjects/MO57/Content/MetaHumans/Metahuman_Female1/Face/Baked/T_Head_N_VT.uasset" 4485
"D:/UEProjects/MO57/Content/MetaHumans/Metahuman_Female1/Face/Baked/T_Head_N_VT.uexp" 4486
"D:/UEProjects/MO57/Content/MetaHumans/Metahuman_Female1/Face/Baked/T_Head_Scatter_VT.ubulk" 4487
"D:/UEProjects/MO57/Content/MetaHumans/Metahuman_Female1/Face/Baked/T_Head_Scatter_VT.uasset" 4488
"D:/UEProjects/MO57/Content/MetaHumans/Metahuman_Female1/Face/Baked/T_Head_Scatter_VT.uexp" 4489
"D:/UEProjects/MO57/Content/MetaHumans/Metahuman_Female1/Face/Baked/T_Head_SRMF_VT.ubulk" 4490
"D:/UEProjects/MO57/Content/MetaHumans/Metahuman_Female1/Face/Baked/T_Head_SRMF_VT.uasset" 4491
"D:/UEProjects/MO57/Content/MetaHumans/Metahuman_Female1/Face/Baked/T_Head_SRMF_VT.uexp" 4492
"D:/UEProjects/MO57/Content/MetaHumans/Metahuman_Female1/Face/Textures/T_Face_Basecolor_Animated_CM1.ubulk" 4493
"D:/UEProjects/MO57/Content/MetaHumans/Metahuman_Female1/Face/Textures/T_Face_Basecolor_Animated_CM1.uasset" 4494
"D:/UEProjects/MO57/Content/MetaHumans/Metahuman_Female1/Face/Textures/T_Face_Basecolor_Animated_CM1.uexp" 4495
"D:/UEProjects/MO57/Content/MetaHumans/Metahuman_Female1/Face/Textures/T_Face_Basecolor_Animated_CM2.ubulk" 4496
"D:/UEProjects/MO57/Content/MetaHumans/Metahuman_Female1/Face/Textures/T_Face_Basecolor_Animated_CM2.uasset" 4497
"D:/UEProjects/MO57/Content/MetaHumans/Metahuman_Female1/Face/Textures/T_Face_Basecolor_Animated_CM2.uexp" 4498
"D:/UEProjects/MO57/Content/MetaHumans/Metahuman_Female1/Face/Textures/T_Face_Basecolor_Animated_CM3.ubulk" 4499
"D:/UEProjects/MO57/Content/MetaHumans/Metahuman_Female1/Face/Textures/T_Face_Basecolor_Animated_CM3.uasset" 4500
"D:/UEProjects/MO57/Content/MetaHumans/Metahuman_Female1/Face/Textures/T_Face_Basecolor_Animated_CM3.uexp" 4501
"D:/UEProjects/MO57/Content/MetaHumans/Metahuman_Female1/Face/Textures/T_Face_Normal_Animated_WM1.ubulk" 4502
"D:/UEProjects/MO57/Content/MetaHumans/Metahuman_Female1/Face/Textures/T_Face_Normal_Animated_WM1.uasset" 4503
"D:/UEProjects/MO57/Content/MetaHumans/Metahuman_Female1/Face/Textures/T_Face_Normal_Animated_WM1.uexp" 4504
"D:/UEProjects/MO57/Content/MetaHumans/Metahuman_Female1/Face/Textures/T_Face_Normal_Animated_WM2.ubulk" 4505
"D:/UEProjects/MO57/Content/MetaHumans/Metahuman_Female1/Face/Textures/T_Face_Normal_Animated_WM2.uasset" 4506
"D:/UEProjects/MO57/Content/MetaHumans/Metahuman_Female1/Face/Textures/T_Face_Normal_Animated_WM2.uexp" 4507
"D:/UEProjects/MO57/Content/MetaHumans/Metahuman_Female1/Face/Textures/T_Face_Normal_Animated_WM3.ubulk" 4508
"D:/UEProjects/MO57/Content/MetaHumans/Metahuman_Female1/Face/Textures/T_Face_Normal_Animated_WM3.uasset" 4509
"D:/UEProjects/MO57/Content/MetaHumans/Metahuman_Female1/Face/Textures/T_Face_Normal_Animated_WM3.uexp" 4510
"D:/UEProjects/MO57/Content/MetaHumans/Metahuman_Female1/Face/Materials/MI_Face_Skin_Baked_LOD0_VT.uasset" 4511
"D:/UEProjects/MO57/Content/MetaHumans/Metahuman_Female1/Face/Materials/MI_Face_Skin_Baked_LOD0_VT.uexp" 4512
"D:/UEProjects/MO57/Content/MetaHumans/Metahuman_Female1/Face/Materials/MI_Face_Skin_Baked_LOD1_VT.uasset" 4513
"D:/UEProjects/MO57/Content/MetaHumans/Metahuman_Female1/Face/Materials/MI_Face_Skin_Baked_LOD1_VT.uexp" 4514
"D:/UEProjects/MO57/Content/MetaHumans/Metahuman_Female1/Face/Materials/MI_Face_Skin_Baked_LOD2_VT.uasset" 4515
"D:/UEProjects/MO57/Content/MetaHumans/Metahuman_Female1/Face/Materials/MI_Face_Skin_Baked_LOD2_VT.uexp" 4516
"D:/UEProjects/MO57/Content/MetaHumans/Metahuman_Female1/Face/Baked/T_BakedNormal_LOD3.ubulk" 4517
"D:/UEProjects/MO57/Content/MetaHumans/Metahuman_Female1/Face/Baked/T_BakedNormal_LOD3.uasset" 4518
"D:/UEProjects/MO57/Content/MetaHumans/Metahuman_Female1/Face/Baked/T_BakedNormal_LOD3.uexp" 4519
"D:/UEProjects/MO57/Content/MetaHumans/Metahuman_Female1/Face/Materials/MI_Face_Skin_Baked_LOD3_VT.uasset" 4520
"D:/UEProjects/MO57/Content/MetaHumans/Metahuman_Female1/Face/Materials/MI_Face_Skin_Baked_LOD3_VT.uexp" 4521
"D:/UEProjects/MO57/Content/MetaHumans/Metahuman_Female1/Face/Baked/T_BakedNormal_LOD4.ubulk" 4522
"D:/UEProjects/MO57/Content/MetaHumans/Metahuman_Female1/Face/Baked/T_BakedNormal_LOD4.uasset" 4523
"D:/UEProjects/MO57/Content/MetaHumans/Metahuman_Female1/Face/Baked/T_BakedNormal_LOD4.uexp" 4524
"D:/UEProjects/MO57/Content/MetaHumans/Metahuman_Female1/Face/Materials/MI_Face_Skin_Baked_LOD4_VT.uasset" 4525
"D:/UEProjects/MO57/Content/MetaHumans/Metahuman_Female1/Face/Materials/MI_Face_Skin_Baked_LOD4_VT.uexp" 4526
"D:/UEProjects/MO57/Content/MetaHumans/Metahuman_Female1/Face/Baked/T_BakedNormal_LOD5.ubulk" 4527
"D:/UEProjects/MO57/Content/MetaHumans/Metahuman_Female1/Face/Baked/T_BakedNormal_LOD5.uasset" 4528
"D:/UEProjects/MO57/Content/MetaHumans/Metahuman_Female1/Face/Baked/T_BakedNormal_LOD5.uexp" 4529
"D:/UEProjects/MO57/Content/MetaHumans/Metahuman_Female1/Face/Baked/T_Head_LOD5to7_BC_VT.ubulk" 4530
"D:/UEProjects/MO57/Content/MetaHumans/Metahuman_Female1/Face/Baked/T_Head_LOD5to7_BC_VT.uasset" 4531
"D:/UEProjects/MO57/Content/MetaHumans/Metahuman_Female1/Face/Baked/T_Head_LOD5to7_BC_VT.uexp" 4532
"D:/UEProjects/MO57/Content/MetaHumans/Metahuman_Female1/Face/Baked/T_Head_LOD5to7_N_VT.ubulk" 4533
"D:/UEProjects/MO57/Content/MetaHumans/Metahuman_Female1/Face/Baked/T_Head_LOD5to7_N_VT.uasset" 4534
"D:/UEProjects/MO57/Content/MetaHumans/Metahuman_Female1/Face/Baked/T_Head_LOD5to7_N_VT.uexp" 4535
"D:/UEProjects/MO57/Content/MetaHumans/Metahuman_Female1/Face/Baked/T_Head_LOD5to7_Scatter_VT.ubulk" 4536
"D:/UEProjects/MO57/Content/MetaHumans/Metahuman_Female1/Face/Baked/T_Head_LOD5to7_Scatter_VT.uasset" 4537
"D:/UEProjects/MO57/Content/MetaHumans/Metahuman_Female1/Face/Baked/T_Head_LOD5to7_Scatter_VT.uexp" 4538
"D:/UEProjects/MO57/Content/MetaHumans/Metahuman_Female1/Face/Baked/T_Head_LOD5to7_SRMF.uexp" 4539
"D:/UEProjects/MO57/Content/MetaHumans/Metahuman_Female1/Face/Baked/T_Head_LOD5to7_SRMF.ubulk" 4540
"D:/UEProjects/MO57/Content/MetaHumans/Metahuman_Female1/Face/Baked/T_Head_LOD5to7_SRMF.uasset" 4541
"D:/UEProjects/MO57/Content/MetaHumans/Metahuman_Female1/Face/Baked/T_Head_LOD5to7_SRMF.uptnl" 4542
"D:/UEProjects/MO57/Content/MetaHumans/Metahuman_Female1/Face/Materials/MI_Face_Skin_Baked_LOD5to7_VT.uasset" 4543
"D:/UEProjects/MO57/Content/MetaHumans/Metahuman_Female1/Face/Materials/MI_Face_Skin_Baked_LOD5to7_VT.uexp" 4544
"D:/UEProjects/MO57/Content/MetaHumans/Metahuman_Female1/Face/Baked/T_Teeth_BC.ubulk" 4545
"D:/UEProjects/MO57/Content/MetaHumans/Metahuman_Female1/Face/Baked/T_Teeth_BC.uasset" 4546
"D:/UEProjects/MO57/Content/MetaHumans/Metahuman_Female1/Face/Baked/T_Teeth_BC.uexp" 4547
"D:/UEProjects/MO57/Content/MetaHumans/Metahuman_Female1/Face/Baked/T_Teeth_N.ubulk" 4548
"D:/UEProjects/MO57/Content/MetaHumans/Metahuman_Female1/Face/Baked/T_Teeth_N.uasset" 4549
"D:/UEProjects/MO57/Content/MetaHumans/Metahuman_Female1/Face/Baked/T_Teeth_N.uexp" 4550
"D:/UEProjects/MO57/Content/MetaHumans/Metahuman_Female1/Face/Baked/T_Teeth_Scatter.ubulk" 4551
"D:/UEProjects/MO57/Content/MetaHumans/Metahuman_Female1/Face/Baked/T_Teeth_Scatter.uasset" 4552
"D:/UEProjects/MO57/Content/MetaHumans/Metahuman_Female1/Face/Baked/T_Teeth_Scatter.uexp" 4553
"D:/UEProjects/MO57/Content/MetaHumans/Metahuman_Female1/Face/Baked/T_Teeth_SRM.ubulk" 4554
"D:/UEProjects/MO57/Content/MetaHumans/Metahuman_Female1/Face/Baked/T_Teeth_SRM.uasset" 4555
"D:/UEProjects/MO57/Content/MetaHumans/Metahuman_Female1/Face/Baked/T_Teeth_SRM.uexp" 4556
"../../../Engine/Content/Functions/Engine_MaterialFunctions02/Utility/CustomReflectionVector.uasset" 4557
"../../../Engine/Content/Functions/Engine_MaterialFunctions02/Utility/CustomReflectionVector.uexp" 4558
"../../../Engine/Content/Functions/Engine_MaterialFunctions02/Masking/ThresholdWithRange.uasset" 4559
"../../../Engine/Content/Functions/Engine_MaterialFunctions02/Masking/ThresholdWithRange.uexp" 4560
"D:/UEProjects/MO57/Content/MetaHumans/Common/Lookdev_UHM/Common/Textures/T_MicroDetail001_N.ubulk" 4561
"D:/UEProjects/MO57/Content/MetaHumans/Common/Lookdev_UHM/Common/Textures/T_MicroDetail001_N.uasset" 4562
"D:/UEProjects/MO57/Content/MetaHumans/Common/Lookdev_UHM/Common/Textures/T_MicroDetail001_N.uexp" 4563
"D:/UEProjects/MO57/Content/MetaHumans/Common/Lookdev_UHM/Teeth/Materials/SSP_teeth_unified.uasset" 4564
"D:/UEProjects/MO57/Content/MetaHumans/Common/Lookdev_UHM/Teeth/Materials/SSP_teeth_unified.uexp" 4565
"D:/UEProjects/MO57/Content/MetaHumans/Common/Lookdev_UHM/Teeth/Textures/T_Teeth_BaseColor.ubulk" 4566
"D:/UEProjects/MO57/Content/MetaHumans/Common/Lookdev_UHM/Teeth/Textures/T_Teeth_BaseColor.uasset" 4567
"D:/UEProjects/MO57/Content/MetaHumans/Common/Lookdev_UHM/Teeth/Textures/T_Teeth_BaseColor.uexp" 4568
"D:/UEProjects/MO57/Content/MetaHumans/Common/Lookdev_UHM/Teeth/Textures/T_Teeth_Masks_001.ubulk" 4569
"D:/UEProjects/MO57/Content/MetaHumans/Common/Lookdev_UHM/Teeth/Textures/T_Teeth_Masks_001.uasset" 4570
"D:/UEProjects/MO57/Content/MetaHumans/Common/Lookdev_UHM/Teeth/Textures/T_Teeth_Masks_001.uexp" 4571
"D:/UEProjects/MO57/Content/MetaHumans/Common/Lookdev_UHM/Teeth/Textures/T_Teeth_Masks_002.ubulk" 4572
"D:/UEProjects/MO57/Content/MetaHumans/Common/Lookdev_UHM/Teeth/Textures/T_Teeth_Masks_002.uasset" 4573
"D:/UEProjects/MO57/Content/MetaHumans/Common/Lookdev_UHM/Teeth/Textures/T_Teeth_Masks_002.uexp" 4574
"D:/UEProjects/MO57/Content/MetaHumans/Common/Lookdev_UHM/Teeth/Textures/T_Teeth_Normal.ubulk" 4575
"D:/UEProjects/MO57/Content/MetaHumans/Common/Lookdev_UHM/Teeth/Textures/T_Teeth_Normal.uasset" 4576
"D:/UEProjects/MO57/Content/MetaHumans/Common/Lookdev_UHM/Teeth/Textures/T_Teeth_Normal.uexp" 4577
"D:/UEProjects/MO57/Content/MetaHumans/Common/Lookdev_UHM/Teeth/Textures/T_Teeth_SharpNormal.ubulk" 4578
"D:/UEProjects/MO57/Content/MetaHumans/Common/Lookdev_UHM/Teeth/Textures/T_Teeth_SharpNormal.uasset" 4579
"D:/UEProjects/MO57/Content/MetaHumans/Common/Lookdev_UHM/Teeth/Textures/T_Teeth_SharpNormal.uexp" 4580
"D:/UEProjects/MO57/Content/MetaHumans/Common/Lookdev_UHM/Teeth/Textures/T_Teeth_DetailNormal.ubulk" 4581
"D:/UEProjects/MO57/Content/MetaHumans/Common/Lookdev_UHM/Teeth/Textures/T_Teeth_DetailNormal.uasset" 4582
"D:/UEProjects/MO57/Content/MetaHumans/Common/Lookdev_UHM/Teeth/Textures/T_Teeth_DetailNormal.uexp" 4583
"D:/UEProjects/MO57/Content/MetaHumans/Common/Lookdev_UHM/Teeth/Materials/M_teeth_unified.uasset" 4584
"D:/UEProjects/MO57/Content/MetaHumans/Common/Lookdev_UHM/Teeth/Materials/M_teeth_unified.uexp" 4585
"D:/UEProjects/MO57/Content/MetaHumans/Common/Lookdev_UHM/Teeth/Materials/MI_teeth_unified.uasset" 4586
"D:/UEProjects/MO57/Content/MetaHumans/Common/Lookdev_UHM/Teeth/Materials/MI_teeth_unified.uexp" 4587
"D:/UEProjects/MO57/Content/MetaHumans/Common/Lookdev_UHM/Teeth/Materials/MI_teeth_unified_MH_preset.uasset" 4588
"D:/UEProjects/MO57/Content/MetaHumans/Common/Lookdev_UHM/Teeth/Materials/MI_teeth_unified_MH_preset.uexp" 4589
"D:/UEProjects/MO57/Content/MetaHumans/Metahuman_Female1/Face/Materials/MI_Teeth_Baked.uasset" 4590
"D:/UEProjects/MO57/Content/MetaHumans/Metahuman_Female1/Face/Materials/MI_Teeth_Baked.uexp" 4591
"D:/UEProjects/MO57/Content/MetaHumans/Metahuman_Female1/Face/SKM_Metahuman_Female1_FaceMesh.uasset" 4592
"D:/UEProjects/MO57/Content/MetaHumans/Metahuman_Female1/Face/SKM_Metahuman_Female1_FaceMesh.uexp" 4593
"D:/UEProjects/MO57/Content/MetaHumans/Common/Textures/T_TilingNoise_005.ubulk" 4594
"D:/UEProjects/MO57/Content/MetaHumans/Common/Textures/T_TilingNoise_005.uasset" 4595
"D:/UEProjects/MO57/Content/MetaHumans/Common/Textures/T_TilingNoise_005.uexp" 4596
"D:/UEProjects/MO57/Content/MetaHumans/Common/Materials/MF_HairAnisotropic.uasset" 4597
"D:/UEProjects/MO57/Content/MetaHumans/Common/Materials/MF_HairAnisotropic.uexp" 4598
"D:/UEProjects/MO57/Content/MetaHumans/Common/Materials/MF_Variation.uasset" 4599
"D:/UEProjects/MO57/Content/MetaHumans/Common/Materials/MF_Variation.uexp" 4600
"D:/UEProjects/MO57/Content/MetaHumans/Common/Materials/MF_Hair_Color.uasset" 4601
"D:/UEProjects/MO57/Content/MetaHumans/Common/Materials/MF_Hair_Color.uexp" 4602
"D:/UEProjects/MO57/Content/MetaHumans/Common/Materials/MF_Hair_ColorBlending.uasset" 4603
"D:/UEProjects/MO57/Content/MetaHumans/Common/Materials/MF_Hair_ColorBlending.uexp" 4604
"D:/UEProjects/MO57/Content/MetaHumans/Common/Materials/MF_Hair_SaltAndPeper.uasset" 4605
"D:/UEProjects/MO57/Content/MetaHumans/Common/Materials/MF_Hair_SaltAndPeper.uexp" 4606
"D:/UEProjects/MO57/Content/MetaHumans/Common/Materials/MF_Hair_SecondaryColors.uasset" 4607
"D:/UEProjects/MO57/Content/MetaHumans/Common/Materials/MF_Hair_SecondaryColors.uexp" 4608
"D:/UEProjects/MO57/Content/MetaHumans/Common/Textures/T_Black_Linear.uasset" 4609
"D:/UEProjects/MO57/Content/MetaHumans/Common/Textures/T_Black_Linear.uexp" 4610
"D:/UEProjects/MO57/Content/MetaHumans/Common/Materials/M_hair_v4.uasset" 4611
"D:/UEProjects/MO57/Content/MetaHumans/Common/Materials/M_hair_v4.uexp" 4612
"D:/UEProjects/MO57/Content/MetaHumans/Common/Materials/MI_Hair.uasset" 4613
"D:/UEProjects/MO57/Content/MetaHumans/Common/Materials/MI_Hair.uexp" 4614
"D:/UEProjects/MO57/Content/MetaHumans/Common/Materials/MI_Hair_Cards.uasset" 4615
"D:/UEProjects/MO57/Content/MetaHumans/Common/Materials/MI_Hair_Cards.uexp" 4616
"D:/UEProjects/MO57/Content/MetaHumans/Common/Materials/MI_Hair_Helmet.uasset" 4617
"D:/UEProjects/MO57/Content/MetaHumans/Common/Materials/MI_Hair_Helmet.uexp" 4618
"D:/UEProjects/MO57/Content/MetaHumans/Metahuman_Female1/Grooms/Hair_L_MessyClumps_CardsMesh_Group0_LOD0.ubulk" 4619
"D:/UEProjects/MO57/Content/MetaHumans/Metahuman_Female1/Grooms/Hair_L_MessyClumps_CardsMesh_Group0_LOD0.uasset" 4620
"D:/UEProjects/MO57/Content/MetaHumans/Metahuman_Female1/Grooms/Hair_L_MessyClumps_CardsMesh_Group0_LOD0.uexp" 4621
"D:/UEProjects/MO57/Content/MetaHumans/Metahuman_Female1/Grooms/Hair_L_MessyClumps_CardsMesh_Group0_LOD1.ubulk" 4622
"D:/UEProjects/MO57/Content/MetaHumans/Metahuman_Female1/Grooms/Hair_L_MessyClumps_CardsMesh_Group0_LOD1.uasset" 4623
"D:/UEProjects/MO57/Content/MetaHumans/Metahuman_Female1/Grooms/Hair_L_MessyClumps_CardsMesh_Group0_LOD1.uexp" 4624
"D:/UEProjects/MO57/Content/MetaHumans/Metahuman_Female1/Grooms/Hair_L_MessyClumps_CardsMesh_Group0_LOD2.ubulk" 4625
"D:/UEProjects/MO57/Content/MetaHumans/Metahuman_Female1/Grooms/Hair_L_MessyClumps_CardsMesh_Group0_LOD2.uasset" 4626
"D:/UEProjects/MO57/Content/MetaHumans/Metahuman_Female1/Grooms/Hair_L_MessyClumps_CardsMesh_Group0_LOD2.uexp" 4627
"D:/UEProjects/MO57/Content/MetaHumans/Metahuman_Female1/Grooms/Hair_L_MessyClumps_CardsMesh_Group0_LOD3.ubulk" 4628
"D:/UEProjects/MO57/Content/MetaHumans/Metahuman_Female1/Grooms/Hair_L_MessyClumps_CardsMesh_Group0_LOD3.uasset" 4629
"D:/UEProjects/MO57/Content/MetaHumans/Metahuman_Female1/Grooms/Hair_L_MessyClumps_CardsMesh_Group0_LOD3.uexp" 4630
"D:/UEProjects/MO57/Content/MetaHumans/Metahuman_Female1/Grooms/Hair_L_MessyClumps_CardsMesh_Group0_LOD4.ubulk" 4631
"D:/UEProjects/MO57/Content/MetaHumans/Metahuman_Female1/Grooms/Hair_L_MessyClumps_CardsMesh_Group0_LOD4.uasset" 4632
"D:/UEProjects/MO57/Content/MetaHumans/Metahuman_Female1/Grooms/Hair_L_MessyClumps_CardsMesh_Group0_LOD4.uexp" 4633
"D:/UEProjects/MO57/Content/MetaHumans/Metahuman_Female1/Grooms/Hair_L_MessyClumps_CardsMesh_Group1_LOD0.ubulk" 4634
"D:/UEProjects/MO57/Content/MetaHumans/Metahuman_Female1/Grooms/Hair_L_MessyClumps_CardsMesh_Group1_LOD0.uasset" 4635
"D:/UEProjects/MO57/Content/MetaHumans/Metahuman_Female1/Grooms/Hair_L_MessyClumps_CardsMesh_Group1_LOD0.uexp" 4636
"D:/UEProjects/MO57/Content/MetaHumans/Metahuman_Female1/Grooms/Hair_L_MessyClumps_CardsMesh_Group1_LOD1.ubulk" 4637
"D:/UEProjects/MO57/Content/MetaHumans/Metahuman_Female1/Grooms/Hair_L_MessyClumps_CardsMesh_Group1_LOD1.uasset" 4638
"D:/UEProjects/MO57/Content/MetaHumans/Metahuman_Female1/Grooms/Hair_L_MessyClumps_CardsMesh_Group1_LOD1.uexp" 4639
"D:/UEProjects/MO57/Content/MetaHumans/Metahuman_Female1/Grooms/Hair_L_MessyClumps_CardsMesh_Group1_LOD2.ubulk" 4640
"D:/UEProjects/MO57/Content/MetaHumans/Metahuman_Female1/Grooms/Hair_L_MessyClumps_CardsMesh_Group1_LOD2.uasset" 4641
"D:/UEProjects/MO57/Content/MetaHumans/Metahuman_Female1/Grooms/Hair_L_MessyClumps_CardsMesh_Group1_LOD2.uexp" 4642
"D:/UEProjects/MO57/Content/MetaHumans/Metahuman_Female1/Grooms/Hair_L_MessyClumps_CardsMesh_Group1_LOD3.ubulk" 4643
"D:/UEProjects/MO57/Content/MetaHumans/Metahuman_Female1/Grooms/Hair_L_MessyClumps_CardsMesh_Group1_LOD3.uasset" 4644
"D:/UEProjects/MO57/Content/MetaHumans/Metahuman_Female1/Grooms/Hair_L_MessyClumps_CardsMesh_Group1_LOD3.uexp" 4645
"D:/UEProjects/MO57/Content/MetaHumans/Metahuman_Female1/Grooms/Hair_L_MessyClumps_CardsMesh_Group1_LOD4.ubulk" 4646
"D:/UEProjects/MO57/Content/MetaHumans/Metahuman_Female1/Grooms/Hair_L_MessyClumps_CardsMesh_Group1_LOD4.uasset" 4647
"D:/UEProjects/MO57/Content/MetaHumans/Metahuman_Female1/Grooms/Hair_L_MessyClumps_CardsMesh_Group1_LOD4.uexp" 4648
"D:/UEProjects/MO57/Content/MetaHumans/Metahuman_Female1/Grooms/Hair_L_MessyClumps_Helmet_LOD5.ubulk" 4649
"D:/UEProjects/MO57/Content/MetaHumans/Metahuman_Female1/Grooms/Hair_L_MessyClumps_Helmet_LOD5.uasset" 4650
"D:/UEProjects/MO57/Content/MetaHumans/Metahuman_Female1/Grooms/Hair_L_MessyClumps_Helmet_LOD5.uexp" 4651
"D:/UEProjects/MO57/Content/MetaHumans/Metahuman_Female1/Grooms/Hair_L_MessyClumps_Helmet_LOD6.ubulk" 4652
"D:/UEProjects/MO57/Content/MetaHumans/Metahuman_Female1/Grooms/Hair_L_MessyClumps_Helmet_LOD6.uasset" 4653
"D:/UEProjects/MO57/Content/MetaHumans/Metahuman_Female1/Grooms/Hair_L_MessyClumps_Helmet_LOD6.uexp" 4654
"D:/UEProjects/MO57/Content/MetaHumans/Metahuman_Female1/Grooms/Hair_L_MessyClumps_Helmet_LOD7.ubulk" 4655
"D:/UEProjects/MO57/Content/MetaHumans/Metahuman_Female1/Grooms/Hair_L_MessyClumps_Helmet_LOD7.uasset" 4656
"D:/UEProjects/MO57/Content/MetaHumans/Metahuman_Female1/Grooms/Hair_L_MessyClumps_Helmet_LOD7.uexp" 4657
"D:/UEProjects/MO57/Content/MetaHumans/Common/Optional/Grooms/GroomAssets/Hair/Hair_L_MessyClumps/Hair_L_MessyClumps_CardsAtlas_Attribute.ubulk" 4658
"D:/UEProjects/MO57/Content/MetaHumans/Common/Optional/Grooms/GroomAssets/Hair/Hair_L_MessyClumps/Hair_L_MessyClumps_CardsAtlas_Attribute.uasset" 4659
"D:/UEProjects/MO57/Content/MetaHumans/Common/Optional/Grooms/GroomAssets/Hair/Hair_L_MessyClumps/Hair_L_MessyClumps_CardsAtlas_Attribute.uexp" 4660
"D:/UEProjects/MO57/Content/MetaHumans/Common/Optional/Grooms/GroomAssets/Hair/Hair_L_MessyClumps/Hair_L_MessyClumps_CardsAtlas_Tangent.ubulk" 4661
"D:/UEProjects/MO57/Content/MetaHumans/Common/Optional/Grooms/GroomAssets/Hair/Hair_L_MessyClumps/Hair_L_MessyClumps_CardsAtlas_Tangent.uasset" 4662
"D:/UEProjects/MO57/Content/MetaHumans/Common/Optional/Grooms/GroomAssets/Hair/Hair_L_MessyClumps/Hair_L_MessyClumps_CardsAtlas_Tangent.uexp" 4663
"D:/UEProjects/MO57/Content/MetaHumans/Common/Optional/Grooms/GroomAssets/Hair/Hair_L_MessyClumps/Hair_L_MessyClumps_ColorXYDepthGroupID.ubulk" 4664
"D:/UEProjects/MO57/Content/MetaHumans/Common/Optional/Grooms/GroomAssets/Hair/Hair_L_MessyClumps/Hair_L_MessyClumps_ColorXYDepthGroupID.uasset" 4665
"D:/UEProjects/MO57/Content/MetaHumans/Common/Optional/Grooms/GroomAssets/Hair/Hair_L_MessyClumps/Hair_L_MessyClumps_ColorXYDepthGroupID.uexp" 4666
"D:/UEProjects/MO57/Content/MetaHumans/Common/Optional/Grooms/GroomAssets/Hair/Hair_L_MessyClumps/Hair_L_MessyClumps_RooUVSeedCoverage.ubulk" 4667
"D:/UEProjects/MO57/Content/MetaHumans/Common/Optional/Grooms/GroomAssets/Hair/Hair_L_MessyClumps/Hair_L_MessyClumps_RooUVSeedCoverage.uasset" 4668
"D:/UEProjects/MO57/Content/MetaHumans/Common/Optional/Grooms/GroomAssets/Hair/Hair_L_MessyClumps/Hair_L_MessyClumps_RooUVSeedCoverage.uexp" 4669
"D:/UEProjects/MO57/Content/MetaHumans/Common/Optional/Grooms/GroomAssets/Hair/Hair_L_MessyClumps/Hair_L_MessyClumps_TangentCoordU.ubulk" 4670
"D:/UEProjects/MO57/Content/MetaHumans/Common/Optional/Grooms/GroomAssets/Hair/Hair_L_MessyClumps/Hair_L_MessyClumps_TangentCoordU.uasset" 4671
"D:/UEProjects/MO57/Content/MetaHumans/Common/Optional/Grooms/GroomAssets/Hair/Hair_L_MessyClumps/Hair_L_MessyClumps_TangentCoordU.uexp" 4672
"D:/UEProjects/MO57/Content/MetaHumans/Metahuman_Female1/Grooms/Hair_L_MessyClumps.ubulk" 4673
"D:/UEProjects/MO57/Content/MetaHumans/Metahuman_Female1/Grooms/Hair_L_MessyClumps.uasset" 4674
"D:/UEProjects/MO57/Content/MetaHumans/Metahuman_Female1/Grooms/Hair_L_MessyClumps.uexp" 4675
"D:/UEProjects/MO57/Content/MetaHumans/Metahuman_Female1/Grooms/Hair_L_MessyClumps_Binding.ubulk" 4676
"D:/UEProjects/MO57/Content/MetaHumans/Metahuman_Female1/Grooms/Hair_L_MessyClumps_Binding.uasset" 4677
"D:/UEProjects/MO57/Content/MetaHumans/Metahuman_Female1/Grooms/Hair_L_MessyClumps_Binding.uexp" 4678
"D:/UEProjects/MO57/Content/MetaHumans/Common/Optional/Grooms/HighlightsTextures/HighlightMask_strips.ubulk" 4679
"D:/UEProjects/MO57/Content/MetaHumans/Common/Optional/Grooms/HighlightsTextures/HighlightMask_strips.uasset" 4680
"D:/UEProjects/MO57/Content/MetaHumans/Common/Optional/Grooms/HighlightsTextures/HighlightMask_strips.uexp" 4681
"D:/UEProjects/MO57/Content/MetaHumans/Metahuman_Female1/Grooms/MI_WI_Hair_L_MessyClumps_Hair.uasset" 4682
"D:/UEProjects/MO57/Content/MetaHumans/Metahuman_Female1/Grooms/MI_WI_Hair_L_MessyClumps_Hair.uexp" 4683
"D:/UEProjects/MO57/Content/MetaHumans/Metahuman_Female1/Grooms/MI_WI_Hair_L_MessyClumps_Hair_Cards.uasset" 4684
"D:/UEProjects/MO57/Content/MetaHumans/Metahuman_Female1/Grooms/MI_WI_Hair_L_MessyClumps_Hair_Cards.uexp" 4685
"D:/UEProjects/MO57/Content/MetaHumans/Metahuman_Female1/Grooms/MI_WI_Hair_L_MessyClumps_Hair_Helmet.uasset" 4686
"D:/UEProjects/MO57/Content/MetaHumans/Metahuman_Female1/Grooms/MI_WI_Hair_L_MessyClumps_Hair_Helmet.uexp" 4687
"D:/UEProjects/MO57/Plugins/MOFramework/Content/Characters/MetaHumans/Animations/CR_MH_Female.uasset" 4688
"D:/UEProjects/MO57/Plugins/MOFramework/Content/Characters/MetaHumans/Animations/CR_MH_Female.uexp" 4689
"D:/UEProjects/MO57/Plugins/MOFramework/Content/Characters/MetaHumans/Animations/ABP_Unarmed_MHF.uasset" 4690
"D:/UEProjects/MO57/Plugins/MOFramework/Content/Characters/MetaHumans/Animations/ABP_Unarmed_MHF.uexp" 4691
"D:/UEProjects/MO57/Plugins/MOFramework/Content/Characters/MOMetaHuman_Female.uasset" 4692
"D:/UEProjects/MO57/Plugins/MOFramework/Content/Characters/MOMetaHuman_Female.uexp" 4693
"D:/UEProjects/MO57/Plugins/MOFramework/Content/BP_MOGameMode.uasset" 4694
"D:/UEProjects/MO57/Plugins/MOFramework/Content/BP_MOGameMode.uexp" 4695
"D:/UEProjects/MO57/Plugins/MOFramework/Content/BP_VoxelSculpter.uasset" 4696
"D:/UEProjects/MO57/Plugins/MOFramework/Content/BP_VoxelSculpter.uexp" 4697
"../../../Engine/Plugins/Experimental/Water/Content/Materials/MPC/MPC_Water.uasset" 4698
"../../../Engine/Plugins/Experimental/Water/Content/Materials/MPC/MPC_Water.uexp" 4699
"../../../Engine/Plugins/Experimental/Water/Content/Materials/Functions/GetWaterTime.uasset" 4700
"../../../Engine/Plugins/Experimental/Water/Content/Materials/Functions/GetWaterTime.uexp" 4701
"../../../Engine/Plugins/Experimental/Water/Content/Materials/Functions/ComputeWavesAttenuationFactor.uasset" 4702
"../../../Engine/Plugins/Experimental/Water/Content/Materials/Functions/ComputeWavesAttenuationFactor.uexp" 4703
"../../../Engine/Plugins/Experimental/Water/Content/Textures/BlackTexture2DArray.uasset" 4704
"../../../Engine/Plugins/Experimental/Water/Content/Textures/BlackTexture2DArray.uexp" 4705
"../../../Engine/Plugins/Experimental/Water/Content/Materials/Functions/HighQualityTextureFiltering.uasset" 4706
"../../../Engine/Plugins/Experimental/Water/Content/Materials/Functions/HighQualityTextureFiltering.uexp" 4707
"../../../Engine/Plugins/Experimental/Water/Content/Materials/Functions/WaterZoneData.uasset" 4708
"../../../Engine/Plugins/Experimental/Water/Content/Materials/Functions/WaterZoneData.uexp" 4709
"../../../Engine/Plugins/Experimental/Water/Content/Materials/Functions/SampleBakedFluidSimulation.uasset" 4710
"../../../Engine/Plugins/Experimental/Water/Content/Materials/Functions/SampleBakedFluidSimulation.uexp" 4711
"../../../Engine/Plugins/Experimental/Water/Content/Materials/Functions/WaterBodyData.uasset" 4712
"../../../Engine/Plugins/Experimental/Water/Content/Materials/Functions/WaterBodyData.uexp" 4713
"../../../Engine/Plugins/Experimental/Water/Content/Materials/Functions/WaveDepthFalloff_Overrides.uasset" 4714
"../../../Engine/Plugins/Experimental/Water/Content/Materials/Functions/WaveDepthFalloff_Overrides.uexp" 4715
"../../../Engine/Plugins/Experimental/Water/Content/Materials/Functions/ComputeGerstnerWaves.uasset" 4716
"../../../Engine/Plugins/Experimental/Water/Content/Materials/Functions/ComputeGerstnerWaves.uexp" 4717
"../../../Engine/Plugins/Experimental/Water/Content/Materials/Functions/ClipDynamicBounds.uasset" 4718
"../../../Engine/Plugins/Experimental/Water/Content/Materials/Functions/ClipDynamicBounds.uexp" 4719
"../../../Engine/Content/Functions/Engine_MaterialFunctions01/Opacity/AlphaOffset.uasset" 4720
"../../../Engine/Content/Functions/Engine_MaterialFunctions01/Opacity/AlphaOffset.uexp" 4721
"../../../Engine/Content/Functions/Engine_MaterialFunctions01/Gradient/BoxMask-2D.uasset" 4722
"../../../Engine/Content/Functions/Engine_MaterialFunctions01/Gradient/BoxMask-2D.uexp" 4723
"../../../Engine/Plugins/Experimental/Water/Content/FluidSimulation/WaveFoam/WaterDistanceField.uasset" 4724
"../../../Engine/Plugins/Experimental/Water/Content/FluidSimulation/WaveFoam/WaterDistanceField.uexp" 4725
"../../../Engine/Plugins/Experimental/Water/Content/Textures/Foam/T_WaterFlow_01_Foam_Tiled.ubulk" 4726
"../../../Engine/Plugins/Experimental/Water/Content/Textures/Foam/T_WaterFlow_01_Foam_Tiled.uasset" 4727
"../../../Engine/Plugins/Experimental/Water/Content/Textures/Foam/T_WaterFlow_01_Foam_Tiled.uexp" 4728
"../../../Engine/Plugins/Experimental/Water/Content/Textures/Foam/T_WaterFlow_01_Foam_Tiled_N.ubulk" 4729
"../../../Engine/Plugins/Experimental/Water/Content/Textures/Foam/T_WaterFlow_01_Foam_Tiled_N.uasset" 4730
"../../../Engine/Plugins/Experimental/Water/Content/Textures/Foam/T_WaterFlow_01_Foam_Tiled_N.uexp" 4731
"../../../Engine/Content/Functions/Engine_MaterialFunctions02/Math/MakeVectorsOrthogonal.uasset" 4732
"../../../Engine/Content/Functions/Engine_MaterialFunctions02/Math/MakeVectorsOrthogonal.uexp" 4733
"../../../Engine/Content/Functions/Engine_MaterialFunctions02/Utility/LinearSine.uasset" 4734
"../../../Engine/Content/Functions/Engine_MaterialFunctions02/Utility/LinearSine.uexp" 4735
"../../../Engine/Content/Functions/Engine_MaterialFunctions02/ExampleContent/Textures/LowResBlurredNoise.uasset" 4736
"../../../Engine/Content/Functions/Engine_MaterialFunctions02/ExampleContent/Textures/LowResBlurredNoise.uexp" 4737
"../../../Engine/Content/Functions/Engine_MaterialFunctions02/Texturing/Flowmaps.uasset" 4738
"../../../Engine/Content/Functions/Engine_MaterialFunctions02/Texturing/Flowmaps.uexp" 4739
"../../../Engine/Content/Functions/Engine_MaterialFunctions02/Texturing/HeightLerp.uasset" 4740
"../../../Engine/Content/Functions/Engine_MaterialFunctions02/Texturing/HeightLerp.uexp" 4741
"../../../Engine/Plugins/Experimental/Water/Content/FluidSimulation/Materials/Functions/Fluidsim_WorldPosition_to_UV.uasset" 4742
"../../../Engine/Plugins/Experimental/Water/Content/FluidSimulation/Materials/Functions/Fluidsim_WorldPosition_to_UV.uexp" 4743
"../../../Engine/Plugins/Experimental/Water/Content/Materials/Functions/SampleFluidSimulation.uasset" 4744
"../../../Engine/Plugins/Experimental/Water/Content/Materials/Functions/SampleFluidSimulation.uexp" 4745
"../../../Engine/Plugins/Experimental/Water/Content/Materials/Layers/WaterAttributes.uasset" 4746
"../../../Engine/Plugins/Experimental/Water/Content/Materials/Layers/WaterAttributes.uexp" 4747
"../../../Engine/Plugins/Experimental/Water/Content/Materials/Functions/SetWaveAttributes.uasset" 4748
"../../../Engine/Plugins/Experimental/Water/Content/Materials/Functions/SetWaveAttributes.uexp" 4749
"../../../Engine/Plugins/Experimental/Water/Content/Materials/Functions/WaterCoefficientMask.uasset" 4750
"../../../Engine/Plugins/Experimental/Water/Content/Materials/Functions/WaterCoefficientMask.uexp" 4751
"../../../Engine/Plugins/Experimental/Water/Content/Materials/Functions/WaterHeightMappingVS.uasset" 4752
"../../../Engine/Plugins/Experimental/Water/Content/Materials/Functions/WaterHeightMappingVS.uexp" 4753
"../../../Engine/Plugins/Experimental/Water/Content/Materials/Functions/WaterOpacityMaskFromDepth.uasset" 4754
"../../../Engine/Plugins/Experimental/Water/Content/Materials/Functions/WaterOpacityMaskFromDepth.uexp" 4755
"../../../Engine/Content/Functions/Engine_MaterialFunctions01/Coordinates/WorldPosition-XY.uasset" 4756
"../../../Engine/Content/Functions/Engine_MaterialFunctions01/Coordinates/WorldPosition-XY.uexp" 4757
"../../../Engine/Plugins/Experimental/Water/Content/Textures/Flowmaps/RiverFlowmap_Diffuse.ubulk" 4758
"../../../Engine/Plugins/Experimental/Water/Content/Textures/Flowmaps/RiverFlowmap_Diffuse.uasset" 4759
"../../../Engine/Plugins/Experimental/Water/Content/Textures/Flowmaps/RiverFlowmap_Diffuse.uexp" 4760
"../../../Engine/Plugins/Experimental/Water/Content/Textures/Flowmaps/RiverFlowmap_Normal.ubulk" 4761
"../../../Engine/Plugins/Experimental/Water/Content/Textures/Flowmaps/RiverFlowmap_Normal.uasset" 4762
"../../../Engine/Plugins/Experimental/Water/Content/Textures/Flowmaps/RiverFlowmap_Normal.uexp" 4763
"../../../Engine/Plugins/Experimental/Water/Content/Materials/Functions/WaterRiverFlowmaps.uasset" 4764
"../../../Engine/Plugins/Experimental/Water/Content/Materials/Functions/WaterRiverFlowmaps.uexp" 4765
"../../../Engine/Plugins/Experimental/Water/Content/Textures/Normals/T_Water_TilingNormal_With_Height_02_Softened.ubulk" 4766
"../../../Engine/Plugins/Experimental/Water/Content/Textures/Normals/T_Water_TilingNormal_With_Height_02_Softened.uasset" 4767
"../../../Engine/Plugins/Experimental/Water/Content/Textures/Normals/T_Water_TilingNormal_With_Height_02_Softened.uexp" 4768
"../../../Engine/Plugins/Experimental/Water/Content/Materials/Functions/WaterTextureWaves.uasset" 4769
"../../../Engine/Plugins/Experimental/Water/Content/Materials/Functions/WaterTextureWaves.uexp" 4770
"../../../Engine/Plugins/Experimental/Water/Content/Materials/Functions/WaterTextureSurface.uasset" 4771
"../../../Engine/Plugins/Experimental/Water/Content/Materials/Functions/WaterTextureSurface.uexp" 4772
"../../../Engine/Plugins/Experimental/Water/Content/Materials/Functions/Water_Underside.uasset" 4773
"../../../Engine/Plugins/Experimental/Water/Content/Materials/Functions/Water_Underside.uexp" 4774
"../../../Engine/Plugins/Experimental/Water/Content/Materials/Functions/WaveVelocityMask.uasset" 4775
"../../../Engine/Plugins/Experimental/Water/Content/Materials/Functions/WaveVelocityMask.uexp" 4776
"../../../Engine/Content/Functions/Engine_MaterialFunctions03/Procedurals/NormalFromHeightmap.uasset" 4777
"../../../Engine/Content/Functions/Engine_MaterialFunctions03/Procedurals/NormalFromHeightmap.uexp" 4778
"../../../Engine/Content/EngineSky/VolumetricClouds/T_VolumeNoiseShape128.uasset" 4779
"../../../Engine/Content/EngineSky/VolumetricClouds/T_VolumeNoiseShape128.uexp" 4780
"../../../Engine/Plugins/Experimental/Water/Content/FluidSimulation/WaveFoam/FoamRT.uasset" 4781
"../../../Engine/Plugins/Experimental/Water/Content/FluidSimulation/WaveFoam/FoamRT.uexp" 4782
"../../../Engine/Plugins/Experimental/Water/Content/Materials/Layers/BeachFoam.uasset" 4783
"../../../Engine/Plugins/Experimental/Water/Content/Materials/Layers/BeachFoam.uexp" 4784
"../../../Engine/Plugins/Experimental/Water/Content/Materials/Functions/WorldNormalBehindWater.uasset" 4785
"../../../Engine/Plugins/Experimental/Water/Content/Materials/Functions/WorldNormalBehindWater.uexp" 4786
"../../../Engine/Plugins/Experimental/Water/Content/Materials/Functions/WorldPositionBehindWater.uasset" 4787
"../../../Engine/Plugins/Experimental/Water/Content/Materials/Functions/WorldPositionBehindWater.uexp" 4788
"../../../Engine/Plugins/Experimental/Water/Content/Caustics/Materials/Functions/GetDistortionUV.uasset" 4789
"../../../Engine/Plugins/Experimental/Water/Content/Caustics/Materials/Functions/GetDistortionUV.uexp" 4790
"../../../Engine/Plugins/Experimental/Water/Content/Caustics/Materials/Functions/WaterCaustics_GerstnerWaves.uasset" 4791
"../../../Engine/Plugins/Experimental/Water/Content/Caustics/Materials/Functions/WaterCaustics_GerstnerWaves.uexp" 4792
"../../../Engine/Plugins/Experimental/Water/Content/Materials/WaterSurface/Water_Material.uasset" 4793
"../../../Engine/Plugins/Experimental/Water/Content/Materials/WaterSurface/Water_Material.uexp" 4794
"../../../Engine/Plugins/Experimental/Water/Content/Materials/WaterSurface/Water_Material_CustomMesh.uasset" 4795
"../../../Engine/Plugins/Experimental/Water/Content/Materials/WaterSurface/Water_Material_CustomMesh.uexp" 4796
"../../../Engine/Plugins/Experimental/Water/Content/Meshes/S_WaterPlane_256.ubulk" 4797
"../../../Engine/Plugins/Experimental/Water/Content/Meshes/S_WaterPlane_256.uasset" 4798
"../../../Engine/Plugins/Experimental/Water/Content/Meshes/S_WaterPlane_256.uexp" 4799
"D:/UEProjects/MO57/Content/VoxelExamples/NaniteMaterials/Materials/NaniteMegaMaterial.uasset" 4800
"D:/UEProjects/MO57/Content/VoxelExamples/NaniteMaterials/Materials/NaniteMegaMaterial.uexp" 4801
"D:/UEProjects/MO57/Content/UltraDynamicSky/Materials/Material_Instances/Volumetric_Clouds_default_S.uasset" 4802
"D:/UEProjects/MO57/Content/UltraDynamicSky/Materials/Material_Instances/Volumetric_Clouds_default_S.uexp" 4803
"D:/UEProjects/MO57/Content/UltraDynamicSky/Materials/Material_Instances/Light_Functions/LF_VolCloud_Shadows.uasset" 4804
"D:/UEProjects/MO57/Content/UltraDynamicSky/Materials/Material_Instances/Light_Functions/LF_VolCloud_Shadows.uexp" 4805
"D:/UEProjects/MO57/Content/UltraDynamicSky/Textures/Sky/Moon_Color.ubulk" 4806
"D:/UEProjects/MO57/Content/UltraDynamicSky/Textures/Sky/Moon_Color.uasset" 4807
"D:/UEProjects/MO57/Content/UltraDynamicSky/Textures/Sky/Moon_Color.uexp" 4808
"D:/UEProjects/MO57/Content/UltraDynamicSky/Textures/Sky/Moon_PhaseNormal.ubulk" 4809
"D:/UEProjects/MO57/Content/UltraDynamicSky/Textures/Sky/Moon_PhaseNormal.uasset" 4810
"D:/UEProjects/MO57/Content/UltraDynamicSky/Textures/Sky/Moon_PhaseNormal.uexp" 4811
"D:/UEProjects/MO57/Content/UltraDynamicSky/Textures/Sky/Tiling_Stars.uasset" 4812
"D:/UEProjects/MO57/Content/UltraDynamicSky/Textures/Sky/Tiling_Stars.uexp" 4813
"D:/UEProjects/MO57/Content/UltraDynamicSky/Textures/3D_Clouds/FormationVolume.uasset" 4814
"D:/UEProjects/MO57/Content/UltraDynamicSky/Textures/3D_Clouds/FormationVolume.uexp" 4815
"D:/UEProjects/MO57/Content/UltraDynamicSky/Materials/Cloud_Fog_PostProcess.uasset" 4816
"D:/UEProjects/MO57/Content/UltraDynamicSky/Materials/Cloud_Fog_PostProcess.uexp" 4817
"D:/UEProjects/MO57/Content/UltraDynamicSky/Materials/Weather/Post_Process_Wind_Fog.uasset" 4818
"D:/UEProjects/MO57/Content/UltraDynamicSky/Materials/Weather/Post_Process_Wind_Fog.uexp" 4819
"D:/UEProjects/MO57/Content/UltraDynamicSky/Sound/Rain/LightRain_1.uasset" 4820
"D:/UEProjects/MO57/Content/UltraDynamicSky/Sound/Rain/LightRain_1.uexp" 4821
"D:/UEProjects/MO57/Content/UltraDynamicSky/Sound/Rain/LightRain_2.ubulk" 4822
"D:/UEProjects/MO57/Content/UltraDynamicSky/Sound/Rain/LightRain_2.uasset" 4823
"D:/UEProjects/MO57/Content/UltraDynamicSky/Sound/Rain/LightRain_2.uexp" 4824
"D:/UEProjects/MO57/Content/UltraDynamicSky/Sound/Rain/MediumRain_1.uasset" 4825
"D:/UEProjects/MO57/Content/UltraDynamicSky/Sound/Rain/MediumRain_1.uexp" 4826
"D:/UEProjects/MO57/Content/UltraDynamicSky/Sound/Rain/MediumRain_2.uasset" 4827
"D:/UEProjects/MO57/Content/UltraDynamicSky/Sound/Rain/MediumRain_2.uexp" 4828
"D:/UEProjects/MO57/Content/UltraDynamicSky/Sound/Rain/RainHit_1.ubulk" 4829
"D:/UEProjects/MO57/Content/UltraDynamicSky/Sound/Rain/RainHit_1.uasset" 4830
"D:/UEProjects/MO57/Content/UltraDynamicSky/Sound/Rain/RainHit_1.uexp" 4831
"D:/UEProjects/MO57/Content/UltraDynamicSky/Sound/Rain/RainHit_2.ubulk" 4832
"D:/UEProjects/MO57/Content/UltraDynamicSky/Sound/Rain/RainHit_2.uasset" 4833
"D:/UEProjects/MO57/Content/UltraDynamicSky/Sound/Rain/RainHit_2.uexp" 4834
"D:/UEProjects/MO57/Content/UltraDynamicSky/Sound/Rain/RainHit_3.ubulk" 4835
"D:/UEProjects/MO57/Content/UltraDynamicSky/Sound/Rain/RainHit_3.uasset" 4836
"D:/UEProjects/MO57/Content/UltraDynamicSky/Sound/Rain/RainHit_3.uexp" 4837
"D:/UEProjects/MO57/Content/UltraDynamicSky/Sound/MetaSounds/UDS_Rain_Loop.uasset" 4838
"D:/UEProjects/MO57/Content/UltraDynamicSky/Sound/MetaSounds/UDS_Rain_Loop.uexp" 4839
"D:/UEProjects/MO57/Content/UltraDynamicSky/Sound/Wind/BrownianNoise_1.uasset" 4840
"D:/UEProjects/MO57/Content/UltraDynamicSky/Sound/Wind/BrownianNoise_1.uexp" 4841
"D:/UEProjects/MO57/Content/UltraDynamicSky/Sound/Wind/BrownianNoise_2.uasset" 4842
"D:/UEProjects/MO57/Content/UltraDynamicSky/Sound/Wind/BrownianNoise_2.uexp" 4843
"D:/UEProjects/MO57/Content/UltraDynamicSky/Sound/Wind/BrownianNoise_3.uasset" 4844
"D:/UEProjects/MO57/Content/UltraDynamicSky/Sound/Wind/BrownianNoise_3.uexp" 4845
"D:/UEProjects/MO57/Content/UltraDynamicSky/Sound/Wind/BrownianNoise_4.uasset" 4846
"D:/UEProjects/MO57/Content/UltraDynamicSky/Sound/Wind/BrownianNoise_4.uexp" 4847
"D:/UEProjects/MO57/Content/UltraDynamicSky/Sound/MetaSounds/UDS_Wind_Loop.uasset" 4848
"D:/UEProjects/MO57/Content/UltraDynamicSky/Sound/MetaSounds/UDS_Wind_Loop.uexp" 4849
"D:/UEProjects/MO57/Content/UltraDynamicSky/Sound/MetaSounds/UDS_Directional_WeatherSounds.uasset" 4850
"D:/UEProjects/MO57/Content/UltraDynamicSky/Sound/MetaSounds/UDS_Directional_WeatherSounds.uexp" 4851
"D:/UEProjects/MO57/Content/UltraDynamicSky/Sound/Close_Thunder/CloseThunder_1.ubulk" 4852
"D:/UEProjects/MO57/Content/UltraDynamicSky/Sound/Close_Thunder/CloseThunder_1.uasset" 4853
"D:/UEProjects/MO57/Content/UltraDynamicSky/Sound/Close_Thunder/CloseThunder_1.uexp" 4854
"D:/UEProjects/MO57/Content/UltraDynamicSky/Sound/Close_Thunder/CloseThunder_2.ubulk" 4855
"D:/UEProjects/MO57/Content/UltraDynamicSky/Sound/Close_Thunder/CloseThunder_2.uasset" 4856
"D:/UEProjects/MO57/Content/UltraDynamicSky/Sound/Close_Thunder/CloseThunder_2.uexp" 4857
"D:/UEProjects/MO57/Content/UltraDynamicSky/Sound/Close_Thunder/CloseThunder_3.ubulk" 4858
"D:/UEProjects/MO57/Content/UltraDynamicSky/Sound/Close_Thunder/CloseThunder_3.uasset" 4859
"D:/UEProjects/MO57/Content/UltraDynamicSky/Sound/Close_Thunder/CloseThunder_3.uexp" 4860
"D:/UEProjects/MO57/Content/UltraDynamicSky/Sound/Close_Thunder/CloseThunder_4.ubulk" 4861
"D:/UEProjects/MO57/Content/UltraDynamicSky/Sound/Close_Thunder/CloseThunder_4.uasset" 4862
"D:/UEProjects/MO57/Content/UltraDynamicSky/Sound/Close_Thunder/CloseThunder_4.uexp" 4863
"D:/UEProjects/MO57/Content/UltraDynamicSky/Sound/Close_Thunder/CloseThunder_5.ubulk" 4864
"D:/UEProjects/MO57/Content/UltraDynamicSky/Sound/Close_Thunder/CloseThunder_5.uasset" 4865
"D:/UEProjects/MO57/Content/UltraDynamicSky/Sound/Close_Thunder/CloseThunder_5.uexp" 4866
"D:/UEProjects/MO57/Content/UltraDynamicSky/Sound/Close_Thunder/CloseThunder_6.ubulk" 4867
"D:/UEProjects/MO57/Content/UltraDynamicSky/Sound/Close_Thunder/CloseThunder_6.uasset" 4868
"D:/UEProjects/MO57/Content/UltraDynamicSky/Sound/Close_Thunder/CloseThunder_6.uexp" 4869
"D:/UEProjects/MO57/Content/UltraDynamicSky/Sound/MetaSounds/UDS_Close_Thunder.uasset" 4870
"D:/UEProjects/MO57/Content/UltraDynamicSky/Sound/MetaSounds/UDS_Close_Thunder.uexp" 4871
"D:/UEProjects/MO57/Content/UltraDynamicSky/Sound/Rain/CloseRainLoop.ubulk" 4872
"D:/UEProjects/MO57/Content/UltraDynamicSky/Sound/Rain/CloseRainLoop.uasset" 4873
"D:/UEProjects/MO57/Content/UltraDynamicSky/Sound/Rain/CloseRainLoop.uexp" 4874
"D:/UEProjects/MO57/Content/UltraDynamicSky/Sound/Wind/Wind_Whistling.ubulk" 4875
"D:/UEProjects/MO57/Content/UltraDynamicSky/Sound/Wind/Wind_Whistling.uasset" 4876
"D:/UEProjects/MO57/Content/UltraDynamicSky/Sound/Wind/Wind_Whistling.uexp" 4877
"D:/UEProjects/MO57/Content/UltraDynamicSky/Sound/MetaSounds/UDS_Global_WeatherSounds.uasset" 4878
"D:/UEProjects/MO57/Content/UltraDynamicSky/Sound/MetaSounds/UDS_Global_WeatherSounds.uexp" 4879
"D:/UEProjects/MO57/Content/UltraDynamicSky/Materials/Weather/LightningFlashBloom_PP.uasset" 4880
"D:/UEProjects/MO57/Content/UltraDynamicSky/Materials/Weather/LightningFlashBloom_PP.uexp" 4881
"D:/UEProjects/MO57/Content/UltraDynamicSky/Particles/WeatherOcclusionVolumeSystem.uasset" 4882
"D:/UEProjects/MO57/Content/UltraDynamicSky/Particles/WeatherOcclusionVolumeSystem.uexp" 4883
"D:/UEProjects/MO57/Plugins/Voxel/Content/Default/DefaultVolumeLayer.uasset" 4884
"D:/UEProjects/MO57/Plugins/Voxel/Content/Default/DefaultVolumeLayer.uexp" 4885
"D:/UEProjects/MO57/Content/VoxelExamples/PCGScattering/StampScatterLayer.uasset" 4886
"D:/UEProjects/MO57/Content/VoxelExamples/PCGScattering/StampScatterLayer.uexp" 4887
"D:/UEProjects/MO57/Content/VoxelExamples/PCGScattering/ExampleStack.uasset" 4888
"D:/UEProjects/MO57/Content/VoxelExamples/PCGScattering/ExampleStack.uexp" 4889
"D:/UEProjects/MO57/Content/VoxelExamples/PCGScattering/MOPCG_StampScatter1.uasset" 4890
"D:/UEProjects/MO57/Content/VoxelExamples/PCGScattering/MOPCG_StampScatter1.uexp" 4891
"D:/UEProjects/MO57/Content/VoxelExamples/PCGScattering/VHG_Flat.uasset" 4892
"D:/UEProjects/MO57/Content/VoxelExamples/PCGScattering/VHG_Flat.uexp" 4893
"../../../Engine/Plugins/Experimental/Water/Content/Materials/WaterSurface/Water_FarMesh.uasset" 4894
"../../../Engine/Plugins/Experimental/Water/Content/Materials/WaterSurface/Water_FarMesh.uexp" 4895
"../../../Engine/Plugins/Experimental/Water/Content/Materials/HLOD/HLODWater.uasset" 4896
"../../../Engine/Plugins/Experimental/Water/Content/Materials/HLOD/HLODWater.uexp" 4897
"../../../Engine/Content/Functions/Engine_MaterialFunctions01/Volumetrics/SchlickPhase.uasset" 4898
"../../../Engine/Content/Functions/Engine_MaterialFunctions01/Volumetrics/SchlickPhase.uexp" 4899
"../../../Engine/Plugins/Experimental/Water/Content/Materials/PostProcessing/M_UnderWater_PostProcess_Volume.uasset" 4900
"../../../Engine/Plugins/Experimental/Water/Content/Materials/PostProcessing/M_UnderWater_PostProcess_Volume.uexp" 4901
"../../../Engine/Plugins/Experimental/Water/Content/Materials/PostProcessing/MI_UnderWater_PostProcess_Volume_Custom.uasset" 4902
"../../../Engine/Plugins/Experimental/Water/Content/Materials/PostProcessing/MI_UnderWater_PostProcess_Volume_Custom.uexp" 4903
"../../../Engine/Plugins/Experimental/Water/Content/Materials/WaterInfo/DrawWaterInfo.uasset" 4904
"../../../Engine/Plugins/Experimental/Water/Content/Materials/WaterInfo/DrawWaterInfo.uexp" 4905
"D:/UEProjects/MO57/Content/VoxelExamples/PCGScattering/MOPCGScattering.uexp" 4906
"D:/UEProjects/MO57/Content/VoxelExamples/PCGScattering/MOPCGScattering.umap" 4907
